IATA,국가,도시(한국어),도시(English),도시(日本語),도시(繁體),검색 별칭(CSV 도시명),공항(한국어),공항(English),공항(日本語),공항(繁體),위도,경도,시간대,인천 주간 편수,등록 여행지
"NRT","JP","도쿄","Tokyo","東京","東京","Narita","나리타 국제공항","Narita International Airport","成田国際空港","成田國際機場","35.7686","140.3887","Asia/Tokyo","576","tokyo"
"KIX","JP","오사카","Osaka","大阪","大阪","","간사이 국제공항","Kansai International Airport","関西国際空港","關西國際機場","34.4273","135.244","Asia/Tokyo","528","osaka"
"FUK","JP","후쿠오카","Fukuoka","福岡","福岡","","후쿠오카 공항","Fukuoka Airport","福岡空港","福岡機場","33.5859","130.451","Asia/Tokyo","376","fukuoka"
"HKG","HK","홍콩","Hong Kong","香港","香港","","홍콩 국제공항","Hong Kong International Airport","香港国際空港","香港國際機場","22.3118","113.9149","Asia/Hong_Kong","270","hongkong"
"TAO","CN","칭다오","Qingdao","青島","青島","Qingdao (Jiaozhou)","칭다오 류팅 국제공항","Qingdao Jiaodong International Airport","青島流亭国際空港","青島流亭國際機場","36.362","120.0882","Asia/Shanghai","264",""
"PVG","CN","상하이","Shanghai","上海","上海","Shanghai (Pudong)","상하이 푸동 국제공항","Shanghai Pudong International Airport","上海浦東国際空港","上海浦東國際機場","31.1434","121.805","Asia/Shanghai","224","shanghai"
"BKK","TH","방콕","Bangkok","バンコク","曼谷","","수완나품 국제공항","Suvarnabhumi Airport","スワンナプーム国際空港","蘇凡納布機場","13.6811","100.747","Asia/Bangkok","192","bangkok"
"DAD","VN","다낭","Da Nang","ダナン","峴港","","다낭 국제공항","Da Nang International Airport","ダナン国際空港","峴港國際機場","16.0439","108.199","Asia/Ho_Chi_Minh","182","danang"
"TPE","TW","타이베이","Taipei","台北","台北","","타이완 타오위안 국제공항","Taiwan Taoyuan International Airport","台湾桃園国際空港","臺灣桃園國際機場","25.0777","121.233","Asia/Taipei","176","taipei"
"HAN","VN","하노이","Hanoi","ハノイ","河內","Hanoi (Soc Son)","노이바이 국제공항","Noi Bai International Airport","ノイバイ国際空港","內排國際機場","21.2212","105.807","Asia/Bangkok","152","hanoi"
"SIN","SG","싱가포르","Singapore","シンガポール","新加坡","","싱가포르 창이 국제공항","Singapore Changi Airport","シンガポール・チャンギ国際空港","新加坡樟宜機場","1.3502","103.994","Asia/Singapore","148","singapore"
"CTS","JP","삿포로","Sapporo","札幌","札幌","","신치토세 공항","New Chitose Airport","新千歳空港","新千歲機場","42.7748","141.6904","Asia/Tokyo","140","sapporo"
"MNL","PH","메트로 마닐라","Metro Manila","マニラ首都圏","馬尼拉大都會","Manila (Pasay)","니노이 아키노 국제공항","Ninoy Aquino International Airport","ニノイ・アキノ国際空港","尼諾伊·阿基諾國際機場","14.5086","121.02","Asia/Manila","140",""
"SGN","VN","호찌민","Ho Chi Minh City","ホーチミン","胡志明","","떤선녓 국제공항","Tan Son Nhat International Airport","タンソンニャット国際空港","新山一國際機場","10.8188","106.652","Asia/Ho_Chi_Minh","140","hochiminh"
"CXR","VN","냐짱","Nha Trang","ニャチャン","芽莊","Nha Trang/nha Trang aiurportCam Ranh","깜라인 국제공항","Cam Ranh International Airport / Cam Ranh Air Base","カムラン国際空港","金蘭國際機場","11.9982","109.219","Asia/Ho_Chi_Minh","134","nhatrang"
"NGO","JP","나고야","Nagoya","名古屋","名古屋","Tokoname","중부국제공항 센트레어","Chubu Centrair International Airport","中部国際空港","中部國際機場","34.8584","136.805","Asia/Tokyo","120","nagoya"
"PEK","CN","베이징","Beijing","北京","北京","","베이징 서우두 국제공항","Beijing Capital International Airport","北京首都国際空港","北京首都國際機場","40.0773","116.5967","Asia/Shanghai","118","beijing"
"PQC","VN","푸꾸옥섬","Phú Quốc","フーコック島","富國島","Phu Quoc Island","즈엉동 공항","Phú Quốc International Airport","旧フーコック空港","富國機場","10.1698","103.9935","Asia/Phnom_Penh","110",""
"OKA","JP","나하","Naha","那覇","那霸","","나하 공항","Naha International Airport","那覇空港","那霸機場","26.1924","127.6398","Asia/Tokyo","98","okinawa"
"YNT","CN","옌타이","Yantai","煙台","煙臺","","옌타이 펑라이 국제공항","Yantai Penglai International Airport","煙台蓬莱国際空港","烟台蓬莱国际机场","37.6597","120.9781","Asia/Shanghai","94",""
"DLC","CN","다롄","Dalian","大連","大連","Dalian (Ganjingzi)","다롄 저우수이쯔 국제공항","Dalian Zhoushuizi International Airport","大連周水子国際空港","大連周水子國際機場","38.9657","121.5385","Asia/Shanghai","84",""
"SHE","CN","선양","Shenyang","瀋陽","瀋陽","","선양 타오셴 국제공항","Shenyang Taoxian International Airport","瀋陽桃仙国際空港","瀋陽桃仙國際機場","41.6398","123.4837","Asia/Shanghai","84",""
"TSN","CN","톈진","Tianjin","天津","天津","","톈진 빈하이 국제공항","Tianjin Binhai International Airport","天津浜海国際空港","天津濱海國際機場","39.1244","117.346","Asia/Shanghai","84",""
"YNJ","CN","옌지","Yanji","延吉","延吉","","옌지 차오양촨 공항","Yanji Chaoyangchuan Airport","延吉朝陽川空港","延吉朝陽川機場","42.8828","129.451","Asia/Shanghai","84",""
"CAN","CN","광저우","Guangzhou","広州","廣州","Guangzhou (Huadu)","광저우 바이윈 국제공항","Guangzhou Baiyun International Airport","広州白雲国際空港","廣州白雲國際機場","23.3924","113.299","Asia/Shanghai","82",""
"LAX","US","로스앤젤레스","Los Angeles","ロサンゼルス","洛杉磯","","","Los Angeles International Airport","","","33.9425","-118.408","America/Los_Angeles","74","losangeles"
"PUS","KR","부산","Busan","釜山","釜山廣域","","김해국제공항","Gimhae International Airport","金海国際空港","金海國際機場","35.1795","128.938","Asia/Seoul","72","busan"
"GUM","GU","하갓냐","Hagåtña","ハガニア","亞加納","","안토니오 비 원 팻 국제공항","Antonio B. Won Pat International Airport","グアム国際空港","安東尼奧·汪帕特國際機場","13.485","144.7973","Pacific/Guam","70","guam"
"UKB","JP","고베","Kobe","神戸","神戶","","고베 공항","Kobe Airport","神戸空港","神戶機場","34.6328","135.224","Asia/Tokyo","70",""
"SFO","US","샌프란시스코","San Francisco","サンフランシスコ","舊金山","","샌프란시스코 국제공항","San Francisco International Airport","サンフランシスコ国際空港","舊金山國際機場","37.6198","-122.3748","America/Los_Angeles","66","sanfrancisco"
"SZX","CN","선전","Shenzhen","深圳","深圳","","선전 바오안 국제공항","Shenzhen Bao'an International Airport","深圳宝安国際空港","深圳寶安國際機場","22.6395","113.8033","Asia/Shanghai","63",""
"ATL","US","애틀랜타","Atlanta","アトランタ","亞特蘭大","","하츠필드 잭슨 애틀랜타 국제공항","Hartsfield Jackson Atlanta International Airport","ハーツフィールド・ジャクソン・アトランタ国際空港","哈茨菲爾德－傑克遜亞特蘭大國際機場","33.6367","-84.4281","America/New_York","56",""
"JFK","US","뉴욕","New York City","ニューヨーク","紐約","New York","존 F. 케네디 국제공항","John F. Kennedy International Airport","ジョン・F・ケネディ国際空港","約翰·甘迺迪國際機場","40.6394","-73.7793","America/New_York","56","newyork"
"MFM","MO","마카오","Macau","マカオ","澳門","Nossa Senhora do Carmo","마카오 국제공항","Macau International Airport","マカオ国際空港","澳門國際機場","22.1496","113.592","Asia/Macau","56","macau"
"TNA","CN","지난","Jinan","済南","濟南","Jinan (Licheng)","지난 야오창 공항","Jinan Yaoqiang International Airport","済南遥墻国際空港","濟南遙牆國際機場","36.8572","117.216","Asia/Shanghai","56",""
"KUL","MY","쿠알라룸푸르","Kuala Lumpur","クアラルンプール","吉隆坡","Sepang","쿠알라룸푸르 국제공항","Kuala Lumpur International Airport","クアラルンプール国際空港","吉隆坡國際機場","2.7456","101.71","Asia/Kuala_Lumpur","55","kualalumpur"
"CGK","ID","자카르타","Jakarta","ジャカルタ","雅加達","","수카르노 하타 국제공항","Soekarno-Hatta International Airport","スカルノ・ハッタ国際空港","蘇加諾－哈達國際機場","-6.1256","106.656","Asia/Jakarta","52",""
"XIY","CN","시안","Xi'an","西安","西安","","시안 셴양 국제공항","Xi'an Xianyang International Airport","西安咸陽国際空港","西安咸陽國際機場","34.4422","108.7624","Asia/Shanghai","52",""
"UBN","MN","울란바타르","Ulaanbaatar","ウランバートル","烏蘭巴托","","칭기즈 칸 국제공항","Ulaanbaatar Chinggis Khaan International Airport","新ウランバートル国際空港","新烏蘭巴托國際機場","47.6469","106.8198","Asia/Ulaanbaatar","51","ulaanbaatar"
"YVR","CA","밴쿠버","Vancouver","バンクーバー","溫哥華","","밴쿠버 국제공항","Vancouver International Airport","バンクーバー国際空港","溫哥華國際機場","49.1939","-123.184","America/Vancouver","50","vancouver"
"HGH","CN","항저우","Hangzhou","杭州","杭州","","항저우 샤오산 국제공항","Hangzhou Xiaoshan International Airport","杭州蕭山国際空港","杭州蕭山國際機場","30.2361","120.4289","Asia/Shanghai","48",""
"SEA","US","시애틀","Seattle","シアトル","西雅圖","","시애틀 터코마 국제공항","Seattle–Tacoma International Airport","シアトル・タコマ国際空港","西雅圖 塔科馬國際機場","47.4479","-122.3103","America/Los_Angeles","48",""
"CDG","FR","파리","Paris","パリ","巴黎","Paris (Roissy-en-France, Val-d'Oise)","파리 샤를 드 골 공항","Charles de Gaulle International Airport","パリ＝シャルル・ド・ゴール空港","巴黎夏尔·戴高乐机场","49.009","2.5541","Europe/Paris","46","paris"
"CGQ","CN","창춘","Changchun","長春","長春","","창춘 룽자 국제공항","Changchun Longjia International Airport","長春龍嘉国際空港","長春龍嘉國際機場","43.9962","125.685","Asia/Shanghai","46",""
"NKG","CN","난징","Nanjing","南京","南京","","난징 루커우 국제공항","Nanjing Lukou International Airport","南京禄口国際空港","南京祿口國際機場","31.735","118.8659","Asia/Shanghai","46",""
"SYD","AU","시드니","Sydney","シドニー","雪梨","Sydney (Mascot)","시드니 공항","Sydney Kingsford Smith International Airport","シドニー国際空港","雪梨機場","-33.9461","151.177","Australia/Sydney","45","sydney"
"CNX","TH","치앙마이","Chiang Mai","テーサバーンナコーン・チエンマイ","清邁","","치앙마이 국제공항","Chiang Mai International Airport","チェンマイ国際空港","清邁國際機場","18.7668","98.9626","Asia/Bangkok","44","chiangmai"
"CEB","PH","타클로반","Tacloban","タクロバン","獨魯萬","Cebu City/Lapu-Lapu City","막탄 세부 국제공항","Mactan Cebu International Airport","マクタン・セブ国際空港","麥克坦－宿霧國際機場","10.3093","123.9797","Asia/Manila","42","cebu"
"DPS","ID","덴파사르","Denpasar","デンパサール","丹帕沙","Kuta, Badung","응우라라이 공항","Denpasar I Gusti Ngurah Rai International Airport","ングラ・ライ国際空港","伍拉·賴國際機場","-8.7484","115.1671","Asia/Makassar","42","bali"
"HND","JP","도쿄","Tokyo","東京","東京","","도쿄 국제공항","Tokyo Haneda International Airport","東京国際空港","羽田機場","35.5497","139.787","Asia/Tokyo","42","tokyo"
"HRB","CN","하얼빈","Harbin","ハルビン","哈爾濱","","하얼빈 타이핑 국제공항","Harbin Taiping International Airport","ハルビン太平国際空港","哈爾濱太平國際機場","45.6234","126.25","Asia/Shanghai","42",""
"IST","TR","이스탄불","Istanbul","イスタンブール","伊斯坦堡","","이스탄불 공항","İstanbul Airport","イスタンブール空港","伊斯坦堡機場","41.2749","28.7321","Europe/Istanbul","42","istanbul"
"LHR","GB","런던","London","ロンドン","倫敦","","런던 히드로 공항","London Heathrow Airport","ロンドン・ヒースロー空港","希斯洛機場","51.4707","-0.4599","Europe/London","42","london"
"MYJ","JP","마쓰야마","Matsuyama","松山","松山","","마쓰야마 공항","Matsuyama Airport","松山空港","松山機場","33.8269","132.7001","Asia/Tokyo","42",""
"PKX","CN","베이징","Beijing","北京","北京","","베이징 다싱 국제공항","Beijing Daxing International Airport","北京大興国際空港","北京大興國際機場","39.5013","116.414","Asia/Shanghai","42","beijing"
"RMQ","TW","타이중","Taichung","台中","臺中","Taichung (Qingshui)","타이중 공항","Taichung International Airport / Ching Chuang Kang Air Base","台中空港","臺中清泉崗機場","24.2647","120.621","Asia/Taipei","42",""
"WEH","CN","웨이하이","Weihai","威海","威海","","웨이하이 공항","Weihai Dashuibo Airport","威海大水泊空港","威海大水泊國際機場","37.1871","122.229","Asia/Shanghai","42",""
"BKI","MY","코타키나발루","Kota Kinabalu","コタキナバル","亞庇","","코타키나발루 국제공항","Kota Kinabalu International Airport","コタキナバル国際空港","亞庇國際機場","5.9327","116.0493","Asia/Kuching","38",""
"TFU","CN","청두","Chengdu","成都","成都","Chengdu (Jianyang)","청두 톈푸 국제공항","Chengdu Tianfu International Airport","成都天府国際空港","成都天府國際機場","30.3125","104.4413","Asia/Shanghai","38",""
"CRK","PH","마닐라","Manila","マニラ","馬尼拉","Mabalacat","디오스다도 마카파갈 국제공항","Clark International Airport / Clark Air Base","クラーク国際空港","迪奧斯達多·馬卡帕加爾國際機場","15.186","120.56","Asia/Manila","36",""
"FRA","DE","프랑크푸르트암마인","Frankfurt","フランクフルト・アム・マイン","美茵河畔法蘭克福","Frankfurt am Main","프랑크푸르트 공항","Frankfurt Main Airport","フランクフルト空港","法兰克福机场","50.0267","8.5584","Europe/Berlin","36",""
"HIJ","JP","히로시마","Hiroshima","広島","廣島","","히로시마 공항","Hiroshima Airport","広島空港","廣島機場","34.4361","132.919","Asia/Tokyo","36",""
"KHH","TW","가오슝","Kaohsiung","高雄","高雄","Kaohsiung (Xiaogang)","가오슝 국제공항","Kaohsiung International Airport","高雄国際空港","高雄國際機場","22.5771","120.35","Asia/Taipei","36","kaohsiung"
"KTI","KH","프놈펜","Phnom Penh","プノンペン","金邊","","테초 국제공항","Techo International Airport","新プノンペン国際空港","德崇國際機場","11.36","104.9213","Asia/Phnom_Penh","34",""
"TAS","UZ","타슈켄트","Tashkent","タシュケント","塔什干","","타슈켄트 국제공항","Tashkent International Airport","イスラム・カリモフ・タシュケント国際空港","塔什干國際機場","41.2579","69.2812","Asia/Tashkent","31",""
"CGO","CN","정저우","Zhengzhou","鄭州","鄭州","","정저우 신정 국제공항","Zhengzhou Xinzheng International Airport","鄭州新鄭国際空港","鄭州新鄭國際機場","34.5265","113.8492","Asia/Shanghai","30",""
"HNL","US","호놀룰루","Honolulu","ホノルル","檀香山","Honolulu, Oahu","호놀룰루 국제공항","Daniel K. Inouye International Airport","ホノルル国際空港","丹尼爾·K·井上國際機場","21.3184","-157.9257","Pacific/Honolulu","30","hawaii"
"ALA","KZ","알마티","Almaty","アルマトイ","阿拉木圖","","알마티 국제공항","Almaty International Airport","アルマトイ国際空港","阿拉木圖國際機場","43.3543","77.0428","Asia/Almaty","28",""
"CKG","CN","충칭","Chongqing","重慶","重慶","","충칭 장베이 국제공항","Chongqing Jiangbei International Airport","重慶江北国際空港","重慶江北國際機場","29.7123","106.6519","Asia/Shanghai","28",""
"CSX","CN","창사","Changsha","長沙","長沙","Changsha (Changsha)","창사 황화 국제공항","Changsha Huanghua International Airport","長沙黄花国際空港","長沙黃花國際機場","28.1892","113.22","Asia/Shanghai","28",""
"DFW","US","댈러스-포트워스","Dallas-Fort Worth metroplex","ダラス・フォートワース複合都市圏","達拉斯-沃思堡都會區","Dallas-Fort Worth","댈러스 포트워스 국제공항","Dallas Fort Worth International Airport","ダラス・フォートワース国際空港","達拉斯─沃斯堡國際機場","32.8968","-97.038","America/Chicago","28",""
"EWR","US","뉴어크","Newark","ニューアーク","紐華克","","뉴어크 리버티 국제공항","Newark Liberty International Airport","ニューアーク・リバティー国際空港","紐華克自由國際機場","40.6894","-74.1705","America/New_York","28","newyork"
"FSZ","JP","시즈오카","Shizuoka","静岡","靜岡","Makinohara / Shimada","시즈오카 공항","Mount Fuji Shizuoka Airport","静岡空港","靜岡機場","34.795","138.191","Asia/Tokyo","28",""
"HKT","TH","푸껫주","Phuket","プーケット県","普吉府","","푸껫 국제공항","Phuket International Airport","プーケット国際空港","布吉國際機場","8.1133","98.3174","Asia/Bangkok","28","phuket"
"KMJ","JP","구마모토","Kumamoto","熊本","熊本","","구마모토 공항","Kumamoto Airport","熊本空港","熊本機場","32.8373","130.855","Asia/Tokyo","28",""
"TAG","PH","타그빌라란","Tagbilaran","タグビララン","塔比拉蘭","Panglao","타그빌라란 공항","Bohol-Panglao International Airport","タグビララン空港","塔比拉蘭機場","9.573","123.7701","Asia/Manila","28",""
"TAK","JP","다카마쓰","Takamatsu","高松","高松","","다카마쓰 공항","Takamatsu Airport","高松空港","高松機場","34.215","134.0155","Asia/Tokyo","28",""
"XMN","CN","샤먼","Xiamen","廈門","廈門","","샤먼 가오치 국제공항","Xiamen Gaoqi International Airport","廈門高崎国際空港","廈門高崎國際機場","24.5439","118.1275","Asia/Shanghai","28",""
"YYZ","CA","토론토","Toronto","トロント","多倫多","","토론토 피어슨 국제공항","Toronto Pearson International Airport","トロント・ピアソン国際空港","多倫多皮爾遜國際機場","43.6759","-79.6294","America/Toronto","28","toronto"
"AMS","NL","암스테르담","Amsterdam","アムステルダム","阿姆斯特丹","","스히폴 국제공항","Amsterdam Airport Schiphol","アムステルダム・スキポール空港","阿姆斯特丹史基浦機場","52.3086","4.7639","Europe/Amsterdam","26","amsterdam"
"DYG","CN","장자제","Zhangjiajie","張家界","張家界","Zhangjiajie (Yongding)","장자제 공항","Zhangjiajie Hehua International Airport","張家界荷花空港","張家界荷花國際機場","29.1047","110.4428","Asia/Shanghai","26",""
"FCO","IT","로마","Rome","ローマ","羅馬","","레오나르도 다 빈치 국제공항","Rome–Fiumicino Leonardo da Vinci International Airport","フィウミチーノ空港","罗马—菲乌米奇诺机场","41.8045","12.252","Europe/Rome","25","rome"
"VTE","LA","비엔티안","Vientiane","ヴィエンチャン","永珍","","왓따이 국제공항","Wattay International Airport","ワットタイ国際空港","瓦岱國際機場","17.9851","102.5667","Asia/Vientiane","24",""
"AUH","AE","아부다비","Abu Dhabi","アブダビ","阿布達比","","아부다비 국제공항","Zayed International Airport","ザイード国際空港","阿布達比國際機場","24.441","54.6492","Asia/Dubai","22","abudhabi"
"FOC","CN","푸저우","Fuzhou","福州","福州","Fuzhou (Changle)","푸저우 창러 국제공항","Fuzhou Changle International Airport","福州長楽国際空港","福州長樂國際機場","25.9293","119.6725","Asia/Shanghai","22",""
"IAD","US","워싱턴 D.C.","Washington, D.C.","ワシントンD.C.","華盛頓哥倫比亞特區","Dulles","워싱턴 덜레스 국제공항","Washington Dulles International Airport","ワシントン・ダレス国際空港","華盛頓杜勒斯國際機場","38.9445","-77.4558","America/New_York","22",""
"WUH","CN","우한","Wuhan","武漢","武漢","Wuhan (Huangpi)","우한 톈허 국제공항","Wuhan Tianhe International Airport","武漢天河国際空港","武漢天河國際機場","30.7748","114.2137","Asia/Shanghai","22",""
"BCN","ES","바르셀로나","Barcelona","バルセロナ","巴塞隆納","","바르셀로나 엘프라트 공항","Josep Tarradellas Barcelona-El Prat Airport","バルセロナ＝エル・プラット空港","巴塞罗那机场","41.2971","2.0785","Europe/Madrid","20","barcelona"
"DEL","IN","뉴델리","New Delhi","ニューデリー","新德里","","인디라 간디 국제공항","Indira Gandhi International Airport","インディラ・ガンディー国際空港","英迪拉·甘地國際機場","28.5556","77.0952","Asia/Kolkata","20","delhi"
"DXB","AE","두바이","Dubai","ドバイ","杜拜","","두바이 국제공항","Dubai International Airport","ドバイ国際空港","杜拜國際機場","25.2498","55.371","Asia/Dubai","20","dubai"
"WUX","CN","우시","Wuxi","無錫","無錫","","","Sunan Shuofang International Airport","蘇南碩放国際空港","無錫碩放機場","31.497","120.4304","Asia/Shanghai","20",""
"DOH","QA","도하","Doha","ドーハ","杜哈","","뉴도하 국제공항","Hamad International Airport","ハマド国際空港","哈馬德國際機場","25.2731","51.6081","Asia/Qatar","16","doha"
"KMG","CN","쿤밍","Kunming","昆明","昆明","","쿤밍 창슈이 국제공항","Kunming Changshui International Airport","昆明長水国際空港","昆明長水國際機場","25.1103","102.9367","Asia/Shanghai","16",""
"BNE","AU","브리즈번","Brisbane","ブリスベン","布里斯本","","브리즈번 공항","Brisbane International Airport","ブリスベン空港","布里斯班機場","-27.3842","153.117","Australia/Brisbane","14","brisbane"
"BOS","US","보스턴","Boston","ボストン","波士頓","","로건 국제공항","Boston Logan International Airport","ジェネラル・エドワード・ローレンス・ローガン国際空港","爱德华·劳伦斯·洛根将军国际机场","42.362","-71.0079","America/New_York","14",""
"BUD","HU","부다페스트","Budapest","ブダペスト","布達佩斯","","부다페스트 리스트 페렌츠 국제공항","Budapest Liszt Ferenc International Airport","リスト・フェレンツ国際空港","布達佩斯李斯特·費倫茨國際機場","47.4302","19.2624","Europe/Budapest","14","budapest"
"DMK","TH","방콕","Bangkok","バンコク","曼谷","","돈므앙 국제공항","Don Mueang International Airport","ドンムアン空港","廊曼國際機場","13.9126","100.607","Asia/Bangkok","14","bangkok"
"DTW","US","디트로이트","Detroit","デトロイト","底特律","","디트로이트 메트로폴리탄 웨인 카운티 공항","Detroit Metropolitan Wayne County Airport","デトロイト・メトロポリタン・ウェイン・カウンティ空港","底特律都会韦恩县机场","42.2138","-83.3538","America/Detroit","14",""
"HEL","FI","헬싱키","Helsinki","ヘルシンキ","赫爾辛基","Helsinki (Vantaa)","헬싱키 공항","Helsinki Vantaa Airport","ヘルシンキ・ヴァンター国際空港","赫爾辛基-萬塔機場","60.3184","24.9633","Europe/Helsinki","14",""
"HPH","VN","하이퐁","Haiphong","ハイフォン","海防","Haiphong (Hai An)","캇비 국제공항","Cat Bi International Airport","カットビ国際空港","吉碑國際機場","20.8174","106.7243","Asia/Bangkok","14",""
"ISG","JP","이시가키","Ishigaki","石垣","石垣","","이시가키 공항","New Ishigaki Airport","旧石垣空港","石垣機場","24.3964","124.245","Asia/Tokyo","14",""
"KIJ","JP","니가타","Niigata","新潟","新潟","","니가타 공항","Niigata Airport","新潟空港","新潟機場","37.9542","139.1122","Asia/Tokyo","14",""
"KKJ","JP","기타큐슈","Kitakyūshū","北九州","北九州","","기타큐슈 공항","Kitakyushu Airport","北九州空港","北九州機場","33.8459","131.035","Asia/Tokyo","14",""
"KLO","PH","칼리보","Kalibo","カリボ","卡利博","","칼리보 국제공항","Kalibo International Airport","カリボ国際空港","卡利博國際機場","11.6794","122.376","Asia/Manila","14","boracay"
"KMQ","JP","이시카와현","Ishikawa Prefecture","石川県","石川縣","Kanazawa","고마쓰 공항","Komatsu Airport / JASDF Komatsu Air Base","小松飛行場","小松機場","36.3934","136.4069","Asia/Tokyo","14",""
"KOJ","JP","가고시마","Kagoshima","鹿児島","鹿兒島","","가고시마 공항","Kagoshima Airport","鹿児島空港","鹿兒島機場","31.8034","130.719","Asia/Tokyo","14",""
"LAS","US","라스베이거스","Las Vegas","ラスベガス","拉斯維加斯","","매캐런 국제공항","Harry Reid International Airport","ハリー・リード国際空港","哈里·瑞德國際機場","36.0834","-115.1518","America/Los_Angeles","14","lasvegas"
"MDC","ID","마나도","Manado","マナド","美娜多","","","Sam Ratulangi International Airport","サム・ラトゥランギ国際空港","萬鴉老國際機場","1.5486","124.9262","Asia/Makassar","14",""
"MSP","US","미니애폴리스","Minneapolis","ミネアポリス","明尼亞波利斯","","","Minneapolis–Saint Paul International Airport / Wold–Chamberlain Field","","","44.8801","-93.2217","America/Chicago","14",""
"MUC","DE","뮌헨","Munich","ミュンヘン","慕尼黑","","뮌헨 국제공항","Munich Airport","ミュンヘン空港","慕尼黑機場","48.3538","11.7861","Europe/Berlin","14","munich"
"MXP","IT","밀라노","Milan","ミラノ","米蘭","Ferno (VA)","밀라노 말펜사 공항","Milan Malpensa International Airport","ミラノ・マルペンサ空港","米蘭","45.6306","8.7281","Europe/Rome","14","milan"
"ORD","US","시카고","Chicago","シカゴ","芝加哥","","오헤어 국제공항","Chicago O'Hare International Airport","シカゴ・オヘア国際空港","歐海爾國際機場","41.9786","-87.9048","America/Chicago","14",""
"PRG","CZ","프라하","Prague","プラハ","布拉格","","프라하 루지네 국제공항","Václav Havel Airport Prague","ヴァーツラフ・ハヴェル・プラハ国際空港","布拉格魯濟涅國際機場","50.1009","14.2599","Europe/Prague","14","prague"
"SHI","JP","미야코지마","Miyakojima","宮古島","宮古島","","시모지시마 공항","Shimojishima Airport","下地島空港","下地島機場","24.8267","125.145","Asia/Tokyo","14",""
"SLC","US","솔트레이크시티","Salt Lake City","ソルトレイクシティ","鹽湖城","","솔트레이크시티 국제공항","Salt Lake City International Airport","ソルトレイクシティ国際空港","鹽湖城國際機場","40.7889","-111.9799","America/Denver","14",""
"SPN","MP","사이판","Saipan","サイパン","塞班","I Fadang, Saipan","사이판 국제공항","Saipan International Airport","サイパン国際空港","塞班國際機場","15.1194","145.7288","Pacific/Saipan","14","saipan"
"SYX","CN","싼야","Sanya","三亜","三亞","Sanya (Tianya)","싼야 펑황 국제공항","Sanya Phoenix International Airport","三亜鳳凰国際空港","三亞鳳凰國際機場","18.3029","109.412","Asia/Shanghai","14",""
"TAE","KR","대구","Daegu","大邱","大邱廣域","","대구국제공항","Daegu International Airport","大邱国際空港","大邱國際機場","35.8944","128.657","Asia/Seoul","14",""
"ADD","ET","아디스아바바","Addis Ababa","アディスアベバ","阿迪斯阿貝巴","","볼레 국제공항","Addis Ababa Bole International Airport","ボレ国際空港","博莱国际机场","8.9779","38.7993","Africa/Addis_Ababa","12",""
"CPH","DK","코펜하겐","Copenhagen","コペンハーゲン","哥本哈根","","코펜하겐 공항","Copenhagen Kastrup Airport","コペンハーゲン空港","哥本哈根凱斯楚普機場","55.6179","12.656","Europe/Copenhagen","12","copenhagen"
"KWL","CN","구이린","Guilin","桂林","桂林","Guilin (Lingui)","구이린 량장 국제공항","Guilin Liangjiang International Airport","桂林両江国際空港","桂林兩江國際機場","25.2198","110.0396","Asia/Shanghai","12",""
"WAW","PL","바르샤바","Warsaw","ワルシャワ","華沙","","바르샤바 쇼팽 공항","Warsaw Chopin Airport","ワルシャワ・ショパン空港","華沙蕭邦機場","52.1657","20.9671","Europe/Warsaw","12","warsaw"
"YYC","CA","캘거리","Calgary","カルガリー","卡加利","","캘거리 국제공항","Calgary International Airport","カルガリー国際空港","卡加利國際機場","51.1188","-114.0099","America/Edmonton","12",""
"ZRH","CH","취리히","Zurich","チューリッヒ","蘇黎世","","취리히 공항","Zürich Airport","チューリッヒ空港","蘇黎世機場","47.4581","8.5481","Europe/Zurich","12","zurich"
"AOJ","JP","아오모리","Aomori","青森","青森","","아오모리 공항","Aomori Airport","青森空港","青森機場","40.7338","140.6895","Asia/Tokyo","10",""
"HFE","CN","허페이","Hefei","合肥","合肥","","허페이 신차오 국제공항","Hefei Xinqiao International Airport","合肥新橋国際空港","合肥新橋國際機場","31.9878","116.9769","Asia/Shanghai","10",""
"RGN","MM","양곤","Yangon","ヤンゴン","仰光","","양곤 국제공항","Yangon International Airport","ヤンゴン国際空港","仰光国际机场","16.9073","96.1332","Asia/Yangon","10",""
"SDJ","JP","센다이","Sendai","仙台","仙台","Natori","센다이 공항","Sendai Airport","仙台空港","仙台機場","38.1397","140.917","Asia/Tokyo","10",""
"YGJ","JP","요나고","Yonago","米子","米子","","미호 비행장","Yonago Kitaro Airport / JASDF Miho Air Base","美保飛行場","美保飛行場","35.4922","133.236","Asia/Tokyo","10",""
"CIT","KZ","쉼켄트","Shymkent","シムケント","希姆肯特","","","Shymkent International Airport","シムケント国際空港","奇姆肯特國際機場","42.365","69.4756","Asia/Almaty","8",""
"HAK","CN","하이커우","Haikou","海口","海口","Haikou (Meilan)","하이커우 메이란 국제공항","Haikou Meilan International Airport","海口美蘭国際空港","海口美蘭國際機場","19.9349","110.459","Asia/Shanghai","8",""
"HSG","JP","사가","Saga","佐賀","佐賀","","사가 공항","Kyushu Saga International Airport","佐賀空港","佐賀機場","33.1497","130.302","Asia/Tokyo","8",""
"LIS","PT","리스본","Lisbon","リスボン","里斯本","","리스본 공항","Lisbon Humberto Delgado Airport","ポルテラ空港","里斯本機場","38.7813","-9.1359","Europe/Lisbon","8","lisbon"
"MAD","ES","마드리드","Madrid","マドリード","馬德里","","마드리드 바라하스 국제공항","Adolfo Suárez Madrid–Barajas Airport","アドルフォ・スアレス・マドリード＝バラハス空港","马德里－巴拉哈斯机场","40.4934","-3.5722","Europe/Madrid","8","madrid"
"NQZ","KZ","아스타나","Astana","アスタナ","阿斯塔納","","누르술탄 나자르바예프 국제공항","Nursultan Nazarbayev International Airport","アスタナ国際空港","努爾蘇丹·納扎爾巴耶夫國際機場","51.027","71.4671","Asia/Almaty","8",""
"OIT","JP","오이타","Ōita-shi","大分","大分","Oita","오이타 공항","Oita Airport","大分空港","大分機場","33.4794","131.737","Asia/Tokyo","8","beppu"
"OKJ","JP","오카야마","Okayama","岡山","岡山","","오카야마 공항","Okayama Momotaro Airport","岡山空港","岡山機場","34.7569","133.855","Asia/Tokyo","8",""
"SJW","CN","스자좡","Shijiazhuang","石家荘","石家莊","","스자좡 정딩 국제공항","Shijiazhuang Zhengding International Airport","石家荘正定国際空港","石家莊正定國際機場","38.2807","114.697","Asia/Shanghai","8",""
"VIE","AT","빈","Vienna","ウィーン","維也納","","빈 국제공항","Vienna International Airport","ウィーン国際空港","維也納國際機場","48.1103","16.5697","Europe/Vienna","8","vienna"
"MEX","MX","멕시코시티","Mexico City","メキシコシティ","墨西哥城","","멕시코시티 국제공항","Mexico City Benito Juárez International Airport","メキシコシティ国際空港","墨西哥城貝尼托·胡亞雷斯國際機場","19.4358","-99.0703","America/Mexico_City","7","mexicocity"
"MTY","MX","몬테레이","Monterrey","モンテレイ","蒙特雷","","몬테레이 국제공항","Monterrey International Airport","モンテレイ国際空港","阿波達卡","25.7785","-100.107","America/Monterrey","7",""
"BSZ","KG","비슈케크","Bishkek","ビシュケク","比斯凱克","","마나스 국제공항","Manas International Airport","マナス国際空港","玛纳斯国际机场","43.0613","74.4776","Asia/Bishkek","6",""
"BWN","BN","브루나이","Brunei","ブルネイ","汶萊","Bandar Seri Begawan","브루나이 국제공항","Brunei International Airport","ブルネイ国際空港","汶萊國際機場","4.9442","114.928","Asia/Brunei","6",""
"KMI","JP","미야자키","Miyazaki","宮崎","宮崎","","미야자키 공항","Miyazaki Airport","宮崎空港","宮崎機場","31.8772","131.449","Asia/Tokyo","6",""
"NGS","JP","나가사키","Nagasaki","長崎","長崎","","나가사키 공항","Nagasaki Airport","長崎空港","長崎機場","32.9169","129.914","Asia/Tokyo","6",""
"TKS","JP","도쿠시마","Tokushima","徳島","德島","","도쿠시마 공항","Tokushima Awaodori Airport / JMSDF Tokushima Air Base","徳島飛行場","德島飛行場","34.1326","134.6078","Asia/Tokyo","6",""
"WNZ","CN","원저우","Wenzhou","温州","溫州","Wenzhou (Longwan)","","Wenzhou Longwan International Airport","温州竜湾国際空港","溫州龍灣國際機場","27.9106","120.8535","Asia/Shanghai","6",""
"YUL","CA","몬트리올","Montreal","モントリオール","蒙特婁","","몬트리올 피에르 엘리오트 트뤼도 국제공항","Montreal / Pierre Elliott Trudeau International Airport","モントリオール・ピエール・エリオット・トルドー国際空港","蒙特婁皮埃爾·埃利奧特·特魯多國際機場","45.4678","-73.7423","America/Toronto","6",""
"AKL","NZ","오클랜드","Auckland","オークランド","奧克蘭","","오클랜드 국제공항","Auckland International Airport","オークランド国際空港","奧克蘭機場","-37.012","174.7863","Pacific/Auckland","5","auckland"
"ASB","TM","아시가바트","Ashgabat","アシガバート","阿什哈巴特","","아시가바트 공항","Ashgabat International Airport","アシガバート空港","薩帕爾穆拉特·尼亞佐夫國際機場","37.9868","58.361","Asia/Ashgabat","4",""
"CMB","LK","콜롬보","Colombo","コロンボ","可倫坡","","반다라나이케 국제공항","Bandaranaike International Colombo Airport","バンダラナイケ国際空港","班达拉奈克国际机场","7.1808","79.8841","Asia/Colombo","4",""
"KTM","NP","카트만두","Kathmandu","カトマンズ","加德滿","","트리부반 국제공항","Tribhuvan International Airport","トリブバン国際空港","特里布万国际机场","27.6966","85.3591","Asia/Kathmandu","4","kathmandu"
"LJG","CN","리장","Lijiang","麗江","麗江","","","Lijiang Sanyi International Airport","麗江三義空港","丽江三义机场","26.6775","100.2449","Asia/Shanghai","4",""
"LYI","CN","린이","Linyi","臨沂","臨沂","Linyi (Hedong)","","Linyi Qiyang Airport","臨沂沭埠嶺空港","臨沂啟陽國際機場","35.0529","118.4118","Asia/Shanghai","4",""
"NGB","CN","닝보","Ningbo","寧波","寧波","","닝보 리서 국제공항","Ningbo Lishe International Airport","寧波櫟社国際空港","寧波櫟社國際機場","29.8267","121.462","Asia/Shanghai","4",""
"YIH","CN","이창","Yichang","宜昌","宜昌","Yichang (Xiaoting)","","Yichang Sanxia Airport","宜昌三峡空港","宜昌三峽機場","30.5541","111.4826","Asia/Shanghai","4",""
"YNZ","CN","옌청","Yancheng","塩城","鹽城","Yancheng (Tinghu)","","Yancheng Nanyang International Airport","塩城南洋空港","鹽城機場","33.4283","120.2054","Asia/Shanghai","4",""
"YTY","CN","양저우","Yangzhou","揚州","揚州","","양저우 타이저우 공항","Yangzhou Taizhou Airport","揚州泰州空港","揚州泰州機場","32.5634","119.7198","Asia/Shanghai","4",""
"JMU","CN","자무쓰시","Jiamusi","ジャムス","佳木斯","","","Jiamusi Songjiang International Airport","ジャムス東郊空港","佳木斯東郊機場","46.8428","130.4643","Asia/Shanghai","2",""
"WRO","PL","브로츠와프","Wrocław","ヴロツワフ","弗羅次瓦夫","","브로츠와프-코페르니쿠스 공항","Copernicus Wrocław Airport","ヴロツワフ空港","樂斯拉夫","51.1037","16.8821","Europe/Warsaw","2",""
"TOY","JP","도야마","Toyama","富山","富山","","도야마 공항","Toyama Kitokito Airport","富山空港","富山機場","36.6484","137.1874","Asia/Tokyo","1",""
"AAA","PF","","Anaa","","阿纳","","","Anaa Airport","アナー空港","阿納機場","-17.3526","-145.51","Pacific/Tahiti","0",""
"AAC","EG","아리","Arish","アリーシュ","阿里什","El Arish","엘 아리시 국제공항","El Arish International Airport","エル＝アリーシュ","阿里什國際機場","31.0553","33.828","Africa/Cairo","0",""
"AAE","DZ","안나바","Annaba","アンナバ","安納巴","","","Annaba Rabah Bitat Airport","ラバー・ビター空港","拉巴赫·比塔特機場","36.8268","7.8133","Africa/Algiers","0",""
"AAL","DK","올보르","Aalborg","オールボー","奧爾堡","","","Aalborg Airport","オールボー空港","奧爾堡機場","57.0948","9.8499","Europe/Copenhagen","0",""
"AAN","AE","알아인","Al Ain","アル・アイン","艾因","","","Al Ain International Airport","アルアイン国際空港","艾因國際機場","24.2617","55.6092","Asia/Dubai","0",""
"AAP","ID","사마린다","Samarinda","サマリンダ","沙馬林達","","","Aji Pangeran Tumenggung Pranoto International Airport","サマリンダ国際空港","阿吉王爵天猛公普拉諾托國際機場","-0.3745","117.2501","Asia/Makassar","0",""
"AAR","DK","오르후스","Aarhus","オーフス","奧胡斯","","","Aarhus Airport","オーフス空港","奧胡斯機場","56.3033","10.6183","Europe/Copenhagen","0",""
"AAT","CN","아러타이","Altay City","アルタイ","阿勒泰","Altay","","Altay Xuedu Airport","アルタイ雪都空港","阿勒泰机场","47.7499","88.0858","Asia/Urumqi","0",""
"AAX","BR","","Araxá","","","","","Romeu Zema Airport","アラシャ空港","阿拉沙機場","-19.5632","-46.9604","America/Sao_Paulo","0",""
"AAY","YE","","Al Ghaydah","ガイダ","蓋達 (葉門城市)","","","Al Ghaydah International Airport","ガイダ空港","蓋達機場","16.1933","52.1742","Asia/Aden","0",""
"ABA","RU","","Abakan","","","","","Abakan International Airport","アバカン国際空港","阿巴坎國際機場","53.74","91.385","Asia/Krasnoyarsk","0",""
"ABB","NG","아사바","Asaba","アサバ","阿薩巴","","","Asaba International Airport","アサバ国際空港","阿薩巴國際機場","6.2042","6.6653","Africa/Lagos","0",""
"ABD","IR","아바단","Abadan","アーバーダーン","阿巴丹","","","Abadan Ayatollah Jami International Airport","アーバーダーン空港","阿巴丹機場","30.3679","48.2301","Asia/Tehran","0",""
"ABE","US","","Lehigh Valley","リーハイ・バレー","利哈伊谷","Allentown/Bethlehem","","Lehigh Valley International Airport","リーハイ・バレー国際空港","利哈伊谷","40.6518","-75.4428","America/New_York","0",""
"ABI","US","애빌린","Abilene","アビリーン","阿比林","","","Abilene Regional Airport","アビリーン地域空港","阿比林地区机场","32.4113","-99.6819","America/Chicago","0",""
"ABJ","CI","아비장","Abidjan","アビジャン","阿必尚","","펠릭스 우푸에부아니 국제공항","Félix-Houphouët-Boigny International Airport","フェリックス・ウフエ・ボワニ国際空港","阿必尚國際機場","5.2614","-3.9263","Africa/Abidjan","0",""
"ABK","ET","","Kebri Dahar","ケブリ・デハル","克卜裏德哈爾","","","Kebri Dahar Airport","ケブリ・デハル空港","卡卜裏德爾機場","6.7326","44.2413","Africa/Addis_Ababa","0",""
"ABL","US","","Ambler","","安布勒","","","Ambler Airport","","安布勒機場","67.1055","-157.8553","America/Anchorage","0",""
"ABQ","US","앨버커키","Albuquerque","アルバカーキ","阿布奎基","","커틀랜드 공군기지","Albuquerque International Sunport","カートランド空軍基地","科特蘭空軍基地","35.04","-106.6089","America/Denver","0",""
"ABR","US","애버딘","Aberdeen","アバディーン","阿伯丁","","","Aberdeen Regional Airport","アバディーン地域空港","阿伯丁支線機場","45.4491","-98.4218","America/Chicago","0",""
"ABS","EG","아부 심벨 신전","Abu Simbel","アブ・シンベル神殿","阿布辛貝神殿","","","Abu Simbel Airport","アブ・シンベル空港","阿布辛贝机场","22.3759","31.6117","Africa/Cairo","0",""
"ABT","SA","바하","Al Bahah","バーハ","巴哈","Al-Baha","","King Saud Bin Abdulaziz (Al Baha) Airport","アル＝バーハ","巴哈國內機場","20.2985","41.6362","Asia/Riyadh","0",""
"ABV","NG","아부자","Abuja","アブジャ","阿布加","","은남디 아지키웨 국제공항","Nnamdi Azikiwe International Airport","ンナムディ・アジキウェ国際空港","纳姆迪·阿齐基韦国际机场","9.0068","7.2632","Africa/Lagos","0",""
"ABX","AU","올버리","Albury","オルベリー","奧爾伯里","East Albury","","Albury Airport","オルベリー空港","奧爾伯裏機場","-36.0668","146.9591","Australia/Sydney","0",""
"ABY","US","올버니","Albany","オールバニ","阿伯尼","","","Southwest Georgia Regional Airport","サウスウェスト・ジョージア・リージョナル空港","佐治亞西南支線機場","31.5329","-84.1962","America/New_York","0",""
"ABZ","GB","애버딘","Aberdeen","アバディーン","亞伯丁","","","Aberdeen International Airport","","","57.2019","-2.1978","Europe/London","0",""
"ACA","MX","아카풀코","Acapulco de Juárez","アカプルコ","阿卡普爾科","Acapulco","","General Juan N. Álvarez International Airport","アカプルコ国際空港","阿卡波可國際機場","16.7571","-99.7531","America/Mexico_City","0",""
"ACC","GH","아크라","Accra","アクラ","阿克拉","","코토카 국제공항","Kotoka International Airport","コトカ国際空港","科托卡国际机场","5.6052","-0.1668","Africa/Accra","0",""
"ACE","ES","","San Bartolomé","サン・バルトロメ","圣巴托洛梅","","란사로테 공항","César Manrique-Lanzarote Airport","ランサローテ空港","蘭薩羅特塞薩爾·曼里克機場","28.9455","-13.6052","Atlantic/Canary","0",""
"ACH","CH","장크트갈렌","St. Gallen","ザンクト・ガレン","聖加倫","","장크트갈렌-알텐라인 공항","Sankt Gallen Altenrhein Airport","ザンクト・ガレン＝アルテンハイン空港","聖加倫-阿爾滕海恩機場","47.485","9.5608","Europe/Zurich","0",""
"ACI","GG","올더니섬","Saint Anne","オルダニー島","奧爾德尼島","","","Alderney Airport","オルダニー空港","奧爾德尼機場","49.7061","-2.2147","Europe/Guernsey","0",""
"ACK","US","","Nantucket","","","","","Nantucket Memorial Airport","ナンタケット記念空港","南塔克特紀念機場","41.2531","-70.0602","America/New_York","0",""
"ACT","US","웨이코","Waco","ウェーコ","韋科","","","Waco Regional Airport","ウェーコ地域空港","韋科支線機場","31.6113","-97.2305","America/Chicago","0",""
"ACV","US","험볼트군","Humboldt County","ハンボルト郡","洪堡縣","Arcata/Eureka","","California Redwood Coast-Humboldt County Airport","アーケータ＝ユーレカ空港","阿克塔","40.9781","-124.109","America/Los_Angeles","0",""
"ACX","CN","싱이","Xingyi","興義","興義","","","Xingyi Wanfenglin Airport","興義空港","興義機場","25.0834","104.9608","Asia/Shanghai","0",""
"ACY","US","애틀랜틱시티","Atlantic City","アトランティック・シティ","大西洋城","","애틀랜틱시티 국제공항","Atlantic City International Airport","アトランティックシティ国際空港","大西洋城國際機場","39.4562","-74.5775","America/New_York","0",""
"ADB","TR","이즈미르","İzmir","イズミル","伊茲密爾","Gaziemir","이즈미르 아드난 멘데레스 공항","Adnan Menderes International Airport","アドナン・メンデレス空港","伊茲密爾","38.2924","27.157","Europe/Istanbul","0",""
"ADE","YE","아덴","Aden","アデン","亞丁","","아덴 국제공항","Aden International Airport","アデン国際空港","亞丁國際機場","12.8296","45.03","Asia/Aden","0",""
"ADF","TR","아디야만","Adıyaman","アドゥヤマン","阿德亞曼","","","Adıyaman Airport","アドゥヤマン空港","阿德亞曼機場","37.7314","38.4689","Europe/Istanbul","0",""
"ADJ","JO","암만","Amman","アンマン","安曼","","","Marka International (Amman Civil) Airport","アンマン民間空港","马尔卡国际机场","31.9727","35.9916","Asia/Amman","0",""
"ADK","US","에이댁섬","Adak Island","アダック島","埃達克島","Adak","","Adak Airport","アダク飛行場","埃達克機場","51.8836","-176.6428","America/Adak","0",""
"ADL","AU","애들레이드","Adelaide","アデレード","阿得雷德","","애들레이드 공항","Adelaide International Airport","アデレード空港","阿德萊德機場","-34.9475","138.5334","Australia/Adelaide","0",""
"ADQ","US","코디액","Kodiak","コディアック","科迪亚克","","","Kodiak Airport","コディアック空港","科迪亞克機場","57.75","-152.494","America/Anchorage","0",""
"ADU","IR","아르다빌","Ardabil","アルダビール","阿爾達比勒","","","Ardabil Airport","アルダビール空港","阿爾達比勒機場","38.3257","48.4244","Asia/Tehran","0",""
"ADZ","CO","산안드레스","San Andrés","サン・アンドレス (サン・アンドレス・イ・プロビデンシア県)","聖安德烈斯","","","Gustavo Rojas Pinilla International Airport","グスタボ・ロハス・ピニージャ国際空港","古斯塔沃·羅哈斯·皮尼利亞國際機場","12.5836","-81.7112","America/Bogota","0",""
"AEB","CN","바이써","Baise","百色","百色","Baise (Tianyang)","","Baise (Bose) Bama Airport","百色巴馬空港","百色巴馬機場","23.7206","106.96","Asia/Shanghai","0",""
"AEP","AR","부에노스아이레스","Buenos Aires","ブエノスアイレス","布宜諾斯艾利斯","","호르헤 뉴베리 공항","Aeroparque Jorge Newbery","ホルヘ・ニューベリー空港","豪爾赫·紐伯里機場","-34.5594","-58.4155","America/Argentina/Buenos_Aires","0",""
"AER","RU","소치","Sochi","ソチ","索契","","소치 국제공항","Sochi International Airport","ソチ国際空港","索契國際機場","43.4499","39.9566","Europe/Moscow","0",""
"AES","NO","올레순","Ålesund Municipality","オーレスン","奧勒孫","Ålesund","","Ålesund Airport","オーレスン・ヴィグラ空港","奧勒鬆機場","62.5604","6.1108","Europe/Oslo","0",""
"AEU","IR","","Abu Musa","","","","","Abu Musa Island Airport","","","25.8757","55.033","Asia/Tehran","0",""
"AEX","US","알렉산드리아","Alexandria","アレクサンドリア","亞歷山德里亞","","","Alexandria International Airport","アレクサンドリア国際空港 (ルイジアナ州)","亞歷山德里亞國際機場 (路易斯安那州)","31.3258","-92.5467","America/Chicago","0",""
"AEY","IS","아쿠레이리","Akureyri","アークレイリ","阿克雷里","","","Akureyri International Airport","アークレイリ空港","阿克雷里機場","65.6566","-18.072","Atlantic/Reykjavik","0",""
"AFA","AR","샌 라파엘","San Rafael","サン・ラファエル","聖拉斐爾","","","Suboficial Ay Santiago Germano Airport","サン・ラファエル空港 (アルゼンチン)","聖拉斐爾機場 (阿根廷)","-34.5883","-68.4039","America/Argentina/Mendoza","0",""
"AFL","BR","","Alta Floresta","アウタ・フロレスタ","上弗洛雷斯塔","","","Piloto Osvaldo Marques Dias Airport","アルタ・フローレスタ空港","上弗洛雷斯塔機場","-9.8664","-56.1063","America/Cuiaba","0",""
"AFZ","IR","사파즈바르","Sabzevar","サブゼヴァール","薩卜澤瓦爾","","","Sabzevar National Airport","","","36.1681","57.5952","Asia/Tehran","0",""
"AGA","MA","아가디르","Agadir","アガディール","阿加迪爾","Agadir (Temsia)","","Al Massira Airport","アガディール＝アル・マシーラ空港","阿加迪爾","30.3225","-9.412","Africa/Casablanca","0",""
"AGH","SE","엥엘홀름","Ängelholm","エンゲルホルム","恩厄爾霍爾姆","","","Ängelholm-Helsingborg Airport","エンゲルホルム・ヘルシンボリ空港","恩厄尔霍尔姆－赫尔辛堡机场","56.2961","12.8471","Europe/Stockholm","0",""
"AGP","ES","","Málaga","","","","말라가 코스타델솔 공항","Málaga-Costa del Sol Airport","マラガ＝コスタ・デル・ソル空港","Málaga（AGP）","36.6749","-4.4991","Europe/Madrid","0",""
"AGR","IN","","Agra","","","","","Agra Airport / Agra Air Force Station","アーグラ空港","阿格拉機場","27.158","77.961","Asia/Kolkata","0",""
"AGS","US","오거스타","Augusta","オーガスタ","奧古斯塔","","","Augusta Regional At Bush Field","オーガスタ地域空港","奧古斯塔區域機場","33.3699","-81.9645","America/New_York","0",""
"AGT","PY","시우다드델에스테","Ciudad del Este","シウダー・デル・エステ","東方","","","Guaraní International Airport","シウダー・デル・エステ空港","瓜拉尼國際機場","-25.4572","-54.8395","America/Asuncion","0",""
"AGU","MX","아과스칼리엔테스","Aguascalientes City","アグアスカリエンテス","阿瓜斯卡連特斯","Aguascalientes","","Aguascalientes International Airport","アグアスカリエンテス国際空港","阿瓜斯卡連特斯","21.6996","-102.3184","America/Mexico_City","0",""
"AGX","IN","락샤드위프 제도","Lakshadweep","ラクシャディープ諸島","拉克沙群島","Agatti","","Agatti Airport","","","10.8237","72.176","Asia/Kolkata","0",""
"AHA","IN","","Ambikapur","","","","","Maa Mahamaya Airport","","","22.9875","83.1961","Asia/Kolkata","0",""
"AHB","SA","아브하","Abha","アブハ","艾卜哈","","","Abha International Airport","アブハー地方空港","艾卜哈地區機場","18.2404","42.6566","Asia/Riyadh","0",""
"AHE","PF","","Ahe","アヘ環礁","阿亥环礁","Ahe Atoll","","Ahe Airport","アヘ空港","阿亥机场","-14.4281","-146.257","Pacific/Tahiti","0",""
"AHO","IT","알게로","Alghero","アルゲーロ","阿爾蓋羅","","","Alghero-Fertilia Airport","アルゲーロ・フェルティリア空港","阿爾蓋羅","40.6321","8.2908","Europe/Rome","0",""
"AHU","MA","알호세이마","Al Hoceima","アル・ホセイマ","胡塞馬","","","Cherif Al Idrissi Airport","シャリフ・アル・イドリシ空港","謝里夫·伊德里斯西機場","35.1771","-3.8395","Africa/Casablanca","0",""
"AIA","US","얼라이언스","Alliance","アライアンス","阿萊恩斯","","","Alliance Municipal Airport","アライアンス市営空港","阿萊恩斯市立機場","42.0525","-102.804","America/Denver","0",""
"AIN","US","","Wainwright","ウェインライト","温赖特","","","Wainwright Airport","","","70.638","-159.995","America/Anchorage","0",""
"AJA","FR","아작시오","Ajaccio","アジャクシオ","阿雅克肖","","","Ajaccio Napoléon Bonaparte airport","","","41.9236","8.8029","Europe/Paris","0",""
"AJF","SA","사카카","Sakakah","サカーカ","塞卡凱","Al-Jawf","","Al-Jawf International Airport","ジャウフ","焦夫省國內機場","29.7833","40.1009","Asia/Riyadh","0",""
"AJI","TR","아리","Ağrı","アール","阿勒","","","Ağrı Airport","アール空港","阿勒機場","39.6556","43.0257","Europe/Istanbul","0",""
"AJL","IN","아이졸","Aizawl","アイゾール","艾藻爾","Aizawl (Lengpui)","렝푸이 공항","Lengpui Airport","レングプイ空港","倫格普伊機場","23.8406","92.6197","Asia/Kolkata","0",""
"AJN","KM","","Ouani","ワニ","欧阿尼","","","Ouani Airport","アニー空港","昂儒昂機場","-12.131","44.43","Indian/Comoro","0",""
"AJR","SE","아르비드샤우르","Arvidsjaur Municipality","アーヴィズヤール自治体","阿爾維斯堯爾市鎮","Arvidsjaur","","Arvidsjaur Airport","アーヴィズヤール空港","阿尔维斯尧尔机场","65.5903","19.2819","Europe/Stockholm","0",""
"AJU","BR","아라카주","Aracaju","アラカジュ","阿拉卡茹","","","Aracaju - Santa Maria Airport","サンタマリア空港","聖瑪利亞機場","-10.9839","-37.0729","America/Maceio","0",""
"AKF","LY","쿠프라","Kufra","クフラ","庫夫拉","","","Kufra Airport","クフラ空港","庫夫拉機場","24.1787","23.314","Africa/Tripoli","0",""
"AKJ","JP","아사히카와","Asahikawa","旭川","旭川","Higashikagura","아사히카와 공항","Asahikawa Airport","旭川空港","旭川機場","43.6708","142.447","Asia/Tokyo","0",""
"AKN","US","","King Salmon","キングサーモン","鮭魚王","","","King Salmon Airport","キングサーモン空港","鮭魚王機場","58.6778","-156.652","America/Anchorage","0",""
"AKP","US","","Anaktuvuk Pass","","阿纳克图沃克帕斯","","","Anaktuvuk Pass Airport","","阿納克圖沃克帕斯機場","68.1336","-151.743","America/Anchorage","0",""
"AKR","NG","아쿠레","Akure","アクレ (ナイジェリア)","阿庫雷","","","Akure Airport","アクレ空港","阿庫雷機場","7.2467","5.301","Africa/Lagos","0",""
"AKU","CN","아커쑤","Aksu","アクス","阿克苏","Aksu (Onsu)","","Aksu Hongqipo Airport","アクス空港","阿克蘇機場","41.2625","80.2917","Asia/Urumqi","0",""
"AKX","KZ","악퇴베","Aktobe","アクトベ","阿克托別","","","Aktobe International Airport","アクトベ空港","阿克托比","50.2481","57.2041","Asia/Aqtobe","0",""
"AKY","MM","","Sittwe","","","","","Sittwe Airport","シットウェ空港","實兌機場","20.1332","92.8707","Asia/Yangon","0",""
"ALB","US","올버니","Albany","オールバニ","奧爾巴尼","","올버니 국제공항","Albany International Airport","オールバニ国際空港","奧爾巴尼國際機場","42.7483","-73.8017","America/New_York","0",""
"ALC","ES","알리칸테","Alicante","アリカンテ","阿利坎特","","알리칸테 엘체 공항","Alicante-Elche Miguel Hernández Airport","アリカンテ＝エルチェ空港","阿利坎特","38.2822","-0.5582","Europe/Madrid","0",""
"ALF","NO","알타","Alta","アルタ","阿爾塔","","","Alta Airport","アルタ空港","阿爾塔機場","69.9761","23.3717","Europe/Oslo","0",""
"ALG","DZ","알제","Algiers","アルジェ","阿爾及爾","","우아리 부메디엔 공항","Houari Boumediene Airport","ウアリ・ブーメディアン空港","阿爾及爾胡阿里·布邁丁機場","36.6939","3.2145","Africa/Algiers","0",""
"ALH","AU","올버니","Albany","オールバニ (西オーストラリア州)","奧班尼","","","Albany Airport","アルバニー空港 (オーストラリア)","奧爾巴尼機場 (西澳洲)","-34.9433","117.8089","Australia/Perth","0",""
"ALO","US","워털루","Waterloo","ウォータールー","滑鐵盧","","","Waterloo Regional Airport","ウォータールー地方空港","滑鐵盧支線機場","42.5571","-92.4003","America/Chicago","0",""
"ALP","SY","알레포","Aleppo","アレッポ","阿勒坡","","알레포 국제공항","Aleppo International Airport","アレッポ国際空港","阿勒頗國際機場","36.1813","37.2269","Asia/Damascus","0",""
"ALS","US","알라모사","Alamosa","アラモーサ","阿拉莫薩","","","San Luis Valley Regional Airport/Bergman Field","San Luis Valley地域空港","聖路易斯谷地區機場","37.4349","-105.867","America/Denver","0",""
"ALW","US","왈라왈라","Walla Walla","ワラ・ワラ","瓦拉瓦拉","","","Walla Walla Regional Airport","ワラワラ空港","瓦拉瓦拉支線機場","46.0949","-118.288","America/Los_Angeles","0",""
"AMA","US","애머릴로","Amarillo","アマリロ","阿馬里洛","","","Rick Husband Amarillo International Airport","リック・ハズバンド・アマリロ国際空港","裏克·赫斯本德-阿馬裏洛國際機場","35.2179","-101.7064","America/Chicago","0",""
"AMD","IN","아마다바드","Ahmedabad","アフマダーバード","亞美達巴德","","사다르 발라바이 파텔 국제공항","Sardar Vallabh Patel International Airport","アフマダーバード空港","萨达尔·瓦拉巴伊·帕特尔国际机场","23.0772","72.6347","Asia/Kolkata","0",""
"AMH","ET","아브라 민흐","Arba Minch","アルバミンチ","阿爾巴門奇","","","Arba Minch Airport","アルバミンチ空港","阿爾巴門奇機場","6.0394","37.5905","Africa/Addis_Ababa","0",""
"AMM","JO","암만","Amman","アンマン","安曼","","퀸 알리아 국제공항","Queen Alia International Airport","クィーンアリア国際空港","阿勒婭王后國際機場","31.7226","35.9932","Asia/Amman","0",""
"AMQ","ID","암본","Ambon","アンボン","安汶","","","Pattimura International Airport","パティムラ空港","Pattimura機場","-3.7103","128.089","Asia/Jayapura","0",""
"AMV","RU","","Amderma","アンジェルマ","阿姆傑爾馬","","","Amderma Airport","アンジェルマ空港","阿姆傑爾馬機場","69.7637","61.5567","Europe/Moscow","0",""
"ANC","US","앵커리지","Anchorage","アンカレッジ","安克拉治","","앵커리지 공항","Ted Stevens Anchorage International Airport","テッド・スティーブンス・アンカレッジ国際空港","泰德·史蒂文斯安克雷奇國際機場","61.179","-149.9926","America/Anchorage","0",""
"ANF","CL","안토파가스타","Antofagasta","アントファガスタ","安托法加斯塔","","","Andrés Sabella Gálvez International Airport","セロ・モレノ国際空港","Cerro Moreno國際機場","-23.4453","-70.4452","America/Santiago","0",""
"ANI","US","","Aniak","","阿尼亚克","","","Aniak Airport","アニアック空港","阿尼亞克機場","61.5816","-159.543","America/Anchorage","0",""
"ANR","BE","안트베르펜","Antwerp","アントウェルペン","安特衛普","","앤트워프 국제공항","Antwerp International Airport (Deurne)","アントウェルペン国際空港","安特衛普國際機場","51.1907","4.4632","Europe/Brussels","0",""
"ANU","AG","세인트존스","Osbourn","セイント・ジョンズ","聖約翰斯","","","V. C. Bird International Airport","VCバード国際空港","維爾伯德國際機場","17.1367","-61.7927","America/Antigua","0",""
"ANV","US","","Anvik","","","","","Anvik Airport","アンビク空港","安維克機場","62.6467","-160.191","America/Anchorage","0",""
"ANX","NO","","Andenes","アンデネス","安德內斯","","","Andøya Airport, Andenes","アンドーヤ空港","安德於機場 (安德內斯)","69.2952","16.1394","Europe/Oslo","0",""
"AOE","TR","에스키셰히르","Eskişehir","エスキシェヒル","埃斯基謝希爾","","","Hasan Polatkan Airport","アナドル空港","哈桑·波拉特坎机场","39.8116","30.5193","Europe/Istanbul","0",""
"AOG","CN","안산","Anshan","鞍山","鞍山","","","Anshan Teng'ao Airport / Anshan Air Base","鞍山騰鰲空港","鞍山騰鰲機場","41.1053","122.854","Asia/Shanghai","0",""
"AOI","IT","안코나","Ancona","アンコーナ","安科納","Falconara Marittima (AN)","","Marche Airport","アンコーナ","安科納－法爾科納拉機場","43.6163","13.3623","Europe/Rome","0",""
"AOK","GR","","Karpathos Municipality","","卡尔帕索斯","Karpathos Island","","Karpathos Airport","カルパトス国立空港","卡尔帕索斯国家机场","35.4214","27.146","Europe/Athens","0",""
"AOO","US","앨투나","Altoona","アルトゥーナ","阿爾圖納","","","Altoona Blair County Airport","アルトゥーナ＝ブレア郡空港","阿爾圖納","40.2964","-78.32","America/New_York","0",""
"AOR","MY","크다주","Kedah","ケダ州","吉打","Alor Satar","","Sultan Abdul Halim Airport","スルタン・アブドゥ・ハリム空港","蘇丹阿都哈林機場","6.1897","100.398","Asia/Kuala_Lumpur","0",""
"APL","MZ","남풀라","Nampula","ナンプラ","楠普拉","","","Nampula Airport","ナンプラ空港","楠普拉機場","-15.1056","39.2818","Africa/Maputo","0",""
"APN","US","앨피너","Alpena","アルピーナ","阿爾皮納","","","Alpena County Regional Airport","Alpena County地域空港","阿爾皮納縣支線機場","45.0781","-83.5603","America/Detroit","0",""
"APO","CO","","Apartadó","アンティオキア県","阿帕爾塔多","Carepa","","Antonio Roldán Betancur Airport","アントニオ・ロルダン・ベタンコウル空港","安東尼奧·勞丹·貝滕各爾特機場","7.812","-76.7164","America/Bogota","0",""
"APW","WS","아피아","Apia","アピア","阿皮亞","","팔레올로 국제공항","Faleolo International Airport","ファレオロ国際空港","法萊奧洛國際機場","-13.83","-172.008","Pacific/Apia","0",""
"AQA","BR","아라라쿠아라","Araraquara","アララクアラ","阿拉拉夸拉","","","Araraquara Airport","アララクアラ空港","阿拉拉誇拉機場","-21.812","-48.133","America/Sao_Paulo","0",""
"AQG","CN","안칭","Anqing","安慶","安慶","","","Anqing Tianzhushan Airport / Anqing North Air Base","安慶天柱山空港","天柱山機場","30.5822","117.05","Asia/Shanghai","0",""
"AQI","SA","","Qaisumah","カイスーマ","盖苏迈","","","Qaisumah–Hafar Al-Batin International Airport","クアイサマー","阿勒吉蘇馬/哈費爾巴廷機場","28.3357","46.1271","Asia/Riyadh","0",""
"AQJ","JO","아카바","Aqaba","アカバ","亞喀巴","","","King Hussein International Airport","アカバ空港","侯赛因国王国际机场","29.6116","35.0181","Asia/Amman","0",""
"AQP","PE","아레키파","Arequipa","アレキパ","阿雷基帕","","","Rodríguez Ballón International Airport","ロドリゲス・バイヨン国際空港","羅德里格斯·巴隆國際機場","-16.3408","-71.5695","America/Lima","0",""
"ARC","US","","Arctic Village","アークティック・ビレッジ","北極村","","","Arctic Village Airport","アークティック・ビレッジ空港","北極村機場","68.1147","-145.579","America/Anchorage","0",""
"ARH","RU","아르한겔스크","Arkhangelsk","アルハンゲリスク","阿爾漢格爾斯克","Archangelsk","","Talagi Airport","タラギ空港","塔拉吉機場","64.6003","40.7167","Europe/Moscow","0",""
"ARI","CL","아리카","Arica","アリカ","阿里卡","","","Chacalluta International Airport","チャカユタ空港","Chacalluta國際機場","-18.3485","-70.3387","America/Santiago","0",""
"ARK","TZ","아루샤","Arusha","アルーシャ","阿鲁沙","","","Arusha Airport","アルーシャ","阿魯沙機場","-3.3678","36.6333","Africa/Dar_es_Salaam","0",""
"ARM","AU","아미데일","Armidale","アーミデイル","阿米代爾","","","Armidale Airport","アーミデイル空港","阿米代尔地区机场","-30.5281","151.617","Australia/Sydney","0",""
"ARN","SE","스톡홀름","Stockholm","ストックホルム","斯德哥爾摩","","스톡홀름 알란다 공항","Stockholm-Arlanda Airport","ストックホルム・アーランダ空港","斯德哥爾摩－阿蘭達機場","59.6485","17.9288","Europe/Stockholm","0",""
"ART","US","워터타운","Watertown","ウォータータウン","沃特敦","","","Watertown International Airport","ウォータータウン国際空港","水鎮國際機場","43.9919","-76.0217","America/New_York","0",""
"ARU","BR","아라사투바","Araçatuba","アラサトゥバ","阿拉薩圖巴","","","Araçatuba Airport","アラサトゥバ","阿拉薩圖巴機場","-21.1415","-50.4246","America/Sao_Paulo","0",""
"ARW","RO","아라드","Arad","アラド","阿拉德","","","Arad International Airport","アラド国際空港","阿拉德國際機場","46.1761","21.2643","Europe/Bucharest","0",""
"ASD","BS","","Andros Town","アンドロス・タウン","安德羅斯鎮","","","Andros Town Airport","アンドロス・タウン空港","安德羅斯鎮國際機場","24.6979","-77.7956","America/Nassau","0",""
"ASE","US","애스펀","Aspen","アスペン","阿斯彭","","","Aspen-Pitkin County Airport (Sardy Field)","アスペン空港","阿斯彭-皮特金縣機場","39.2232","-106.869","America/Denver","0",""
"ASF","RU","아스트라한","Astrakhan","アストラハン","阿斯特拉罕","","","Astrakhan Narimanovo Boris M. Kustodiev International Airport","ナリマノーヴォ空港","納裏曼諾沃機場","46.2828","48.0105","Europe/Astrakhan","0",""
"ASI","SH","조지타운","Georgetown","ジョージタウン","喬治敦","Cat Hill","","RAF Ascension Island","アセンション島空軍基地","阿森松島機場","-7.9702","-14.3927","Atlantic/St_Helena","0",""
"ASJ","JP","아마미","Amami","奄美","奄美","","아마미 공항","Amami Airport","奄美空港","奄美機場","28.4306","129.713","Asia/Tokyo","0",""
"ASM","ER","아스마라","Asmara","アスマラ","阿斯馬拉","","아스마라 국제공항","Asmara International Airport","アスマラ国際空港","阿斯馬拉國際機場","15.2919","38.9107","Africa/Asmara","0",""
"ASO","ET","아소사","Asosa","アソサ","阿索萨","","","Asosa Airport","アソサ空港","阿索薩機場","10.0185","34.5863","Africa/Addis_Ababa","0",""
"ASP","AU","앨리스스프링스","Alice Springs","アリススプリングス","愛麗斯泉","","앨리스 스프링스 공항","Alice Springs Airport","アリススプリングス空港","愛麗斯泉機場","-23.8066","133.9034","Australia/Darwin","0",""
"ASR","TR","카이세리","Kayseri","カイセリ","開塞利","","에르킬레트 공항","Kayseri Erkilet International Airport","エルキレット国際空港","埃爾基萊特國際機場","38.7704","35.4954","Europe/Istanbul","0",""
"ASU","PY","아순시온","Asunción","アスンシオン","亞松森","","실비오 페티로시 국제공항","Silvio Pettirossi International Airport","シルビオ・ペッティロッシ国際空港","西爾維奧·佩蒂羅西國際機場","-25.2402","-57.5192","America/Asuncion","0",""
"ASV","KE","","Ol Tukai","","","","","Amboseli Airport","アンボセリ空港","安博塞利機場","-2.6448","37.2529","Africa/Nairobi","0",""
"ASW","EG","아스완","Aswan","アスワン","阿斯旺","","","Aswan International Airport","アスワン国際空港","阿斯旺國際機場","23.9611","32.8204","Africa/Cairo","0",""
"ATC","BS","","Arthur's Town","","","","","Arthur's Town Airport","アーサーズ・タウン空港","阿瑟鎮機場","24.6294","-75.6738","America/Nassau","0",""
"ATH","GR","아테네","Athens","アテネ","雅典","Spata-Artemida","아테네 국제공항","Athens Eleftherios Venizelos International Airport","アテネ国際空港","雅典埃萊夫塞里奧斯·韋尼澤洛斯國際機場","37.9364","23.9445","Europe/Athens","0",""
"ATK","US","","Atqasuk","","阿特卡苏克","","","Atqasuk Edward Burnell Sr Memorial Airport","","艾特跨薩克老愛德華·布納爾紀念機場","70.467","-157.436","America/Anchorage","0",""
"ATM","BR","알타미라","Altamira","アルタミラ","阿爾塔米拉","","","Altamira Interstate Airport","アルタミラ空港","阿爾塔米拉機場","-3.2531","-52.2539","America/Belem","0",""
"ATQ","IN","암리차르","Amritsar","アムリトサル","阿姆利則","","스리 구루 람 다스 지 국제공항","Sri Guru Ram Das Ji International Airport","アムリトサル国際空港","阿姆利則國際機場","31.7096","74.7973","Asia/Kolkata","0",""
"ATW","US","애플턴","Appleton","アップルトン","阿普爾頓","","","Appleton International Airport","アップルトン国際空港","阿普爾頓國際機場","44.2585","-88.519","America/Chicago","0",""
"ATY","US","워터타운","Watertown","ウォータータウン","沃特敦","","워터타운 지역공항","Watertown Regional Airport","ウォータータウン地域空港","沃特敦支線機場","44.914","-97.1547","America/Chicago","0",""
"ATZ","EG","아시우트","Asyut","アシュート","艾斯尤特","","","Asyut International Airport","アスユート空港","艾斯尤特国际机场","27.046","31.0128","Africa/Cairo","0",""
"AUA","AW","오라녜스타트","Oranjestad","オラニエスタッド","奧臘涅斯塔德","","퀸 베아트릭스 국제공항","Queen Beatrix International Airport","クィーン・ベアトリクス国際空港","貝婭特麗克絲女王國際機場","12.5011","-70.0143","America/Aruba","0",""
"AUC","CO","아라우카 (도시)","Arauca","アラウカ","阿劳卡","","","Santiago Perez Airport","サンティアゴ・ペレス空港","聖地牙哥Pérez Quiroz機場","7.0689","-70.7369","America/Bogota","0",""
"AUG","US","오거스타","Augusta","オーガスタ","奥古斯塔","","","Augusta State Airport","オーガスタ州空港","奧古斯塔州立機場","44.3206","-69.7973","America/New_York","0",""
"AUQ","PF","","Atuona","アツオナ","阿圖奧納","Hiva Oa Island","","Hiva Oa-Atuona Airport","アツオナ空港","阿圖奧納機場","-9.7688","-139.011","Pacific/Marquesas","0",""
"AUR","FR","오리야크","Aurillac","オーリヤック","歐里亞克","","","Aurillac airport","オーリヤック・トロンキレ空港","歐裏亞克","44.8914","2.4219","Europe/Paris","0",""
"AUS","US","오스틴","Austin","オースティン","奧斯汀","","오스틴 버그스트롬 국제공항","Austin Bergstrom International Airport","オースチン・バーグストロム国際空港","奥斯汀-伯格斯特龙国际机场","30.1975","-97.662","America/Chicago","0",""
"AUX","BR","아라구아이나","Araguaína","アラグアイーナ","阿拉瓜伊納","","","Araguaína Airport","アラグァイーナ空港","阿拉瓜伊納機場","-7.2279","-48.2405","America/Araguaina","0",""
"AVA","CN","안순","Anshun","安順","安順","Anshun (Xixiu)","","Anshun Huangguoshu Airport","安順黄果樹空港","黄果树机场","26.2606","105.8733","Asia/Shanghai","0",""
"AVK","MN","","Arvaikheer","","","","","Arvaikheer Airport","アルバイヘール空港","阿爾拜赫雷機場","46.2503","102.802","Asia/Ulaanbaatar","0",""
"AVL","US","애슈빌","Asheville","アシュヴィル","阿什維爾","","","Asheville Regional Airport","アシュビル地域空港","阿什維爾","35.4355","-82.5419","America/New_York","0",""
"AVN","FR","아비뇽","Avignon","アヴィニョン","亞維儂","","","Avignon Caumont airport","アヴィニョン＝コーモン空港","阿維尼翁-普羅旺斯機場","43.9073","4.9018","Europe/Paris","0",""
"AVP","US","윌크스바","Wilkes-Barre","ウィルクスバリ","威爾克斯-巴里","Wilkes-Barre/Scranton","","Wilkes-Barre/Scranton International Airport","ウィルクス＝バレ・スクラントン国際空港","威爾克斯-巴里/斯克蘭頓國際機場","41.3371","-75.7242","America/New_York","0",""
"AVR","IN","암라바티","Amravati","アムラーワティー","阿姆勞蒂","","","Amravati  Airport","","","20.8146","77.7178","Asia/Kolkata","0",""
"AVV","AU","멜버른","Melbourne","メルボルン","墨爾本","Geelong/Melbourne","아발론 공항","Melbourne Avalon International Airport","アバロン空港","爱华隆机场","-38.0403","144.4672","Australia/Melbourne","0",""
"AWA","ET","아와사","Hawaasa","アワッサ","阿瓦薩","Hawassa","","Hawassa International Airport","アワサ空港","阿瓦薩機場","7.1006","38.3965","Africa/Addis_Ababa","0",""
"AWK","UM","","Wake Island","","","","","Wake Island Airfield","ウェーク島飛行場","威克島飛行場","19.2824","166.6366","Pacific/Wake","0",""
"AWZ","IR","아바즈","Ahvaz","アフヴァーズ","阿瓦士","","","Qasem Soleimani International Airport","アフヴァーズ空港","阿瓦士機場","31.3364","48.7638","Asia/Tehran","0",""
"AXA","AI","더밸리","The Valley","バレー","瓦利","","","Clayton J. Lloyd International Airport","クレイトン・J・ロイド国際空港","Clayton J. Lloyd國際機場","18.2048","-63.0538","America/Anguilla","0",""
"AXD","GR","알렉산드루폴리","Alexandroupolis","アレクサンドルーポリ","亞歷山德魯波利斯","","","Alexandroupoli Democritus Airport","アレクサンドルーポリ国際空港","亞歷山德魯波利斯德謨克利特國際機場","40.8559","25.9563","Europe/Athens","0",""
"AXF","CN","아라산맹","Alxa League","アルシャー盟","阿拉善盟","Bayanhot","아라산 좌기 바옌하오터 공항","Alxa Left Banner Bayanhot Airport","アルシャー左旗バヤンホト空港","阿拉善左旗巴彦浩特机场","38.7483","105.5842","Asia/Shanghai","0",""
"AXJ","JP","아마쿠사","Amakusa","天草","天草","","아마쿠사 비행장","Amakusa Airport","天草飛行場","天草飛行場","32.4825","130.159","Asia/Tokyo","0",""
"AXM","CO","아르메니아","Armenia","アルメニア","亞美尼亞城","","","El Eden Airport","エル・エデン国際空港","埃爾埃登國際機場","4.4528","-75.7664","America/Bogota","0",""
"AXP","BS","","Spring Point","","","","","Spring Point Airport","スプリング・ポイント空港","斯普林波因特機場","22.4418","-73.9709","America/Nassau","0",""
"AXR","PF","","Arutua","","阿鲁图阿","","","Arutua Airport","アルトゥア空港","阿魯圖阿機場","-15.2483","-146.617","Pacific/Tahiti","0",""
"AXT","JP","아키타","Akita","秋田","秋田","","아키타 공항","Akita Airport","秋田空港","秋田機場","39.6156","140.219","Asia/Tokyo","0",""
"AXU","ET","","Axum","","","","","Axum Airport","アクスム空港","阿克蘇姆機場","14.1468","38.7728","Africa/Addis_Ababa","0",""
"AYJ","IN","아요디아","Ayodhya","アヨーディヤー","阿約提亞","Faizabad","","Maharshi Valmiki International Airport","ファイザーバード空港","马哈里希瓦尔米基国际机场","26.7477","82.1637","Asia/Kolkata","0",""
"AYP","PE","아야쿠초","Ayacucho","アヤクーチョ","阿亞庫喬","","","Air Force Colonel Alfredo Mendivil Duarte Airport","コロネル・FAP・アルフレード・メンディビル・ドゥアルテ国際空港","Coronel FAP Alfredo Mendívil Duarte機場","-13.1548","-74.2044","America/Lima","0",""
"AYQ","AU","","Yulara","ユーラーラ","尤拉拉","","","Ayers Rock Connellan Airport","エアーズロック空港","艾爾斯巖機場","-25.1859","130.977","Australia/Darwin","0",""
"AYT","TR","안탈리아","Antalya","アンタルヤ","安塔利亞","","안탈리아 공항","Antalya International Airport","アンタルヤ空港","安塔利亞機場","36.8987","30.8005","Europe/Istanbul","0",""
"AZA","US","메사","Mesa","メサ","梅薩","","","Mesa Gateway Airport","Williams Gateway 空港","gateway airport","33.3078","-111.655","America/Phoenix","0",""
"AZD","IR","야즈드","Yazd","ヤズド","亞茲德","","","Shahid Sadooghi Airport","シャヒード・サードゥーギー空港","什伊德斯道格伊機場","31.9049","54.2765","Asia/Tehran","0",""
"AZN","UZ","안디잔","Andijan","アンディジャン","安集延","","","Andijan International Airport","アンディジャン空港","安集延機場","40.7277","72.294","Asia/Tashkent","0",""
"AZO","US","캘러머주","Kalamazoo","カラマズー","卡拉馬祖","","","Kalamazoo/Battle Creek International Airport","カラマズー/バトルクリーク国際空港","卡拉馬祖/巴特爾克里克國際機場","42.2321","-85.5496","America/Detroit","0",""
"AZR","DZ","아드라르","Adrar","アドラール","阿德拉爾","","","Touat-Cheikh Sidi Mohamed Belkebir Airport","トゥア - シュイック・シディ・モアメ・ベルクビール空港","Touat-Cheikh Sidi Mohamed Belkebir機場","27.8376","-0.1864","Africa/Algiers","0",""
"AZS","DO","사마나","Samaná","サマナ","聖塔芭芭拉-山美納","","","Samaná El Catey International Airport","サマナ・エル・カーテイ国際空港","山美納","19.2693","-69.7374","America/Santo_Domingo","0",""
"BAH","BH","마나마","Manama","マナーマ","麥納瑪","","바레인 국제공항","Bahrain International Airport","バーレーン国際空港","巴林国际机场","26.2673","50.6376","Asia/Tehran","0",""
"BAL","TR","바트만","Batman","バトマン","巴特曼","","바트만 공항","Batman Airport","バトマン空港","巴特曼機場","37.929","41.1166","Europe/Istanbul","0",""
"BAQ","CO","바랑키야","Barranquilla","バランキージャ","巴蘭幾亞","","","Ernesto Cortissoz International Airport","エルネスト・コルティソス国際空港","巴蘭幾亞國際機場","10.8896","-74.7808","America/Bogota","0",""
"BAR","CN","충하이","Qionghai","瓊海","瓊海","Qionghai (Basuo)","","Qionghai Bo'ao Airport","瓊海博鰲空港","琼海博鳌机场","19.141","110.4528","Asia/Shanghai","0",""
"BAV","CN","바오터우","Baotou","包頭","包頭","","","Baotou Donghe International Airport","包頭東河空港","包頭東河國際機場","40.56","109.997","Asia/Shanghai","0",""
"BAX","RU","바르나울","Barnaul","バルナウル","巴爾瑙爾","","","Barnaul Gherman Titov International Airport","バルナウル国際空港","巴爾瑙爾機場","53.3613","83.5397","Asia/Barnaul","0",""
"BAY","RO","바이아마레","Baia Mare","バヤ・マレ","巴亞馬雷","Tăuții-Măgherăuș","","Maramureș International Airport","Baia Mare 空港","马拉穆列什国际机场","47.6584","23.4644","Europe/Bucharest","0",""
"BBA","CL","코이아이케","Coyhaique","コイハイケ","科伊艾克","Balmaceda","","Balmaceda Airport","バルマセダ空港","巴爾馬塞達機場","-45.916","-71.6895","America/Argentina/Catamarca","0",""
"BBI","IN","부바네스와르","Bhubaneswar","ブヴァネーシュヴァル","布巴內什瓦爾","","","Biju Patnaik International Airport","ビジュー・パトナイク国際空港","布巴內什瓦爾國際機場","20.251","85.8147","Asia/Kolkata","0",""
"BBK","BW","카사네","Kasane","カサネ","卡薩內","","","Kasane International Airport","カサネ空港","卡薩內機場","-17.8317","25.1662","Africa/Gaborone","0",""
"BBM","KH","바탐방","Battambang","バタンバン","馬德望","","","Battambang Airport","バタンバン空港","馬德望機場","13.0956","103.224","Asia/Phnom_Penh","0",""
"BBN","MY","","Bario","","巴里奥","","","Bario Airport","","峇里奧機場","3.7346","115.4785","Asia/Makassar","0",""
"BBO","SO","베르베라","Berbera","ベルベラ","柏培拉","","","Berbera Airport","ベルベラ空港","柏培拉機場","10.385","44.9367","Africa/Mogadishu","0",""
"BBQ","AG","코드링턴","Codrington","コドリントン","科德灵顿","","","Burton-Nibbs International Airport","バーブーダ・コドリントン空港","科德林頓機場","17.6212","-61.7983","America/Antigua","0",""
"BBU","RO","부쿠레슈티","Bucharest","ブカレスト","布加勒斯特","","아우렐블라이쿠 국제공항","Bucharest Băneasa Aurel Vlaicu International Airport","アウレル・ヴライク国際空港","布加勒斯特伯尼亞薩－奧雷爾·弗拉伊庫國際機場","44.5031","26.1029","Europe/Bucharest","0",""
"BCA","CU","바라코아","Baracoa","バラコア","巴拉科阿","","","Gustavo Rizo Airport","グスタボ・リゾ空港","Gustavo Rizo機場","20.3653","-74.5062","America/Havana","0",""
"BCD","PH","바콜로드","Bacolod City","バコロド","巴科洛德","","바콜로드 실라이 국제공항","Bacolod-Silay International Airport","バコロド＝シライ国際空港","描戈律錫萊國際機場","10.7762","123.0189","Asia/Manila","0",""
"BCH","TL","바우카우","Baucau","バウカウ","包考","","","Baucau Airport","バウカウ空港","包考機場","-8.4865","126.4","Asia/Dili","0",""
"BCI","AU","","Barcaldine","","","","","Barcaldine Airport","バーカルディン空港","巴卡爾丁機場","-23.5663","145.3021","Australia/Brisbane","0",""
"BCM","RO","바커우","Bacău","バカウ","巴克烏","","","Bacău George Enescu International  Airport","バカウ","巴克烏國際機場","46.5219","26.9103","Europe/Bucharest","0",""
"BCO","ET","","Jinka","ジンカ","金卡","","","Jinka Airport","バコ空港","金卡機場","5.7497","36.5602","Africa/Addis_Ababa","0",""
"BCU","NG","바우치","Bauchi","バウチ","包奇","","","Sir Abubakar Tafawa Balewa Bauchi State International Airport","バウチ州空港","","10.4828","9.744","Africa/Lagos","0",""
"BDA","BM","해밀턴","Hamilton","ハミルトン","漢密爾頓","","L.F. 웨이드 국제공항","L.F. Wade International Airport","バミューダ国際空港","百慕達國際機場","32.3638","-64.6782","Atlantic/Bermuda","0",""
"BDB","AU","분다버그","Bundaberg","バンダバーグ","班德堡","","","Bundaberg Airport","バンダバーグ空港","班德堡機場","-24.905","152.3226","Australia/Brisbane","0",""
"BDH","IR","","Bandar Lengeh","バンダレ・レンゲ","倫格港","","","Bandar Lengeh International Airport","バンダレ・レンゲ空港","倫格港機場","26.5323","54.8248","Asia/Tehran","0",""
"BDJ","ID","반자르바루","Banjarbaru","バンジャルバル","邦加巴魯","","","Syamsudin Noor International Airport","シャムスディン・ノール空港","沙姆斯丁努爾國際機場","-3.4401","114.7612","Asia/Makassar","0",""
"BDL","US","하트퍼드","Hartford","ハートフォード","哈特福","","브래들리 국제공항","Bradley International Airport","ブラッドレー国際空港","布拉德利國際機場","41.9386","-72.688","America/New_York","0",""
"BDO","ID","반둥","Bandung","バンドン","萬隆","","","Husein Sastranegara International Airport","フセイン・サストラネガラ空港","萬隆國際機場","-6.9006","107.576","Asia/Jakarta","0",""
"BDQ","IN","바도다라","Vadodara","ヴァドーダラー","瓦多達拉","","","Vadodara International Airport","ヴァドーダラー空港","巴羅達機場","22.3362","73.2263","Asia/Kolkata","0",""
"BDS","IT","브린디시","Brindisi","ブリンディジ","布林迪西","","","Brindisi Airport","ブリンディジ空港","布林迪西/卡薩萊機場","40.6576","17.947","Europe/Rome","0",""
"BDT","CD","","Gbadolite","","","","","Gbadolite Airport","バドリテ空港","戈巴多萊機場","4.2527","20.9753","Africa/Bangui","0",""
"BDU","NO","","Målselv","マルセルヴ","莫爾塞爾夫","","","Bardufoss Airport","バルドゥフォス空港","Bardufoss機場","69.0558","18.5404","Europe/Oslo","0",""
"BEB","GB","","Benbecula","ベンベキュラ島","本貝丘拉島","Balivanich","","Benbecula Airport","ベンベキュラ空港","外赫布里底群島本貝丘拉（BEB）","57.4811","-7.3628","Europe/London","0",""
"BED","US","","Bedford","","","","","Laurence G Hanscom Field","","漢斯科姆菲爾德","42.47","-71.289","America/New_York","0",""
"BEF","NI","","Bluefields","","","","","Bluefields Airport","ブルーフィールズ空港","布盧菲爾茲機場","11.991","-83.7741","America/Managua","0",""
"BEG","RS","베오그라드","Belgrade","ベオグラード","貝爾格勒","","베오그라드 국제공항","Belgrade Nikola Tesla Airport","ベオグラード・ニコラ・テスラ空港","貝爾格勒國際機場","44.8184","20.3091","Europe/Belgrade","0",""
"BEJ","ID","","Tanjung Redeb","タンジュン・レデップ","丹戎勒德布","Tanjung Redeb - Borneo Island","","Kalimarau Airport","","Kalimarau機場","2.1478","117.4307","Asia/Makassar","0",""
"BEK","IN","","Bareilly","","","","","Bareilly Air Force Station","バレーリー空港","巴雷利機場","28.4221","79.4508","Asia/Kolkata","0",""
"BEL","BR","벨렝","Belém","ベレン","貝倫","","","Val de Cans/Júlio Cezar Ribeiro International Airport","ヴァウ・デ・カンス国際空港","瓦爾代罐國際機場","-1.3793","-48.4762","America/Belem","0",""
"BEM","MA","베니멜랄","Beni Mellal","ベニ・メラル","貝尼邁拉勒","Oulad Yaich","","Beni Mellal Airport","ベニ・メラル空港","貝尼邁拉勒機場","32.4019","-6.3159","Africa/Casablanca","0",""
"BEN","LY","","Benina","ベニナ","","","","Benina International Airport","ベニナ空港","贝尼纳国际机场","32.0968","20.2695","Africa/Tripoli","0",""
"BER","DE","베를린","Berlin","ベルリン","柏林","","베를린 브란덴부르크 공항","Berlin Brandenburg Airport","ベルリン・ブランデンブルク国際空港","柏林布蘭登堡機場","52.3617","13.5023","Europe/Berlin","0",""
"BES","FR","브레스트","Brest","ブレスト","布雷斯特","","브레스트 브르타뉴 공항","Brest Bretagne airport","ブレスト･ブルターニュ空港","布雷斯特-布列塔尼機場","48.4479","-4.4185","Europe/Paris","0",""
"BET","US","베설","Bethel","ベセル","伯特利","","","Bethel Airport","ベセル空港","伯特利機場","60.7798","-161.838","America/Nome","0",""
"BEU","AU","","Bedourie","","","","","Bedourie Airport","ベドーリー空港","貝杜里機場","-24.3461","139.46","Australia/Brisbane","0",""
"BEW","MZ","베이라","Beira","ベイラ","貝拉","","","Beira International Airport","ベイラ国際空港","貝拉機場","-19.7964","34.9076","Africa/Maputo","0",""
"BEY","LB","베이루트","Beirut","ベイルート","貝魯特","","베이루트 라픽 국제공항","Beirut Rafic Hariri International Airport","ラフィク・ハリリ国際空港","贝鲁特－拉菲克·哈里里国际机场","33.8198","35.4874","Asia/Beirut","0",""
"BFD","US","브래드퍼드","Bradford","ブラッドフォード","佈雷德福","","","Bradford Regional Airport","Bradford地域空港","布拉德福德支線機場","41.8031","-78.6401","America/New_York","0",""
"BFF","US","스콧블러프","Scottsbluff","スコッツブラフ","斯科茨布拉夫","","","Western Neb. Rgnl/William B. Heilig Airport","ネブラスカ西部地方空港","","41.874","-103.596","America/Denver","0",""
"BFI","US","시애틀","Seattle","シアトル","西雅圖","","","King County International Airport - Boeing Field","キング郡国際空港","西雅圖-波音","47.527","-122.2999","America/Los_Angeles","0",""
"BFJ","CN","비제 지구","Bijie","畢節","畢節","","","Bijie Feixiong Airport","畢節飛雄空港","畢節飛雄機場","27.2671","105.4721","Asia/Shanghai","0",""
"BFL","US","베이커즈필드","Bakersfield","ベーカーズフィールド","貝克斯菲爾德","","","Meadows Field","","貝克斯菲爾德","35.4336","-119.057","America/Los_Angeles","0",""
"BFN","ZA","블룸폰테인","Bloemfontein","ブルームフォンテーン","布隆方丹","","블룸폰테인 국제공항","Bram Fischer International Airport","ブルームフォンテーン国際空港","布隆泉機場","-29.0927","26.3024","Africa/Johannesburg","0",""
"BFS","GB","벨파스트","Belfast","ベルファスト","貝爾法斯特","","","Belfast International Airport","","","54.6575","-6.2158","Europe/London","0",""
"BFV","TH","부리람","Buri Ram","ブリーラム","武里南","","부리람 공항","Buri Ram Airport","ブリーラム空港","武裏南機場","15.2295","103.253","Asia/Bangkok","0",""
"BFY","CN","","Bengbu","","","","","Bengbu Tenghu Airport","","蚌埠滕湖機場","33.1663","117.0583","Asia/Shanghai","0",""
"BGA","CO","부카라망가","Bucaramanga","ブカラマンガ","布卡拉曼加","","","Palonegro Airport","パロネグロ国際空港","帕洛內格羅國際機場","7.1265","-73.1848","America/Bogota","0",""
"BGC","PT","브라간사","Bragança","ブラガンサ","布拉干薩","","","Bragança Airport","","布拉幹薩機場","41.8578","-6.7071","Europe/Lisbon","0",""
"BGF","CF","방기","Bangui","バンギ","班基","","방기 음포코 국제공항","Bangui M'Poko International Airport","バンギ・ムポコ国際空港","班吉－姆波科国际机场","4.3985","18.5188","Africa/Bangui","0",""
"BGG","TR","빙괼","Bingöl","ビンギョル","賓格爾","","","Bingöl Airport","ビンギョル空港","賓格爾機場","38.8601","40.5945","Europe/Istanbul","0",""
"BGI","BB","브리지타운","Bridgetown","ブリッジタウン","橋鎮","","그랜틀리 애덤스 국제공항","Grantley Adams International Airport","グラントレー・アダムス国際空港","布里奇敦國際機場","13.0747","-59.491","America/Barbados","0",""
"BGM","US","빙엄턴","Binghamton","ビンガムトン","賓漢頓","","","Greater Binghamton/Edwin A Link field","","賓漢姆頓機場","42.2087","-75.9798","America/New_York","0",""
"BGO","NO","베르겐","Bergen","ベルゲン","卑爾根","","베르겐 공항","Bergen Airport, Flesland","ベルゲン空港","卑爾根機場","60.2934","5.2181","Europe/Oslo","0",""
"BGR","US","뱅고어","Bangor","バンゴー","班戈","","뱅고어 국제공항","Bangor International Airport","バンゴー国際空港","班戈國際機場","44.8064","-68.8267","America/New_York","0",""
"BGW","IQ","","Mansour","マンスール","曼苏尔区","Baghdad","바그다드 국제공항","Baghdad International Airport / New Al Muthana Air Base","バグダード国際空港","巴格達國際機場","33.2625","44.2346","Asia/Baghdad","0",""
"BGY","IT","베르가모","Bergamo","ベルガモ","貝加莫","Orio al Serio (BG)","오리오알세리오 국제공항","Il Caravaggio International Airport","ベルガモ・オーリオ・アル・セーリオ空港","奧廖阿爾塞廖國際機場","45.6694","9.7089","Europe/Rome","0",""
"BHB","US","핸콕군","Hancock County","ハンコック郡","漢考克縣","Bar Harbor","","Hancock County-Bar Harbor Airport","","漢考克縣-巴港機場","44.45","-68.3615","America/New_York","0",""
"BHD","GB","벨파스트","Belfast","ベルファスト","貝爾法斯特","","","George Best Belfast City Airport","","","54.6181","-5.8725","Europe/London","0",""
"BHE","NZ","","Blenheim","","","","","Woodbourne Airport","ウッドボーン空港","布倫亨機場","-41.5183","173.87","Pacific/Auckland","0",""
"BHH","SA","","Bisha governorate","ビーシャ","比沙堡","Bisha","","Bisha Airport","ビーシャ","比沙堡本地機場","19.9844","42.6209","Asia/Riyadh","0",""
"BHI","AR","바이아블랑카","Bahía Blanca","バイアブランカ","布蘭卡港","","","Comandante Espora Airport","コマンダンテ・エスポラ空港","Comandante Espora機場","-38.725","-62.1693","America/Argentina/Buenos_Aires","0",""
"BHJ","IN","부지","Bhuj","ブジュ","普傑","","","Bhuj Airport","プージュ空港","普杰机场","23.2878","69.6702","Asia/Kolkata","0",""
"BHK","UZ","부하라","Bukhara","ブハラ","布哈拉","","","Bukhara International Airport","ブハラ国際空港","布哈拉國際機場","39.7753","64.4823","Asia/Samarkand","0",""
"BHM","US","버밍햄","Birmingham","バーミンガム","伯明罕","","","Birmingham-Shuttlesworth International Airport","バーミングハム国際空港","伯明翰-舒圖斯禾夫國際機場","33.5629","-86.7507","America/Chicago","0",""
"BHO","IN","보팔","Bhopal","ボーパール","博帕爾","","","Raja Bhoj International Airport","ボーパール空港","拉賈博傑機場","23.2875","77.3374","Asia/Kolkata","0",""
"BHQ","AU","브로큰힐","Broken Hill","ブロークンヒル","布羅肯希爾","","","Broken Hill Airport","ブロークン・ヒル空港","布羅肯希爾機場","-32.0014","141.472","Australia/Broken_Hill","0",""
"BHS","AU","배서스트","Bathurst","バサースト (ニューサウスウェールズ州)","巴瑟斯特","","","Bathurst Airport","バサースト空港","巴瑟斯特機場 (新南威爾士州)","-33.4068","149.6512","Australia/Sydney","0",""
"BHU","IN","바브나가르","Bhavnagar","バーヴナガル","巴夫那加爾","","","Bhavnagar Airport","バーヴナガル空港","巴夫那加爾機場","21.7522","72.1852","Asia/Kolkata","0",""
"BHV","PK","바하왈푸르","Bahawalpur","バハーワルプル","巴哈瓦爾布爾","","","Bahawalpur Airport","バハーワルプル空港","巴哈瓦爾布林機場","29.3481","71.718","Asia/Karachi","0",""
"BHX","GB","버밍엄","Birmingham","バーミンガム","伯明罕","Birmingham, West Midlands","","Birmingham Airport","","","52.4539","-1.748","Europe/London","0",""
"BHY","CN","베이하이","Beihai","北海","北海","","","Beihai Fucheng Airport","北海福成空港","北海福成機場","21.5387","109.2937","Asia/Shanghai","0",""
"BIA","FR","바스티아","Bastia","バスティア","巴斯蒂亞","","","Bastia-Poretta International airport","バスティア・ポエタ空港","巴斯蒂亞","42.5527","9.4837","Europe/Paris","0",""
"BIH","US","비숍","Bishop","ビショップ","畢曉普","","","Eastern Sierra Regional Airport","Eastern Sierra地域空港","東山支線機場","37.3731","-118.364","America/Los_Angeles","0",""
"BIK","ID","","Biak","","","","프란스 카이시에포 공항","Frans Kaisiepo Airport","フランス・カイシイエポ国際空港","Frans Kaisiepo機場","-1.19","136.108","Asia/Jayapura","0",""
"BIL","US","빌링스","Billings","ビリングス","比靈斯","","","Billings Logan International Airport","ビリングス・ローガン国際空港","比靈斯","45.8089","-108.5412","America/Denver","0",""
"BIM","BS","비미니","Bimini","ビミニ","比米尼島","South Bimini","","South Bimini Airport","サウス・ビミニ空港","南比米尼機場","25.6999","-79.2647","America/Nassau","0",""
"BIO","ES","빌바오","Bilbao","ビルバオ","畢爾包","","빌바오 공항","Bilbao Airport","ビルバオ空港","畢爾包機場","43.3011","-2.9106","Europe/Madrid","0",""
"BIQ","FR","비아리츠","Biarritz","ビアリッツ","比亞希茲","","","Biarritz Pays Basque airport","ビアリッツ＝アングレット＝バイヨンヌ空港","比亞里茨","43.4684","-1.5232","Europe/Paris","0",""
"BIR","NP","비랏나가르","Biratnagar","ビラートナガル","比拉德訥格爾","","","Biratnagar Airport","ビラートナガル空港","比拉德訥格爾機場","26.4815","87.264","Asia/Kathmandu","0",""
"BIS","US","비즈마크","Bismarck","ビスマーク","俾斯麥","","","Bismarck Municipal Airport","ビスマーク市営空港","俾斯麥市立機場","46.7727","-100.7469","America/Chicago","0",""
"BJA","DZ","베자이아","Béjaïa","ベジャイア","貝賈亞","","","Soummam–Abane Ramdane Airport","スーマム - アバーヌ・ランダーヌ空港","Soummam – Abane Ramdane機場","36.7125","5.0699","Africa/Algiers","0",""
"BJB","IR","","Bojnord","","","","","Bojnord Airport","ボジュヌールド空港","博季努爾德機場","37.493","57.3082","Asia/Tehran","0",""
"BJC","US","덴버","Denver","デンバー","丹佛","","","Rocky Mountain Metropolitan Airport","ジェフコ空港","洛基山脈大都會機場","39.9088","-105.117","America/Denver","0",""
"BJF","NO","보츠피오르","Båtsfjord Municipality","ボツフィヨール","博茨菲尤爾","Båtsfjord","","Båtsfjord Airport","ボツフィヨール空港","博茨菲尤爾機場","70.6003","29.6926","Europe/Oslo","0",""
"BJL","GM","반줄","Banjul","バンジュール","斑竹","Banjul (Yundum)","반줄 국제공항","Banjul International Airport","バンジュール国際空港","班珠爾國際機場","13.338","-16.6522","Africa/Banjul","0",""
"BJM","BI","부줌부라","Bujumbura","ブジュンブラ","布琼布拉","","부줌부라 국제공항","Bujumbura Melchior Ndadaye International Airport","ブジュンブラ国際空港","布瓊布拉國際機場","-3.324","29.3185","Africa/Bujumbura","0",""
"BJR","ET","바히르다르","Bahir Dar","バハルダール","巴赫達爾","","","Bahir Dar Airport","バハルダール空港","巴赫達爾機場","11.6081","37.3216","Africa/Addis_Ababa","0",""
"BJV","TR","보드룸","Bodrum","ボドルム","博德魯姆","","","Milas Bodrum International Airport","ミラス＝ボドルム空港","米拉斯-博德魯姆機場","37.2493","27.664","Europe/Istanbul","0",""
"BJX","MX","과나후아토주","Guanajuato","グアナフアト州","瓜納華托","Silao","바히오 국제공항","Guanajuato International Airport","グアナフアト国際空港","德爾巴喬國際機場","20.9927","-101.4803","America/Mexico_City","0",""
"BJZ","ES","바다호스","Badajoz","バダホス","巴達霍斯","","","Badajoz Airport","バダホス空港","巴達霍斯機場","38.8913","-6.8213","Europe/Madrid","0",""
"BKG","US","브랜슨 (미주리 주)","Branson","ブランソン","布蘭森","","","Branson Airport","ブランソン空港","布蘭森機場","36.5321","-93.2005","America/Chicago","0",""
"BKN","TM","","Balkanabat","","","","","Balkanabat International Airport","","","39.6811","54.206","Asia/Ashgabat","0",""
"BKO","ML","바마코","Bamako","バマコ","巴馬科","","모디보 케이타 국제공항","Modibo Keita International Airport","バマコ・セヌー国際空港","巴馬科國際機場","12.5335","-7.9499","Africa/Bamako","0",""
"BKQ","AU","","Blackall","","","","","Blackall Airport","ブラックオール空港","佈雷蔻機場","-24.4317","145.4297","Australia/Brisbane","0",""
"BKS","ID","븡쿨루","Bengkulu","ブンクル","明古魯","","","Fatmawati Soekarno Airport","ファトマワティ・スカルノ空港","法特瑪瓦蒂·蘇加諾機場","-3.8637","102.339","Asia/Jakarta","0",""
"BKW","US","베클리","Beckley","ベックリー","贝克利","Beaver","","Raleigh County Memorial Airport","","罗利县纪念机场","37.7873","-81.1242","America/New_York","0",""
"BLA","VE","바르셀로나","Barcelona","バルセロナ","巴塞羅那","","","General José Antonio Anzoategui International Airport","ヘネラル・ホセ・アントニオ・アンソアテギ国際空港","何塞·安东尼奥·安索阿特吉将军国际机场","10.1111","-64.6922","America/Caracas","0",""
"BLD","US","불더시티","Boulder City","ボールダーシティー","博爾德城","","","Boulder City Municipal Airport","Boulder City市営空港","博爾德城市立機場","35.9472","-114.8588","America/Los_Angeles","0",""
"BLE","SE","","Borlänge","","","","","Dala Airport","ボーレンゲ空港","达拉机场","60.422","15.5152","Europe/Stockholm","0",""
"BLI","US","벨링햄","Bellingham","ベリンガム","贝灵厄姆","","","Bellingham International Airport","ベリンハム空港","貝靈厄姆","48.7928","-122.538","America/Los_Angeles","0",""
"BLJ","DZ","바트나","Batna","バトナ","巴特納","","무스테파 벤 불레이드 공항","Batna Mostefa Ben Boulaid Airport","バトナ空港","Mostépha Ben Boulaid機場","35.7521","6.3086","Africa/Algiers","0",""
"BLL","DK","빌룬","Billund","ビルン","比隆","","빌룬 공항","Billund Airport","ビルン空港","比隆","55.7403","9.157","Europe/Copenhagen","0",""
"BLQ","IT","볼로냐","Bologna","ボローニャ","波隆那","","볼로냐 굴리엘모 마르코니 공항","Bologna Guglielmo Marconi Airport","ボローニャ・ボルゴ・パニゴーレ空港","波隆納機場","44.5354","11.2887","Europe/Rome","0",""
"BLR","IN","벵갈루루","Bengaluru","ベンガルール","邦加羅爾","","벵갈루루 국제공항","Kempegowda International Airport Bengaluru","ケンペゴウダ国際空港","肯佩高達國際機場","13.1979","77.7063","Asia/Kolkata","0",""
"BLV","US","벨빌","Belleville","ベルヴィル","貝爾維爾","","스콧 공군기지","Scott AFB/Midamerica Airport","スコット空軍基地","斯科特空軍基地","38.5452","-89.8352","America/Chicago","0",""
"BLZ","MW","블랜타이어","Blantyre","ブランタイヤ","布蘭太爾","","칠레카 국제공항","Chileka International Airport","チレカ国際空港","奇萊卡國際機場","-15.6772","34.9723","Africa/Blantyre","0",""
"BMA","SE","스톡홀름","Stockholm","ストックホルム","斯德哥爾摩","","스톡홀름 브롬마 국제공항","Stockholm-Bromma Airport","ストックホルム・ブロンマ空港","斯德哥尔摩布罗马机场","59.3544","17.9417","Europe/Stockholm","0",""
"BME","AU","브룸","Broome","ブルーム (西オーストラリア州)","布冧埠","","","Broome International Airport","ブルーム国際空港","布魯姆","-17.9492","122.2283","Australia/Perth","0",""
"BMI","US","블루밍턴","Bloomington","ブルーミントン","布盧明頓","Bloomington/Normal","","Central Illinois Regional Airport at Bloomington-Normal","Central Illinois地域空港","中伊利諾伊支線機場","40.4771","-88.9159","America/Chicago","0",""
"BMU","ID","비마","Bima","ビマ","比馬","","","Sultan Muhammad Salahuddin Airport","ビマ空港","蘇丹穆罕默德·薩拉胡丁機場","-8.5372","118.685","Asia/Makassar","0",""
"BMV","VN","부온마투옷","Buôn Ma Thuột","バンメトート","邦美蜀","","부온마투옷 공항","Buon Ma Thuot Airport","バンメトート空港","邦美蜀機場","12.6683","108.12","Asia/Ho_Chi_Minh","0",""
"BMW","DZ","","Bordj Badji Mokhtar","ボルジュ・モックタール","巴吉穆赫塔尔堡","","","Bordj Badji Mokhtar Airport","ボルジュ・モックタール空港","Bordj Mokhtar機場","21.3778","0.927","Africa/Algiers","0",""
"BNA","US","내슈빌","Nashville","ナッシュヴィル","納許維爾","","내슈빌 국제공항","Nashville International Airport","ナッシュビル国際空港","纳什维尔国际机场","36.1245","-86.6782","America/Chicago","0",""
"BND","IR","반다르아바스","Bandar Abbas","バンダレ・アッバース","阿巴斯港","","","Bandar Abbas International Airport","バンダレ・アッバース国際空港","阿巴斯港國際機場","27.2183","56.3778","Asia/Tehran","0",""
"BNI","NG","베닌시티","Benin City","ベニンシティ","貝南城","Benin","","Benin Airport","ベニン空港","貝南機場","6.317","5.5995","Africa/Lagos","0",""
"BNK","AU","","Ballina","バリーナ","巴利納 (新南威爾士州)","","바닐라 바이론 공항","Ballina Byron Gateway Airport","バリナ・バイロン・ゲートウェイ空港","巴利納機場","-28.8332","153.5615","Australia/Sydney","0",""
"BNN","NO","","Brønnøysund","ブロンノイスン","布伦讷于松","Brønnøy","Brønnøysund 공항, Brønnøy","Brønnøysund Airport, Brønnøy","ブロンノイスン空港","布伦讷于松机场","65.4611","12.2175","Europe/Oslo","0",""
"BNS","VE","바리나스","Barinas","バリナス","巴里納斯","","","Barinas Airport","バリナス空港","巴里納斯機場","8.615","-70.2142","America/Caracas","0",""
"BNX","BA","바냐루카","Banja Luka","バニャ・ルカ","巴尼亞盧卡","Mahovljani","바냐루카 국제공항","Banja Luka International Airport","バニャ・ルカ国際空港","巴尼亞盧卡國際機場","44.9414","17.2975","Europe/Sarajevo","0",""
"BOB","PF","보라보라섬","Bora Bora","ボラボラ島","博拉博拉島","Motu Mute","보라보라 공항","Bora Bora Airport","ボラボラ空港","博拉博拉島機場","-16.4444","-151.751","Pacific/Tahiti","0",""
"BOC","PA","","Isla Colón","","","","","Bocas del Toro ""Isla Colón"" International Airport","","","9.3408","-82.2508","America/Panama","0",""
"BOD","FR","보르도","Bordeaux","ボルドー","波爾多","","보르도 메리냐크 공항","Bordeaux–Mérignac Airport","ボルドー・メリニャック空港","波爾多","44.8287","-0.7154","Europe/Paris","0",""
"BOG","CO","보고타","Bogotá","ボゴタ","波哥大","","엘도라도 국제공항","El Dorado International Airport","エルドラド国際空港","埃尔多拉多国际机场","4.7016","-74.1469","America/Bogota","0",""
"BOH","GB","본머스","Bournemouth","ボーンマス","伯恩茅斯","","본머스 공항","Bournemouth Airport","ボーンマス","伯恩茅斯機場","50.7805","-1.8396","Europe/London","0",""
"BOI","US","보이","Boise","ボイシ","波夕","","보이시 공항","Boise Air Terminal/Gowen Field","ボイシ空港","博伊西機場","43.5644","-116.223","America/Boise","0",""
"BOJ","BG","부르가스","Burgas","ブルガス","布爾加斯","","부르가스 공항","Burgas Airport","ブルガス国際空港","布林加斯機場","42.5699","27.5152","Europe/Sofia","0",""
"BOM","IN","뭄바이","Mumbai","ムンバイ","孟買","","차트라파티 시바지 국제공항","Chhatrapati Shivaji Maharaj International Airport","チャットラパティー・シヴァージー国際空港","贾特拉帕蒂·希瓦吉国际机场","19.0887","72.8679","Asia/Kolkata","0",""
"BON","BQ","보네르섬","Bonaire","ボネール島","波奈","Kralendijk","플라밍고 국제공항","Flamingo International Airport","フラミンゴ空港","佛林明哥國際機場","12.131","-68.2685","America/Caracas","0",""
"BOO","NO","보되","Bodø","ボードー","博德","","","Bodø Airport","ボードー空港","博德機場","67.2692","14.3653","Europe/Oslo","0",""
"BOR","LA","","Golden Triangle Special Economic Zone","ゴールデントライアングル経済特別区","金三角經濟特區","Ton Phueng","","Bokeo International Airport","ボケオ国際空港","博胶国际机场","20.324","100.1654","Asia/Bangkok","0",""
"BOY","BF","보보디울라소","Bobo-Dioulasso","ボボ・ディウラッソ","博博迪烏拉索","","보보디울라소 공항","Bobo Dioulasso Airport","ボボ・ディウラッソ空港","博博迪烏拉索機場","11.1601","-4.331","Africa/Ouagadougou","0",""
"BPE","CN","","Qinhuangdao (Changli)","","","","","Qinhuangdao Beidaihe Airport","秦皇島北戴河空港","秦皇島北戴河機場","39.6664","119.0614","Asia/Shanghai","0",""
"BPL","CN","","Bole","","","","","Bole Alashankou Airport","ボルタラ阿拉山口空港","阿拉山口機場","44.8955","82.3001","Asia/Urumqi","0",""
"BPN","ID","발릭파판","Balikpapan","バリクパパン","峇里巴板","","","Sultan Aji Muhammad Sulaiman Sepinggan International Airport","セピンガン国際空港","蘇丹阿吉·穆罕默德·蘇萊曼·瑟賓甘國際機場","-1.2683","116.8945","Asia/Makassar","0",""
"BPS","BR","포르투세구루","Porto Seguro","ポルト・セグーロ","塞古羅港","","","Porto Seguro International Airport","ポルト・セグーロ","塞古羅港機場","-16.4384","-39.0806","America/Bahia","0",""
"BPT","US","보몬트","Beaumont","ボーモント","博蒙特","Beaumont/Port Arthur","","Jack Brooks Regional Airport","Southeast Texas地域空港","傑克·布魯克斯區域機場","29.9508","-94.0207","America/Chicago","0",""
"BPX","CN","창두 지구","Chamdo","チャムド","昌都","Bangda","창두 방다 공항","Qamdo Bangda Airport","チャムド・バンダ空港","昌都邦達機場","30.5536","97.1083","Asia/Shanghai","0",""
"BPY","MG","","Besalampy","ベサランピ","貝薩蘭皮","","","Besalampy Airport","ベサランピ空港","貝薩蘭皮機場","-16.7445","44.4825","Indian/Antananarivo","0",""
"BQK","US","브런즈윅","Brunswick","ブランズウィック","不倫瑞克","","","Brunswick Golden Isles Airport","","","31.2588","-81.4665","America/New_York","0",""
"BQL","AU","","","","","","","Boulia Airport","ブーリア空港","Boulia機場","-22.9133","139.9","Australia/Brisbane","0",""
"BQN","PR","아과디야","Aguadilla","アグアディヤ (プエルトリコ)","阿瓜迪亚","","","Rafael Hernández International Airport","ラファエル・エルナンデス空港","阿瓜迪亞","18.4949","-67.1294","America/Puerto_Rico","0",""
"BQS","RU","블라고베셴스크","Blagoveshchensk","ブラゴヴェシチェンスク","海蘭泡","Blagoveschensk","이그나티예보 공항","Ignatyevo Airport","イグナチェヴォ空港","伊格納耶沃機場","50.4267","127.4155","Asia/Yakutsk","0",""
"BQT","BY","","Brest","","","","브레스트 공항","Brest International Airport","ブレスト空港","布列斯特機場","52.1081","23.8968","Europe/Minsk","0",""
"BQU","VC","베키아섬","Bequia","ベキア島","貝基亞島","","","J F Mitchell Airport","ベキア空港","J. F. Mitchell機場","12.9884","-61.262","America/Grenada","0",""
"BRC","AR","산카를로스데바릴로체","Bariloche","サン・カルロス・デ・バリローチェ","圣卡洛斯-德巴里洛切","San Carlos de Bariloche","","Teniente Luis Candelaria International Airport","サン・カルロス・デ・バリローチェ空港","聖卡洛斯-德巴里洛切機場","-41.1512","-71.1575","America/Argentina/Salta","0",""
"BRD","US","","Brainerd","","","","","Brainerd Lakes Regional Airport","Brainerd Lakes地域空港","佈雷納德湖支線機場","46.4029","-94.1297","America/Chicago","0",""
"BRE","DE","브레멘","Bremen","ブレーメン","布萊梅","","브레멘 공항","Bremen Airport","ブレーメン空港","不萊梅機場","53.0468","8.7893","Europe/Berlin","0",""
"BRI","IT","바리","Bari","バーリ","巴里","","바리-카롤 보이티와 공항","Bari Karol Wojtyła International Airport","バーリ空港","巴里","41.1389","16.7606","Europe/Rome","0",""
"BRK","AU","","","","","","","Bourke Airport","","Bourke機場","-30.0392","145.952","Australia/Sydney","0",""
"BRL","US","벌링턴","Burlington","バーリントン","伯灵顿","","","Southeast Iowa Regional Airport","Southeast Iowa地域空港","艾奧瓦州東南地區機場","40.7832","-91.1255","America/Chicago","0",""
"BRM","VE","바르키시메토","Barquisimeto","バルキシメト","巴基西梅托","","","Jacinto Lara International Airport","ハシント・ララ国際空港","哈辛托·拉拉国际机场","10.0427","-69.3586","America/Caracas","0",""
"BRN","CH","베른","Bern","ベルン","伯恩","","베른 공항","Bern Airport","ベルン空港","伯爾尼－貝爾普機場","46.9127","7.4988","Europe/Zurich","0",""
"BRO","US","브라운즈빌","Brownsville","ブラウンズヴィル","布朗斯維爾","","","Brownsville South Padre Island International Airport","Brownsville/South Padre Island国際空港","布朗斯維爾/南帕德雷島國際機場","25.9072","-97.4252","America/Chicago","0",""
"BRQ","CZ","브르노","Brno","ブルノ","布爾諾","","브르노-트루자니 공항","Brno-Tuřany Airport","ブルノ・トゥジャニ空港","布林諾Tuřany機場","49.1513","16.694","Europe/Prague","0",""
"BRR","GB","바라섬","Barra","バラ島","巴拉岛","Eoligarry","바라 공항 (영국)","Barra Airport","バラ空港","巴拉機場","57.0228","-7.4431","Europe/London","0",""
"BRS","GB","브리스틀","Bristol","ブリストル","布里斯托","","","Bristol Airport","","","51.3823","-2.7165","Europe/London","0",""
"BRU","BE","브뤼셀","Brussels","ブリュッセル","布魯塞爾","Zaventem","브뤼셀 공항","Brussels Airport","ブリュッセル空港","布鲁塞尔机场","50.9014","4.4844","Europe/Brussels","0",""
"BRW","US","","Utqiaġvik","","","","","Wiley Post Will Rogers Memorial Airport","ウィリー・ポスト＝ウィル・ロジャース記念空港","Wiley Post–Will Rogers紀念機場","71.2854","-156.766","America/Anchorage","0",""
"BRX","DO","바라오나","Santa Cruz de Barahona","バラオナ","巴拉奧納","Barahona","","Maria Montez International Airport","マリア・モンテス国際空港","María Montez國際機場","18.2515","-71.1204","America/Santo_Domingo","0",""
"BSA","SO","보사소","Bosaso","ボサソ","博薩索","","벤데르 카심 국제공항","Bender Qassim International Airport","ボサソ","班達卡西姆國際機場","11.2752","49.1392","Africa/Mogadishu","0",""
"BSB","BR","브라질리아","Brasília","ブラジリア","巴西利亞","","브라질리아 국제공항","Presidente Juscelino Kubitschek International Airport","プレジデント・ジュセリノ・クビシェッキ国際空港","巴西利亞－儒塞利諾·庫比契克總統國際機場","-15.8692","-47.9208","America/Sao_Paulo","0",""
"BSC","CO","","Bahía Solano","バイーア・ソラノ","巴亞索拉諾","","","José Celestino Mutis Airport","ホセ・セレスティーノ・ムティス空港","José Celestino Mutis機場","6.2029","-77.3947","America/Bogota","0",""
"BSD","CN","바오산","Baoshan","保山","保山","Baoshan (Longyang)","","Baoshan Yunrui Airport","保山空港","保山機場","25.0533","99.1683","Asia/Shanghai","0",""
"BSG","GQ","","Bata","","","","바타 공항","Bata International Airport","バタ空港","巴塔機場","1.9055","9.8057","Africa/Douala","0",""
"BSK","DZ","비스크라","Biskra","ビスクラ","比斯克拉","","비스크라 공항","Biskra - Mohamed Khider Airport","ビスクラ空港","比斯克拉機場","34.7932","5.7389","Africa/Algiers","0",""
"BSL","FR","바젤","Basel","バーゼル","巴塞爾","Bâle / Mulhouse","유로에어포트","EuroAirport Basel–Mulhouse–Freiburg","ユーロエアポート","巴塞爾－米盧斯－弗賴堡歐洲機場","47.6007","7.5211","Europe/Paris","0",""
"BSO","PH","바스코","Basco","バスコ","巴士古","","","Basco Airport","バスコ空港","巴士古機場","20.4513","121.98","Asia/Manila","0",""
"BSR","IQ","바스라","Basra","バスラ","巴斯拉","","","Basra International Airport","バスラ国際空港","巴斯拉國際機場","30.5491","47.6621","Asia/Baghdad","0",""
"BTC","LK","바키칼로아","Batticaloa","バッティカロア","巴提卡洛阿","","","Batticaloa International Airport","バッティカロア空港","巴提卡洛阿機場","7.7051","81.6772","Asia/Colombo","0",""
"BTH","ID","바탐섬","Batam","バタム","巴淡","","항 나딤 국제공항","Hang Nadim International Airport","ハン・ナディム国際空港","韓那丁國際機場","1.121","104.119","Asia/Jakarta","0",""
"BTI","US","","Barter Island","","","","","Barter Island Long Range Radar Station Airport","","巴特島長距雷達站機場","70.134","-143.582","America/Anchorage","0",""
"BTJ","ID","반다아체","Banda Aceh","バンダ・アチェ","班達亞齊","","","Sultan Iskandar Muda International Airport","スルタン・イスカンダル・ムダ空港","班達亞齊機場","5.5251","95.42","Asia/Jakarta","0",""
"BTK","RU","브라츠크","Bratsk","ブラーツク","布拉茨克","","","Bratsk Airport","","","56.3696","101.7018","Asia/Irkutsk","0",""
"BTM","US","뷰트","Butte","ビュート","比尤特","","","Bert Mooney Airport","バート・ムーニー空港","Bert Mooney機場","45.9548","-112.497","America/Denver","0",""
"BTR","US","배턴루지","Baton Rouge","バトン・ルージュ","巴頓魯治","","","Baton Rouge Metropolitan Airport","バトンルージュ・メトロポリタン空港","巴吞魯日大都會機場","30.5332","-91.1496","America/Chicago","0",""
"BTS","SK","브라티슬라바","Bratislava","ブラチスラヴァ","布拉提斯拉瓦","","브라티슬라바 공항","M. R. Štefánik Airport","ブラチスラヴァ空港","布拉提斯拉瓦機場","48.1702","17.2127","Europe/Bratislava","0",""
"BTU","MY","","Bintulu","ビントゥル省","民都魯省","","","Bintulu Airport","ビントゥル空港","民都魯機場","3.1239","113.02","Asia/Kuching","0",""
"BTV","US","벌링턴","Burlington","バーリントン","伯靈頓","","","Patrick Leahy Burlington International Airport","バーリントン国際空港","伯靈頓","44.4719","-73.1533","America/New_York","0",""
"BUA","PG","부카섬","Buka Island","ブカ島","布卡島","","","Buka Airport","ブカ空港","布卡機場","-5.4223","154.6727","Pacific/Bougainville","0",""
"BUF","US","버펄로","Buffalo","バッファロー","水牛城","","버팔로 나이아가라 국제공항","Buffalo Niagara International Airport","バッファロー・ナイアガラ国際空港","水牛城尼亞加拉國際機場","42.9405","-78.7322","America/New_York","0",""
"BUN","CO","부에나벤투라","Buenaventura","ブエナベントゥーラ","布埃納文圖拉","","","Gerardo Tobar López Airport","ブエナベントゥラ空港","Gerardo Tobar López機場","3.8196","-76.9898","America/Bogota","0",""
"BUQ","ZW","","Bulawayo","","","","","Joshua Mqabuko Nkomo International Airport","ブラワーヨ","Joshua Mqabuko Nkomo國際機場","-20.0163","28.6229","Africa/Harare","0",""
"BUR","US","버뱅크","Burbank","バーバンク","柏班克","","","Hollywood Burbank/Bob Hope Airport","ハリウッド・バーバンク空港","柏本克","34.2028","-118.3581","America/Los_Angeles","0",""
"BUS","GE","바투미","Batumi","バトゥミ","巴統","","바투미 국제공항","Alexander Kartveli Batumi International Airport","バトゥミ国際空港","巴統國際機場","41.6094","41.6003","Asia/Tbilisi","0",""
"BUX","CD","","Bunia","","","","","Bunia Airport","ブニア空港","布尼亞機場","1.5657","30.2207","Africa/Lubumbashi","0",""
"BUZ","IR","부셰르","Bushehr","ブーシェフル","布什爾","","부셰르 공항","Bushehr Airport","ブーシェフル","布什爾機場","28.9448","50.8346","Asia/Tehran","0",""
"BVA","FR","보베","Beauvais","ボーヴェ","博韋","","보베-티예 공항","Beauvais-Tillé airport","パリ・ボーヴェ・ティレ空港","博韋","49.4544","2.1128","Europe/Paris","0",""
"BVB","BR","보아비스타","Boa Vista","ボア・ヴィスタ","博阿維斯塔","","","Atlas Brasil Cantanhede International Airport","ボア・ヴィスタ","博阿維斯塔國際機場","2.8462","-60.6906","America/Boa_Vista","0",""
"BVC","CV","보아비스타섬","Boa Vista","ボア・ヴィスタ島","博阿維斯塔島","Rabil","","Aristides Pereira International Airport","アリスティデス・ペレイラ国際空港","博阿維斯塔","16.1365","-22.8889","Atlantic/Cape_Verde","0",""
"BVE","FR","브리브라가야르드","Brive-la-Gaillarde","ブリーヴ＝ラ＝ガイヤルド","布里夫拉蓋亞爾德","Brive","","Brive Souillac airport","ブリーヴ空港","布里夫-蘇亞克機場","45.0397","1.4856","Europe/Paris","0",""
"BVG","NO","벨레보그","Berlevåg Municipality","ベルレヴォーグ","貝勒沃格","Berlevåg","","Berlevåg Airport","ベルレヴォーグ空港","貝勒沃格機場","70.8715","29.0341","Europe/Oslo","0",""
"BVH","BR","","Vilhena","ビリェナ","維列納","","빌례나 공항","Brigadeiro Camarão Airport","ビリェナ空港","維列納機場","-12.6944","-60.0983","America/Porto_Velho","0",""
"BVI","AU","","Birdsville","バーズビル","伯茲維爾","","","Birdsville Airport","バーズビル空港","伯茲維爾機場","-25.8975","139.348","Australia/Brisbane","0",""
"BVJ","RU","","Bovanenkovo","","","","","Bovanenkovo Airport","","","70.3153","68.3336","Asia/Yekaterinburg","0",""
"BWA","NP","","Siddharthanagar","シッダルタナガル","錫陀塔那迦","Siddharthanagar (Bhairahawa)","","Gautam Buddha International Airport","ゴータマ・ブッダ空港","Gautam大佛機場","27.5046","83.4104","Asia/Kathmandu","0",""
"BWI","US","볼티모어","Baltimore","ボルティモア","巴爾的摩","","볼티모어 워싱턴 서굿 마셜 국제공항","Baltimore/Washington International Thurgood Marshall Airport","ボルチモア・ワシントン国際空港","巴尔的摩/华盛顿瑟古德·马歇尔国际机场","39.1754","-76.6683","America/New_York","0",""
"BWK","HR","브라치섬","Brač","ブラチ島","布拉奇島","Gornji Humac","","Brač Airport","ボル空港","布拉奇机场","43.2845","16.6784","Europe/Zagreb","0",""
"BWO","RU","","Balakovo","","","","","Balakovo Airport","","巴拉科沃機場","51.8583","47.7456","Europe/Saratov","0",""
"BWT","AU","브루니","Burnie","バーニー","伯爾尼","","","Wynyard Airport","","","-40.997","145.726","Australia/Hobart","0",""
"BXH","KZ","발하","Balkhash","バルカシュ","巴爾喀什","","","Balkhash Airport","バルカシュ空港","巴爾喀什機場","46.8942","75.0045","Asia/Almaty","0",""
"BXR","IR","밤","Bam","バム","巴姆","","","Bam Airport","バム空港","巴姆機場","29.0842","58.45","Asia/Tehran","0",""
"BXU","PH","부투안","Butuan","ブトゥアン","武端","","","Bancasi Airport","バンカシ空港","武端機場","8.9515","125.4788","Asia/Manila","0",""
"BXY","KZ","","Baikonur","","","","","Baikonur Krayniy International Airport","","","45.622","63.2108","Asia/Qyzylorda","0",""
"BYK","CI","부아케","Bouaké","ブアケ","布瓦凱","","","Bouaké Airport","ブアケ空港","布瓦凱機場","7.7388","-5.0737","Africa/Abidjan","0",""
"BYM","CU","바야모","Bayamo","バヤモ","巴亞莫","","","Carlos Manuel de Cespedes Airport","カルロス・マヌエル・デ・セスペデス空港","卡洛斯·曼努埃爾·德·塞斯佩德斯機場","20.3964","-76.6214","America/Havana","0",""
"BYN","MN","","Bayankhongor","","","","","Bayankhongor Airport","バヤンホンゴル空港","巴彥洪戈爾機場","46.1633","100.704","Asia/Ulaanbaatar","0",""
"BZE","BZ","벨리즈시티","Belize City","ベリーズシティ","伯利茲","","필립 S. W. 골드슨 국제공항","Philip S. W. Goldson International Airport","フィリップス・S・W・ゴールドソン国際空港","貝里斯","17.54","-88.3036","America/Belize","0",""
"BZG","PL","비드고슈치","Bydgoszcz","ブィドゴシュチュ","比得哥什","","비드고슈치 이그나치 얀 파데레프스키 국제공항","Ignacy Jan Paderewski Bydgoszcz Airport","ブィドゴシュチュ・イグナツィ・ヤン・パデレフスキ空港","比得哥什","53.0968","17.9777","Europe/Warsaw","0",""
"BZI","TR","발리케시르","Balıkesir","バルケスィル","巴勒克埃西爾","","","Balıkesir Airport","バルケスィル空港","巴勒克埃西爾機場","39.6193","27.926","Europe/Istanbul","0",""
"BZL","BD","바리살","Barishal","バリサル","博里薩爾","Barisal","","Barisal Airport","バリサル空港","巴里薩爾機場","22.801","90.3012","Asia/Dhaka","0",""
"BZN","US","보즈먼","Bozeman","ボーズマン","博兹曼","","","Bozeman Yellowstone International Airport","ギャラティンフィールド空港","博茲曼黃石國際機場","45.7789","-111.1537","America/Denver","0",""
"BZO","IT","볼차노","Bolzano","ボルツァーノ","波札諾","Bolzano (BZ)","","Bolzano Airport","ボルツァーノ空港","波爾查諾機場","46.4592","11.3261","Europe/Rome","0",""
"BZR","FR","베지에","Béziers","ベジエ","貝濟耶","","","Béziers Vias airport","ベジエ空港","貝濟耶機場","43.3235","3.3539","Europe/Paris","0",""
"BZV","CG","브라자빌","Brazzaville","ブラザヴィル","布拉柴維爾","","","Maya-Maya International Airport","マヤマヤ空港","馬亞-馬亞國際機場","-4.2517","15.253","Africa/Brazzaville","0",""
"BZX","CN","바중","Bazhong","巴中","巴中","","","Bazhong Enyang Airport","巴中恩陽機場","巴中机场","31.7384","106.6449","Asia/Shanghai","0",""
"CAB","AO","카빈다","Cabinda","カビンダ","喀丙達","","","Cabinda Airport","カビンダ空港","卡賓達機場","-5.5984","12.1881","Africa/Luanda","0",""
"CAC","BR","방울뱀","Cascavel","カスカーフェル","卡斯卡韋爾","","","Coronel Adalberto Mendes da Silva Airport","アダルベルト・メンジス・ダ・シルバ空港","卡斯卡韋爾機場","-25.0003","-53.5012","America/Sao_Paulo","0",""
"CAE","US","컬럼비아","Columbia","コロンビア","哥倫比亞","","","Columbia Metropolitan Airport","コロンビア都市圏空港","哥倫比亞（美國）","33.9382","-81.123","America/New_York","0",""
"CAG","IT","칼리아리","Cagliari","カリャリ","卡利亞里","","","Cagliari Elmas Airport","カリアーリ","卡利亞里","39.2515","9.0543","Europe/Rome","0",""
"CAH","VN","까마우","Cà Mau","カマウ","金瓯","Ca Mau City","까마우 공항","Cà Mau Airport","カマウ空港","金甌機場","9.1777","105.1778","Asia/Ho_Chi_Minh","0",""
"CAI","EG","카이로","Cairo","カイロ","開羅","","카이로 국제공항","Cairo International Airport","カイロ国際空港","開羅國際機場","30.1115","31.3967","Africa/Cairo","0",""
"CAJ","VE","","Canaima","","","","","Canaima Airport","カナイマ空港","Canaima機場","6.232","-62.8548","America/Caracas","0",""
"CAK","US","애크런","Akron","アクロン","阿克倫","","","Akron Canton Regional Airport","Akron-Canton地域空港","阿克倫","40.9161","-81.4422","America/New_York","0",""
"CAL","GB","캠벨타운","Campbeltown","キャンベルタウン","坎貝爾城","","","Campbeltown Airport","キャンベルタウン空港","坎貝爾城（CAL）","55.4372","-5.6864","Europe/London","0",""
"CAP","HT","카프아이티엥","Cap-Haïtien","カパイシャン","海地角","","","Cap Haitien International Airport","カパイシャン国際空港","烏戈·查維茲國際機場","19.7255","-72.2007","America/Port-au-Prince","0",""
"CAT","PT","카스카이스","Cascais","カスカイス","卡斯凱什","","","Cascais Airport","","","38.725","-9.3552","Europe/Lisbon","0",""
"CAW","BR","캄푸스두스고이타카지스","Campos dos Goytacazes","カンポス・ドス・ゴイタカゼス","坎普斯-杜斯戈伊塔卡濟斯","","","Bartolomeu Lisandro Airport","カンポス・ドス・ゴイタカゼス","Bartolomeu Lysandro機場","-21.6983","-41.3017","America/Sao_Paulo","0",""
"CAY","GF","카옌","Cayenne","カイエンヌ","開雲","Matoury","카옌로 샹부 공항","Cayenne – Félix Eboué Airport","カイエンヌ・フェリックス・エブエ国際空港","開雲─羅尚博國際機場","4.82","-52.3613","America/Cayenne","0",""
"CAZ","AU","","Cobar","コーバー","科巴 (新南威爾士州)","","코바 공항","Cobar Airport","コーバー空港","科巴機場","-31.5383","145.794","Australia/Sydney","0",""
"CBB","BO","코차밤바","Cochabamba","コチャバンバ","科恰班巴","","","Jorge Wilsterman International Airport","ホルヘ・ウィルステルマン国際空港","喬治·維爾斯特曼國際機場","-17.4211","-66.1771","America/La_Paz","0",""
"CBH","DZ","베샤르","Béchar","ベシャール","貝沙爾","","","Béchar Boudghene Ben Ali Lotfi Airport","ベシャール・ウアカダ空港","Boudghene Ben Ali Lotfi機場","31.6457","-2.2699","Africa/Algiers","0",""
"CBO","PH","코타바토","Cotabato City","コタバト","哥打巴托","Datu Odin Sinsuat","","Cotabato (Awang) Airport","アワン空港","哥打巴托机场","7.1648","124.2099","Asia/Manila","0",""
"CBQ","NG","칼라바르","Calabar","カラバル","卡拉巴爾","","","Margaret Ekpo International Airport","マーガレット・エクポ国際空港","瑪加麗特·埃克波國際機場","4.976","8.3472","Africa/Lagos","0",""
"CBR","AU","캔버라","Canberra","キャンベラ","坎培拉","","캔버라 국제공항","Canberra Airport","キャンベラ国際空港","坎培拉國際機場","-35.3069","149.195","Australia/Sydney","0",""
"CBT","AO","","Catumbela","カツンベラ","卡通布拉","","","Catumbela Airport","カタンベラ空港","卡通布拉機場","-12.4792","13.4869","Africa/Luanda","0",""
"CCC","CU","","Cayo Coco","カージョ・ココ","科科島","","","Jardines Del Rey Airport","カヨ・ココ空港","科科島","22.461","-78.3284","America/Havana","0",""
"CCE","EG","신행정수도 (이집트)","The New Capital","エジプト首都移転構想","新首","New Cairo","","Capital International Airport","首都国際空港","首都国际机场 (埃及)","30.0647","31.84","Africa/Cairo","0",""
"CCF","FR","카르카손","Carcassonne","カルカソンヌ","卡爾卡松","","카르카손 공항","Carcassonne Salvaza Airport","カルカソンヌ","卡爾卡鬆機場","43.216","2.3063","Europe/Paris","0",""
"CCJ","IN","코지코드","Kozhikode","コーリコード","科茲科德","Calicut","캘리컷 국제공항","Calicut International Airport","カリカット国際空港","科澤科德","11.136","75.9552","Asia/Kolkata","0",""
"CCK","CC","웨스트섬","West Island","ウェスト島","西島","","코코스 제도 공항","Cocos (Keeling) Islands Airport","ココス島国際空港","科科斯機場","-12.1922","96.8341","Indian/Cocos","0",""
"CCP","CL","탈카우아노","Talcahuano","タルカワノ","塔爾卡瓦諾","Concepcion","카리엘 수르 국제공항","Carriel Sur International Airport","カリエル・スール国際空港","Carriel Sur國際機場","-36.7724","-73.0628","America/Santiago","0",""
"CCR","US","컨트라코스타군","Contra Costa County","コントラ・コスタ郡","康特拉科斯塔縣","Concord","","Buchanan Field","","布坎南飛行場機場","37.9897","-122.057","America/Los_Angeles","0",""
"CCS","VE","카라카스","Caracas","カラカス","加拉加斯","Maiquetía","시몬 볼리바르 국제공항","Maiquetía Simón Bolívar International Airport","シモン・ボリバル国際空港","邁克蒂亞西蒙·玻利瓦爾國際機場","10.6022","-66.9912","America/Caracas","0",""
"CCU","IN","콜카타","Kolkata","コルカタ","加爾各答","","네타지수바시 찬드라 보스 국제공항","Netaji Subhash Chandra Bose International Airport","ネータージー・スバース・チャンドラ・ボース国際空港","内塔吉·苏巴斯·钱德拉·鲍斯国际机场","22.654","88.4476","Asia/Kolkata","0",""
"CCZ","BS","","Chub Cay","","","","","Chub Cay Airport","チャブ・ケイ国際空港","Chub島國際機場","25.4171","-77.8809","America/Nassau","0",""
"CDB","US","콜드베이","Cold Bay","コールドベイ","冷湾","","","Cold Bay Airport","コールドベイ空港","冷灣機場","55.2079","-162.725","America/Nome","0",""
"CDC","US","시더시티","Cedar City","シーダーシティ","雪松城","","","Cedar City Regional Airport","Cedar City地域空港","雪鬆城支線機場","37.701","-113.099","America/Denver","0",""
"CDE","CN","","Chengde","","","","","Chengde Puning Airport","承徳普寧空港","承德机场","41.1225","118.0739","Asia/Shanghai","0",""
"CDP","IN","카다파","Kadapa","カダパ","卡達帕","","","Kadapa Airport","カダパ空港","卡達帕機場","14.5132","78.7692","Asia/Kolkata","0",""
"CDR","US","","Chadron","シャドロン","沙德倫","","","Chadron Municipal Airport","Chadron市営空港","沙德倫市立機場","42.8376","-103.095","America/Denver","0",""
"CDT","ES","카스테욘데라플라나","Castellón de la Plana","カステリョン・デ・ラ・プラナ","卡斯特利翁-德拉普拉納","","카스테욘-코스타아사아르 공항","Castellón-Costa Azahar Airport","カステリョン＝コスタ・アサアール空港","卡斯特利翁-橙花海岸機場","40.2139","0.0733","Europe/Madrid","0",""
"CDV","US","","Cordova","コードバ","科尔多瓦","","","Merle K (Mudhole) Smith Airport","マール・K（マッドホール）スミス空港","","60.4918","-145.478","America/Anchorage","0",""
"CEC","US","크레센트시티","Crescent City","クレセントシティ","克雷森特城","","","Jack Mc Namara Field Airport","","克雷森特城","41.7789","-124.2364","America/Los_Angeles","0",""
"CED","AU","","Ceduna","セドゥナ","塞杜納 (南澳洲)","","","Ceduna Airport","","塞杜納機場","-32.1306","133.71","Australia/Adelaide","0",""
"CEE","RU","","Cherepovets Resurrection Monastery","","","Cherepovets","","Cherepovets Airport","チェレポベツ空港","切列波韋茨機場","59.2736","38.0158","Europe/Moscow","0",""
"CEI","TH","치앙라이","Chiang Rai","チェンライ","清萊","","치앙라이 국제공항","Mae Fah Luang - Chiang Rai International Airport","チェンライ国際空港","清莱国际机场","19.9523","99.8829","Asia/Bangkok","0",""
"CEK","RU","첼랴빈스크","Chelyabinsk","チェリャビンスク","車里雅賓斯克","","첼랴빈스크 공항","Kurchatov Chelyabinsk International Airport","チェリャビンスク空港","車里雅賓斯克機場","55.3031","61.5049","Asia/Yekaterinburg","0",""
"CEN","MX","시우다드오브레곤","Ciudad Obregón","シウダ・オブレゴン","奧夫雷貢城","","","Ciudad Obregón International Airport","シウダード・オブレゴン国際空港","奧夫雷貢城國際機場","27.3926","-109.833","America/Hermosillo","0",""
"CEZ","US","코르테즈","Cortez","コルテス","科爾特斯","","","Cortez Municipal Airport","Cortez市営空港","科爾特斯市立機場","37.303","-108.628","America/Denver","0",""
"CFE","FR","클레르몽페랑","Clermont-Ferrand","クレルモン＝フェラン","克勒蒙費朗","","","Clermont-Ferrand Auvergne airport","クレルモン＝フェラン・オーベルニュ空港","克萊蒙費朗","45.7867","3.1692","Europe/Paris","0",""
"CFG","CU","시엔푸에고스","Cienfuegos","シエンフエゴス","西恩富戈斯","","","Jaime Gonzalez Airport","ハイメ・ゴンサレス空港","Jaime González機場","22.15","-80.4142","America/Havana","0",""
"CFK","DZ","슐레프","Chlef","シュレフ","謝利夫","","","Chlef Aboubakr Belkaid International Airport","シュレフ国際空港","","36.2166","1.3411","Africa/Algiers","0",""
"CFN","IE","도니골 주","County Donegal","ドニゴール県","多尼戈爾郡","Donegal","도니골 공항","Donegal Airport","ドニゴール空港","多尼戈爾機場","55.0442","-8.341","Europe/Dublin","0",""
"CFR","FR","캉","Caen","カーン","康城","","","Caen Carpiquet airport","カーン・カルピケ空港","卡昂-卡爾皮凱機場","49.1768","-0.4549","Europe/Paris","0",""
"CFS","AU","코프스하버","Coffs Harbour","コフス・ハーバー","科夫斯港","","","Coffs Harbour Airport","コフスハーバー空港","科夫斯港機場","-30.3206","153.116","Australia/Sydney","0",""
"CFU","GR","케르키라섬","Corfu","ケルキラ島","克基拉島","Kerkyra (Corfu)","코르푸 국제공항","Corfu Ioannis Kapodistrias International Airport","コルフ国際空港","科孚島愛奧尼斯·卡波季斯第亞斯國際機場","39.6014","19.9122","Europe/Athens","0",""
"CGB","BR","쿠이아바","Cuiabá","クイアバ","庫亞巴","","","Várzea Grande–Marechal Rondon International Airport","クイアバ","庫亞巴國際機場","-15.6529","-56.1167","America/Cuiaba","0",""
"CGD","CN","웨양","Yueyang","岳陽","岳陽","Changde (Dingcheng)","","Changde Taohuayuan Airport","常徳桃花源空港","常德桃花源機場","28.9189","111.64","Asia/Shanghai","0",""
"CGH","BR","상파울루","São Paulo","サンパウロ","聖保羅","","콩고냐스 상파울루 공항","Congonhas–Deputado Freitas Nobre Airport","コンゴーニャス空港","孔戈尼亚斯/圣保罗机场","-23.6277","-46.6546","America/Sao_Paulo","0",""
"CGI","US","케이프지라도","Cape Girardeau","ケープ・ジラード","开普吉拉多","","","Cape Girardeau Regional Airport","Cape Girardeau地域空港","開普吉拉多支線機場","37.2253","-89.5708","America/Chicago","0",""
"CGM","PH","맘바하오","Mambajao","マンバヤオ","曼巴豪","","","Camiguin Airport","カミギン空港","甘米銀","9.2539","124.7091","Asia/Manila","0",""
"CGN","DE","쾰른","Cologne","ケルン","科隆","Köln (Cologne)","쾰른 본 공항","Cologne Bonn Airport","ケルン・ボン空港","科隆/波恩機場","50.8659","7.1427","Europe/Berlin","0",""
"CGP","BD","치타공","Chittagong","チッタゴン","吉大港","Chattogram (Chittagong)","샤아마나트 국제공항","Shah Amanat International Airport","シャーアマーナト国際空港","沙阿·阿馬納特國際機場","22.2496","91.8133","Asia/Dhaka","0",""
"CGR","BR","캄푸그란지","Campo Grande","カンポ・グランデ","大坎波","","","Campo Grande Airport","カンポ・グランデ国際空港","大坎普國際機場","-20.47","-54.674","America/Campo_Grande","0",""
"CGY","PH","카가얀데오로","Cagayan de Oro","カガヤン・デ・オロ","卡加延德奧羅","Laguindingan","","Laguindingan International Airport","ラギンディガン国際空港","拉金丁幹機場","8.6122","124.4565","Asia/Manila","0",""
"CHA","US","채터누가","Chattanooga","チャタヌーガ","查塔努加","","","Chattanooga Metropolitan Airport (Lovell Field)","チャタヌーガ都市圏空港","查塔努加大都會機場","35.0353","-85.2038","America/New_York","0",""
"CHC","NZ","크라이스트처치","Christchurch","クライストチャーチ","基督城","","크라이스트처치 국제공항","Christchurch International Airport","クライストチャーチ国際空港","基督城國際機場","-43.489","172.5321","Pacific/Auckland","0",""
"CHG","CN","차오양","Chaoyang","朝陽","朝陽","Shuangta, Chaoyang","","Chaoyang Airport","朝陽空港","朝阳机场","41.5381","120.435","Asia/Shanghai","0",""
"CHH","PE","차차포야스","Chachapoyas","チャチャポヤス","查查波亞斯","","","Chachapoyas Airport","チャチャポヤス空港","查查波亞斯機場","-6.2019","-77.8562","America/Lima","0",""
"CHM","PE","침보테","Chimbote","チンボテ","钦博特","","","FAP Lieutenant Jaime Andres de Montreuil Morales Airport","テニエンテ・FAP・ハイメ・モントレウイル・モラレス空港","Tnte. FAP Jaime Montreuil Morales機場","-9.1496","-78.5238","America/Lima","0",""
"CHO","US","샬러츠빌","Charlottesville","シャーロッツヴィル","夏洛特鎮","","","Charlottesville Albemarle Airport","シャーロッツヴィル-アルベマール空港","夏洛茨维尔-阿尔伯马尔机场","38.1386","-78.4529","America/New_York","0",""
"CHQ","GR","하니아","Chania","ハニア","哈尼亞","Souda","카니아 국제공항","Chania International Airport","ハニア国際空港","哈尼亞揚尼斯·達斯卡洛伊安尼斯國際機場","35.5312","24.1507","Europe/Athens","0",""
"CHS","US","찰스턴","Charleston","チャールストン","查爾斯頓","","","Charleston International Airport","チャールストン国際空港","查爾斯頓","32.8962","-80.0382","America/New_York","0",""
"CHT","NZ","","Chatham Islands Territory","","","Te One","","Inia William Tuuta Memorial Airport","チャタム諸島・トゥーナ空港","查塔姆群島機場","-43.8119","-176.4651","Pacific/Chatham","0",""
"CHX","PA","","Changuinola","チャングイノラ","錢吉諾拉","","","Changuinola Captain Manuel Niño International Airport","チャングイノラ ""カピタン・マヌエル・ニーノ""国際空港","錢吉諾拉""Capitán Manuel Niño""國際機場","9.459","-82.5151","America/Costa_Rica","0",""
"CIA","IT","로마","Rome","ローマ","羅馬","","로마 참피노 공항","Ciampino–G. B. Pastine International Airport","ローマ・チャンピーノ空港","罗马钱皮诺机场","41.7988","12.5953","Europe/Rome","0",""
"CID","US","시더래피즈","Cedar Rapids","シーダー・ラピッズ","錫達拉皮茲","","","The Eastern Iowa Airport","イースタン・アイオワ空港","愛荷華城","41.8847","-91.7108","America/Chicago","0",""
"CIF","CN","츠펑","Chifeng","赤峰","赤峰","","츠펑 왕룽 공항","Chifeng Yulong Airport","赤峰玉竜空港","赤峰機場","42.1597","118.841","Asia/Shanghai","0",""
"CIJ","BO","코비하","Cobija","コビハ","科維哈","","","Capitán Aníbal Arab Airport","カピタン・アニバル・アラブ空港","Captain Aníbal Arab機場","-11.0391","-68.7828","America/Rio_Branco","0",""
"CIU","US","수세인트마리","Sault Ste. Marie","スー・セイント・マリー","蘇聖瑪麗","Kincheloe","","Chippewa County International Airport","Chippewa County国際空港","契皮瓦縣國際機場","46.242","-84.4621","America/Detroit","0",""
"CIW","VC","","Canouan","カヌアン島","卡諾安島","","","Canouan Airport","カヌアン空港","卡努安機場","12.699","-61.3424","America/Grenada","0",""
"CIX","PE","치클라요","Chiclayo","チクラーヨ","奇克拉約","","","Capitán FAP José A. Quiñones González International Airport","カピタン・FAP・ホセ・A・キニョーネス・ゴンサーレス国際空港","祕魯空軍何塞·基尼奧內斯·岡薩雷斯上尉國際機場","-6.7892","-79.8283","America/Lima","0",""
"CIY","IT","","Comiso","コーミゾ","科米索","","","Comiso Airport","コーミゾ空港","科米索機場","36.9958","14.6089","Europe/Rome","0",""
"CJA","PE","카하마르카","Cajamarca","カハマルカ","卡哈馬卡","","","Mayor General FAP Armando Revoredo Iglesias Airport","マヨール・フェネラル・FAP・アルマンド・レボレード・イグレシアス空港","卡哈馬卡機場","-7.1392","-78.4894","America/Lima","0",""
"CJB","IN","코임바토르","Coimbatore","コーヤンブットゥール","哥印拜陀","","","Coimbatore International Airport","コーヤンブットゥール空港","哥印拜陀國際機場","11.03","77.0434","Asia/Kolkata","0",""
"CJC","CL","칼라마","Calama","カラマ","卡拉馬","","","El Loa Airport","エルロア空港","洛阿機場","-22.4982","-68.9036","America/Santiago","0",""
"CJJ","KR","청주","Cheongju","清州","清州","","청주국제공항","Cheongju International Airport/Cheongju Air Base (K-59/G-513)","清州国際空港","清州國際機場","36.7156","127.5003","Asia/Seoul","0",""
"CJL","PK","치트랄","Chitral","チトラル","契特拉","","","Chitral Airport","チトラル","契特拉機場","35.8862","71.7999","Asia/Karachi","0",""
"CJM","TH","춤폰주","Chumphon","チュムポーン県","春蓬府","","춤폰 공항","Chumphon Airport","チュムポーン空港","春蓬機場","10.7112","99.3617","Asia/Bangkok","0",""
"CJS","MX","시우다드후아레스","Ciudad Juárez","シウダー・フアレス","華雷斯城","","","Abraham González International Airport","シウダー・フアレス国際空港","華雷斯城國際機場","31.6367","-106.4285","America/Ojinaga","0",""
"CJU","KR","제주","Jeju","済州","濟州","Jeju City","제주국제공항","Jeju International Airport","済州国際空港","濟州國際機場","33.5121","126.4925","Asia/Seoul","0","jeju"
"CKB","US","","Clarksburg","クラークスバーグ","克拉克斯堡","Bridgeport","","North Central West Virginia Airport","ノースセントラル・ウェストバージニア空港","北中央西維珍尼亞機場","39.2966","-80.2281","America/New_York","0",""
"CKH","RU","","Chokurdakh","チョクルダフ","喬庫爾達赫","Chokurdah","","Chokurdakh Airport","チョクルダフ空港","喬庫爾達赫機場","70.6231","147.902","Asia/Srednekolymsk","0",""
"CKS","BR","파라우아페바스","Parauapebas","パラウアペバス","帕勞阿佩巴斯","","","Carajás Airport","キャラジャス空港","卡拉哈斯機場","-6.1178","-50.0034","America/Belem","0",""
"CKY","GN","코나크리","Conakry","コナクリ","柯那克里","","아흐메드 세쿠 투레 국제공항","Ahmed Sékou Touré International Airport","コナクリ国際空港","科納克里國際機場","9.5769","-13.612","Africa/Conakry","0",""
"CKZ","TR","차나칼레","Çanakkale","チャナッカレ","恰納卡萊","","","Çanakkale Airport","チャナッカレ空港","恰納卡萊機場","40.1377","26.4268","Europe/Istanbul","0",""
"CLD","US","칼즈배드","Carlsbad","カールスバッド","卡爾斯巴德","","","McClellan-Palomar Airport","マクレラン・パロマ空港","McClellan-帕洛馬機場","33.1283","-117.28","America/Los_Angeles","0",""
"CLE","US","클리블랜드","Cleveland","クリーブランド","克里夫蘭","","클리블랜드 홉킨스 국제공항","Cleveland Hopkins International Airport","クリーブランド・ホプキンス国際空港","克里夫蘭霍普金斯國際機場","41.4117","-81.8498","America/New_York","0",""
"CLJ","RO","클루지나포카","Cluj-Napoca","クルジュ＝ナポカ","克盧日-納波卡","","","Avram Iancu Cluj International Airport","クルジュ＝ナポカ国際空港","克盧日國際機場","46.786","23.6857","Europe/Bucharest","0",""
"CLL","US","","College Station","","","","","Easterwood Field","","Easterwood機場","30.5886","-96.3638","America/Chicago","0",""
"CLO","CO","칼리","Cali","サンティアゴ・デ・カリ","卡利","","","Alfonso Bonilla Aragon International Airport","アルフォンソ・ボニーヤ・アラゴン国際空港","卡利","3.5427","-76.3819","America/Bogota","0",""
"CLQ","MX","콜리마","Colima","コリマ","科利馬","","","Licenciado Miguel de la Madrid International Airport","ミゲル・デ・ラ・マドリッド空港","米格爾·德拉馬德里機場","19.277","-103.577","America/Mexico_City","0",""
"CLT","US","샬럿","Charlotte","シャーロット","夏洛特","","샬롯 더글러스 국제공항","Charlotte Douglas International Airport","シャーロット・ダグラス国際空港","夏洛特道格拉斯國際機場","35.214","-80.9431","America/New_York","0",""
"CLY","FR","칼비","Calvi","カルヴィ","卡爾維","","칼비생트카트린 공항","Calvi Sainte Catherine Airport","カルヴィ","卡爾維聖卡特琳機場","42.5304","8.793","Europe/Paris","0",""
"CMA","AU","","","","","","","Cunnamulla Airport","カナマラ空港","坎納馬拉機場","-28.03","145.622","Australia/Brisbane","0",""
"CME","MX","시우다드 델 카르멘","Ciudad del Carmen","シウダ・デル・カルメン","卡門城","","","Ciudad del Carmen International Airport","シウダー・デ・カルメン国際空港","卡門城國際機場","18.6515","-91.7994","America/Merida","0",""
"CMF","FR","샹베리","Chambéry","シャンベリ","香貝里","","","Chambéry Aix les Bains airport","シャンベリー","尚貝里-勃朗峯薩瓦機場","45.6381","5.8802","Europe/Paris","0",""
"CMG","BR","코룸바","Corumbá","コルンバ","科倫巴","","","Corumbá International Airport","コルンバ","科倫巴國際機場","-19.0119","-57.6728","America/Campo_Grande","0",""
"CMH","US","콜럼버스","Columbus","コロンバス","哥倫布","","존 글렌 콜럼버스 국제공항","John Glenn Columbus International Airport","ポート・コロンバス国際空港","哥伦布国际机场","39.998","-82.8919","America/New_York","0",""
"CMI","US","","Champaign–Urbana metropolitan area","","尚佩恩-厄巴纳都会区","Savoy","","University of Illinois Willard Airport","イリノイ大学ウィラード空港","伊利諾伊大學威拉德機場","40.0398","-88.2762","America/Chicago","0",""
"CMN","MA","카사블랑카","Casablanca","カサブランカ","卡薩布蘭卡","","무함마드 5세 국제공항","Mohammed V International Airport","ムハンマド5世国際空港","穆罕默德五世国际机场","33.3675","-7.59","Africa/Casablanca","0",""
"CMU","PG","","Kundiawa","","","","","Chimbu Airport","チンブ空港","欽布機場","-6.0243","144.971","Pacific/Port_Moresby","0",""
"CMW","CU","카마궤이","Camagüey","カマグエイ","卡馬圭","","","Ignacio Agramonte International Airport","イグナシオ・アグラモンテ国際空港","伊格恩阿格拉蒙特國際機場","21.4199","-77.848","America/Havana","0",""
"CMX","US","","Hancock","ハンコック","漢考克","","","Houghton County Memorial Airport","","霍頓縣紀念機場","47.1684","-88.4891","America/Detroit","0",""
"CNB","AU","","","","","","","Coonamble Airport","クーナンブル空港","庫南布林機場","-30.9809","148.3778","Australia/Sydney","0",""
"CND","RO","콘스탄차","Constanța","コンスタンツァ","康斯坦察","","","Mihail Kogălniceanu International Airport","ミハイル・コガルニチャヌ国際空港","米哈伊爾-科格爾尼恰努國際機場","44.3622","28.4883","Europe/Bucharest","0",""
"CNF","BR","벨루오리존치","Belo Horizonte","ベロオリゾンテ","美景","","탕크레두 네비스 국제공항","Tancredo Neves International Airport","タンクレド・ネヴェス国際空港","貝洛奧里藏特","-19.6357","-43.9669","America/Sao_Paulo","0",""
"CNJ","AU","","Cloncurry","クイーンズランド州","克朗克里","","","Cloncurry Airport","クロンカリー空港","克朗克里機場","-20.6686","140.504","Australia/Brisbane","0",""
"CNM","US","칼즈배드","Carlsbad","カールズバッド","卡爾斯巴德","","","Cavern City Air Terminal","","Cavern城航空站","32.3375","-104.263","America/Denver","0",""
"CNN","IN","","Kannur district","カンヌール県","肯努爾縣","Kannur","","Kannur International Airport","カヌール国際空港","坎努爾","11.9163","75.545","Asia/Kolkata","0",""
"CNP","GL","이토코르토르미우트","Ittoqqortoormiit","イトコルトルミット","斯科斯比松","Neerlerit Inaat","","Neerlerit Inaat Airport","ナルサルスアーク空港","Nerlerit Inaat機場","70.7431","-22.6505","America/Godthab","0",""
"CNQ","AR","코리엔테스","Corrientes","コリエンテス","科連特斯","","","Corrientes Airport","ドクトル・フェルナンド・ピラヒーネ・ニベイロ国際空港","Fernando Piragine Niveyro博士國際機場","-27.4455","-58.7619","America/Argentina/Cordoba","0",""
"CNS","AU","케언스","Cairns","ケアンズ","凱恩斯","","케언즈 공항","Cairns International Airport","ケアンズ国際空港","凱恩斯機場","-16.8789","145.7495","Australia/Brisbane","0",""
"CNY","US","모압","Moab","モアブ","摩押","","","Canyonlands Regional Airport","","Canyonlands飛行場","38.755","-109.755","America/Denver","0",""
"COD","US","코디","Cody","コーディ","科迪","","","Yellowstone Regional Airport","Yellowstone地域空港","黃石支線機場","44.5202","-109.024","America/Denver","0",""
"COK","IN","코치","Kochi","コーチ","科契","","코친 국제공항","Cochin International Airport","コーチン国際空港","柯枝国际机场","10.151","76.4008","Asia/Kolkata","0",""
"COO","BJ","코토누","Cotonou","コトヌー","柯多努","","카제훈 공항","Cotonou Cadjehoun International Airport","カジェフォウン空港","柯多努國際機場","6.3572","2.3843","Africa/Porto-Novo","0",""
"COQ","MN","처이발상","Choibalsan","チョイバルサン","喬巴山","","","Choibalsan Airport","チョイバルサン空港","喬巴山機場","48.1354","114.6472","Asia/Choibalsan","0",""
"COR","AR","코르도바","Córdoba","コルドバ","哥多華","","인헤니에로 아에로나르띠꼬 엠브로시오 L.V. 타라벨라 국제공항","Ingeniero Aeronáutico Ambrosio L.V. Taravella International Airport","インヘニエーロ・アエロナウティコ・アンブロシオ L.V.タラベージャ国際空港","Ingeniero Aeronáutico Ambrosio L.V. Taravella國際機場","-31.3123","-64.2083","America/Argentina/Cordoba","0",""
"COS","US","콜로라도스프링스","Colorado Springs","コロラドスプリングス","科羅拉多泉","","콜로라도스프링스 공항","City of Colorado Springs Municipal Airport","コロラドスプリングス空港","科羅拉多泉機場","38.8058","-104.701","America/Denver","0",""
"COU","US","컬럼비아","Columbia","コロンビア","哥倫比亞","","","Columbia Regional Airport","Columbia地域空港","哥倫比亞","38.8181","-92.2196","America/Chicago","0",""
"COV","TR","아다나주","Adana Province","アダナ県","阿達納省","Tarsus","","Çukurova International Airport","","","36.8915","35.0712","Europe/Istanbul","0",""
"CPC","AR","산마르틴데로스안데스","San Martín de los Andes","サン・マルティン・デ・ロス・アンデス","聖馬丁德洛斯安第斯","Chapelco/San Martin de los Andes","","Aviador C. Campos Airport","アヴィアドール・カルロス・カンポス空港","Carlos Campos飛行員機場","-40.0754","-71.1373","America/Argentina/Salta","0",""
"CPD","AU","쿠버페디","Coober Pedy","クーバーペディ","库伯佩地","","","Coober Pedy Airport","クーバーペディ空港","庫伯佩地機場","-29.0383","134.7222","Australia/Adelaide","0",""
"CPE","MX","캄페체","San Francisco de Campeche","カンペチェ","坎佩切","Campeche","","Ingeniero Alberto Acuña Ongay International Airport","カンペチェ国際空港","阿尔贝托·阿库尼亚·翁盖国际机场","19.816","-90.5001","America/Merida","0",""
"CPO","CL","코피아포","Copiapó","コピアポ","科皮亞波","","","Desierto de Atacama Airport","デシエルト・デ・アタカマ空港","阿他卡馬沙漠機場","-27.2612","-70.7792","America/Santiago","0",""
"CPR","US","캐스퍼","Casper","キャスパー","卡斯珀","","","Casper-Natrona County International Airport","Natrona County国際空港","卡斯珀-納特羅納縣國際機場","42.9074","-106.4616","America/Denver","0",""
"CPT","ZA","케이프타운","Cape Town","ケープタウン","開普敦","","케이프타운 국제공항","Cape Town International Airport","ケープタウン国際空港","開普敦國際機場","-33.974","18.6043","Africa/Johannesburg","0",""
"CPV","BR","캄피나그란지","Campina Grande","カンピナグランデ","大坎皮納","","","Presidente João Suassuna Airport","カンピナグランデ","大坎皮納機場","-7.2697","-35.8961","America/Fortaleza","0",""
"CPX","PR","","Culebra","クレブラ島","庫萊布拉島","","","Benjamin Rivera Noriega Airport","","庫萊布拉島","18.313","-65.3039","America/Puerto_Rico","0",""
"CQW","CN","우룽구","Wulong District","武隆区","武隆區","Wulong","","Chongqing Xiannüshan Airport","","武隆仙女山机场","29.4657","107.6937","Asia/Shanghai","0",""
"CRA","RO","크라이오바","Craiova","クラヨーヴァ","克拉約瓦","","","Craiova International Airport","クラヨーヴァ","克拉約瓦機場","44.3181","23.8886","Europe/Bucharest","0",""
"CRD","AR","코모도로리바다비아","Comodoro Rivadavia","コモドーロ・リバダビア","里瓦達維亞海軍准將城","","","General Enrique Mosconi International Airport","ヘネラル・エンリケ・モスコニ国際空港","Enrique Mosconi將軍國際機場","-45.7869","-67.4634","America/Argentina/Catamarca","0",""
"CRI","BS","","Colonel Hill","","","","","Colonel Hill Airport","コロネル・ヒル空港","Colonel Hill機場","22.7456","-74.1824","America/Nassau","0",""
"CRL","BE","샤를루아","Charleroi","シャルルロワ","沙勒羅瓦","","브뤼셀 남 샤를루아 공항","Brussels South Charleroi Airport","シャルルロワ空港","沙勒罗瓦－布鲁塞尔南机场","50.462","4.4596","Europe/Brussels","0",""
"CRM","PH","카타르만","Catarman","カタルマン (北サマル州)","卡塔曼 (北薩馬省)","","","Catarman National Airport","カタルマン空港","卡塔曼國立機場","12.5016","124.6353","Asia/Manila","0",""
"CRP","US","코퍼스크리스티","Corpus Christi","コーパス・クリスティ","科珀斯克里斯蒂","","","Corpus Christi International Airport","コーパスクリスティ国際空港","科珀斯克里斯蒂國際機場","27.7704","-97.5012","America/Chicago","0",""
"CRV","IT","크로토네","Crotone","クロトーネ","克羅托內","Isola di Capo Rizzuto (KR)","","Crotone Sant'Anna Pythagoras Airport","クロトーネ空港","克羅托內機場","38.9972","17.0802","Europe/Rome","0",""
"CRW","US","찰스턴","Charleston","チャールストン","查爾斯頓","","","Yeager Airport","イェーガー空港","查爾斯頓-Yeager","38.3731","-81.5932","America/New_York","0",""
"CRZ","TM","투르크메나바트","Türkmenabat","テュルクメナバート","土庫曼納巴德","","","Türkmenabat International Airport","テュルクメナバート空港","土庫曼納巴德機場","38.9307","63.564","Asia/Ashgabat","0",""
"CSG","US","콜럼버스","Columbus","コロンバス","哥倫布","","","Columbus Airport","コロンバス空港","哥倫布大都會機場 (佐治亞州)","32.5164","-84.9396","America/New_York","0",""
"CSK","SN","캡 스커링","Cap Skirring","カップスキリング","开普斯科灵","","캡 스커링 공항","Cap Skirring Airport","キャップ・スキリング空港","Cap Skirring機場","12.3953","-16.748","Africa/Dakar","0",""
"CSW","MX","","Cabo San Lucas","","","","","Cabo San Lucas International Airport","","","22.9491","-109.9395","America/Mazatlan","0",""
"CSY","RU","체복사리","Cheboksary","チェボクサル","切博克薩雷","","","Cheboksary Airport","チェボクサル空港","切博克薩雷機場","56.0903","47.3473","Europe/Moscow","0",""
"CTA","IT","카타니아","Catania","カターニア","卡塔尼亞","","카타니아폰타나로사 공항","Catania-Fontanarossa Airport","カターニア＝フォンターナロッサ空港","卡塔尼亞","37.4668","15.0664","Europe/Rome","0",""
"CTC","AR","산페르난도델바예데카타마르카","San Fernando del Valle de Catamarca","サン・フェルナンド・デル・バジェ・デ・カタマルカ","卡塔马卡","Catamarca","","Coronel Felipe Varela International Airport","コロネル・フェリペ・バレーラ国際空港","費利佩·巴雷拉上校國際機場","-28.5931","-65.7512","America/Argentina/Catamarca","0",""
"CTD","PA","치트레","Chitré","チトレ","奇特雷","","","Alonso Valderrama Airport","チトレ ""アロンソ・バルデラマ""空港","Chitré Alonso Valderrama機場","7.9878","-80.4098","America/Panama","0",""
"CTG","CO","카르타헤나","Cartagena","カルタヘナ","卡塔赫納","","","Rafael Nuñez International Airport","ラファエル・ヌニェス国際空港","卡塔赫納","10.4424","-75.513","America/Bogota","0",""
"CTL","AU","찰빌","Charleville","チャールビル","查爾維爾","","","Charleville Airport","チャールヴィル空港","沙勒維爾機場","-26.4133","146.262","Australia/Brisbane","0",""
"CTM","MX","체투말","Chetumal","チェトゥマル","切圖馬爾","","","Chetumal International Airport","チェトゥマル国際空港","切圖馬爾機場","18.505","-88.328","America/Cancun","0",""
"CTN","AU","쿡타운","Cooktown","クックタウン","庫克敦","","","Cooktown Airport","クックタウン空港","庫克敦機場","-15.4436","145.1832","Australia/Brisbane","0",""
"CTU","CN","청두","Chengdu","成都","成都","Chengdu (Shuangliu)","청두 솽류 국제공항","Chengdu Shuangliu International Airport","成都双流国際空港","成都雙流國際機場","30.5583","103.946","Asia/Shanghai","0",""
"CUC","CO","쿠쿠타","Cúcuta","ククタ","庫庫塔","","","Camilo Daza International Airport","カミーロ・ダサ国際空港","Camilo Daza國際機場","7.9276","-72.5115","America/Bogota","0",""
"CUE","EC","쿠엥카","Cuenca","クエンカ","昆卡","","","Mariscal Lamar Airport","クエンカ","拉馬爾元帥國際機場","-2.8895","-78.9844","America/Guayaquil","0",""
"CUF","IT","쿠네오","Cuneo","クーネオ","庫內奧","Levaldigi (CN)","쿠네오 국제공항","Cuneo International Airport","クーネオ＝レヴァルディジ空港","庫內奧國際機場","44.5475","7.623","Europe/Rome","0",""
"CUK","BZ","","Caye Caulker","","","","","Caye Caulker Airport","ケイ・コールカー空港","考克島機場","17.735","-88.0329","America/Belize","0",""
"CUL","MX","쿨리아칸","Culiacán","クリアカン","庫利亞坎","","","Bachigualato Federal International Airport","クリアカン国際空港","庫利亞坎","24.765","-107.4752","America/Mazatlan","0",""
"CUM","VE","쿠마나","Cumaná","クマナ","庫馬納","","","Antonio José de Sucre Airport","アントニオ・ホセ・デ・スクレ空港","安東尼奧·何塞·蘇克雷機場","10.4503","-64.1305","America/Caracas","0",""
"CUN","MX","","Cancún","","","","캉쿤 국제공항","Cancún International Airport","カンクン国際空港","坎昆國際機場","21.0408","-86.8735","America/Cancun","0",""
"CUP","VE","카루파노","Carúpano","カルパノ","卡魯帕諾","","","General Francisco Bermúdez Airport","ヘネラル・ホセ・フランシスコ・ベルムデス空港","José Francisco Bermúdez將軍機場","10.66","-63.2617","America/Caracas","0",""
"CUQ","AU","","Coen","","科恩","","","Coen Airport","コーエン空港","科恩機場","-13.7611","143.1133","Australia/Brisbane","0",""
"CUR","CW","빌렘스타트","Willemstad","ウィレムスタッド","威廉斯塔德","","퀴라소 국제공항","Hato International Airport","ハト国際空港","庫拉索國際機場","12.1889","-68.9598","America/Curacao","0",""
"CUU","MX","치와와","Chihuahua City","チワワ","赤瓦瓦","Chihuahua","","General Roberto Fierro Villalobos International Airport","ヘネラル・ロベルト・フィエロ・ヴィラロボス国際空港","Roberto Fierro Villalobos將軍國際機場","28.7026","-105.9638","America/Chihuahua","0",""
"CUZ","PE","쿠스코","Cusco","クスコ","庫斯科","","","Alejandro Velasco Astete International Airport","アレハンドロ・ベラスコ・アステテ国際空港","庫斯科國際機場","-13.5357","-71.9388","America/Lima","0",""
"CVG","US","신시내티","Cincinnati","シンシナティ","辛辛那提","Cincinnati / Covington","신시내티/북캔터키 국제공항","Cincinnati Northern Kentucky International Airport","シンシナティ・ノーザンケンタッキー国際空港","辛辛那堤/北肯塔基國際機場","39.0488","-84.6678","America/New_York","0",""
"CVM","MX","시우다드빅토리아","Ciudad Victoria","シウダービクトリア","維多利亞城","","","General Pedro Jose Mendez International Airport","シウダード・ビクトリア国際空港","Pedro J. Méndez將軍國際機場","23.7033","-98.9565","America/Monterrey","0",""
"CVN","US","클로비스","Clovis","クローヴィス","克洛維斯（新墨西哥州）","","","Clovis Municipal Airport","Clovis市営空港","克洛維斯市立機場","34.4266","-103.0788","America/Chicago","0",""
"CVQ","AU","","Carnarvon","","卡納芬","","","Carnarvon Airport","","加拿分機場","-24.8843","113.6664","Australia/Perth","0",""
"CWA","US","워소","Wausau","ウォーソー","沃索","Mosinee","","Central Wisconsin Airport","","中威斯康星機場","44.7774","-89.6702","America/Chicago","0",""
"CWB","BR","상조세두스피냐이스","São José dos Pinhais","サン・ジョゼ・ドス・ピニャイス","聖若澤杜斯皮尼艾斯","Curitiba","아폰수 페나 국제공항","Curitiba-Afonso Pena International Airport","アフォンソ・ペーナ国際空港","阿方索·佩納國際機場","-25.5285","-49.1758","America/Sao_Paulo","0",""
"CWJ","CN","창위안 와족 자치현","Cangyuan Va Autonomous County","滄源ワ族自治県","沧源佤族自治县","Lincang (Cangyuan)","","Cangyuan Washan Airport","滄源佤山空港","沧源佤山机场","23.2763","99.3732","Asia/Yangon","0",""
"CWL","GB","카디프","Cardiff","カーディフ","卡地夫","","카디프 공항","Cardiff International Airport","カーディフ空港","加的夫（CWL）","51.3967","-3.3433","Europe/London","0",""
"CXB","BD","콕스바자르","Cox's Bazar","コックスバザール","科克斯巴扎爾","","콕스바자라 공항","Cox's Bazar Airport","コックスバザール空港","科克斯巴扎爾機場","21.4575","91.9633","Asia/Dhaka","0",""
"CXI","KI","키리티마티","Kiritimati","キリスィマスィ島","聖誕島","","","Cassidy International Airport","カシディー国際空港","卡西迪國際機場","1.9863","-157.35","Pacific/Kiritimati","0",""
"CXJ","BR","카시아스두술","Caxias do Sul","カシアス・ド・スル","南卡希亞斯","","","Hugo Cantergiani Regional Airport","カシアス・ド・スル","","-29.1972","-51.1876","America/Sao_Paulo","0",""
"CXP","ID","킬캡","Cilacap","チラチャップ","芝拉扎縣","","","Tunggul Wulung Airport","","通古爾·烏隆機場","-7.6451","109.034","Asia/Jakarta","0",""
"CYA","HT","르카예","Les Cayes","レカイ","萊凱","","","Antoine-Simon International Airport","アントワーヌ＝シモン空港","安托萬-西蒙機場","18.2711","-73.7883","America/Port-au-Prince","0",""
"CYB","KY","","West End","","","","","Charles Kirkconnell International Airport","キャプテン・チャールズ・カークコーネル国際空港","Charles Kirkconnell國際機場","19.687","-79.8828","America/Cayman","0",""
"CYC","BZ","","Caye Chapel","","","","","Caye Chapel Airport","ケイ・チャペル空港","Caye Chapel機場","17.6838","-88.045","America/Belize","0",""
"CYI","TW","","Shuishang","","","","자이 공항","Chiayi Airport","嘉義空港","嘉義機場","23.4626","120.3905","Asia/Taipei","0",""
"CYO","CU","카요라르고델수르섬","Cayo Largo del Sur","カヨ・ラルゴ","拉戈島","","","Vilo Acuña International Airport","ヴィロ・アクーニャ空港","阿庫尼亞機場","21.6165","-81.546","America/Havana","0",""
"CYP","PH","칼바이오그","Calbayog","カルバヨグ","卡爾巴由格","Calbayog City","","Calbayog Airport","カルバヨグ空港","甲描育機場","12.0726","124.5451","Asia/Manila","0",""
"CYS","US","샤이엔","Cheyenne","シャイアン","夏延","","","Cheyenne Regional Jerry Olson Field","シャイアン空港","夏延支線機場","41.1557","-104.812","America/Denver","0",""
"CYX","RU","","Chersky","チェルスキー","切爾斯基","Cherskiy","","Cherskiy Airport","チェルスキー空港","切爾斯基機場","68.7406","161.338","Asia/Anadyr","0",""
"CYZ","PH","카우아얀","Cauayan","カワヤン","卡瓦延","Cauayan City","","Cauayan Airport","カウアヤン空港","卡瓦延機場","16.9299","121.753","Asia/Manila","0",""
"CZE","VE","코로 (도시)","Coro","コロとその港","聖安娜德科羅","","","José Leonardo Chirinos Airport","ホセ・レオナルド・チリノ空港","José Leonardo Chirino機場","11.4149","-69.6809","America/Caracas","0",""
"CZH","BZ","","Corozal","","","","","Corozal Airport","コロザル空港","科羅薩爾機場","18.3822","-88.4119","America/Belize","0",""
"CZL","DZ","콩스탕틴","Constantine","コンスタンティーヌ","君士坦丁","","","Mohamed Boudiaf International Airport","モアメ・ブディアフ国際空港","君士坦丁","36.276","6.6204","Africa/Algiers","0",""
"CZM","MX","산 미구엘 데 코주멜","San Miguel de Cozumel","サン・ミゲル・デ・コスメル","圣米格尔德科苏梅尔","Cozumel","","Cozumel International Airport","コスメル国際空港","科蘇梅爾島","20.5149","-86.9285","America/Cancun","0",""
"CZS","BR","","Cruzeiro do Sul","クルゼイロ・ド・スル","南克魯賽羅","","","Cruzeiro do Sul Airport","クルゼイロ・ド・スル国際空港","南克魯賽羅國際機場","-7.5999","-72.7695","America/Rio_Branco","0",""
"CZU","CO","","Corozal","コロサル","科羅薩爾","","","Las Brujas Airport","ブルハス空港","Las Brujas機場 (哥倫比亞)","9.3327","-75.2856","America/Bogota","0",""
"CZX","CN","창저우","Changzhou","常州","常州","","","Changzhou Benniu International Airport","常州奔牛空港","常州奔牛機場","31.9205","119.7755","Asia/Shanghai","0",""
"DAB","US","데이토나비치","Daytona Beach","デイトナ・ビーチ","代托納比奇","","","Daytona Beach International Airport","デイトナビーチ国際空港","戴通納海灘國際機場","29.1825","-81.0595","America/New_York","0",""
"DAC","BD","다카","Dhaka","ダッカ","達卡","","샤잘랄 국제공항","Hazrat Shahjalal International Airport","シャージャラル国際空港","沙阿贾拉勒国际机场","23.8433","90.3978","Asia/Dhaka","0",""
"DAL","US","댈러스","Dallas","ダラス","達拉斯","","댈러스 러브 필드","Dallas Love Field","ダラス・ラブフィールド空港","達拉斯-洛夫","32.8448","-96.8477","America/Chicago","0",""
"DAM","SY","다마스쿠스","Damascus","ダマスカス","大馬士革","","다마스쿠스 국제공항","Damascus International Airport","ダマスカス国際空港","大马士革国际机场","33.4115","36.5156","Asia/Damascus","0",""
"DAR","TZ","다르에스살람","Dar es Salaam","ダルエスサラーム","三蘭港","","줄리어스 니에레레 국제공항","Julius Nyerere International Airport","ジュリウス・ニエレレ国際空港","朱利葉斯·尼雷爾國際機場","-6.8735","39.2073","Africa/Dar_es_Salaam","0",""
"DAT","CN","다퉁","Datong","大同","大同","","","Datong Yungang International Airport","大同雲岡国際空港","大同雲岡國際機場","40.0614","113.4805","Asia/Shanghai","0",""
"DAU","PG","다루","Daru","ダル","達魯","","","Daru Airport","ダル空港","達魯機場","-9.0868","143.208","Pacific/Port_Moresby","0",""
"DAV","PA","다비드","David","ダビッド","戴维","","","Enrique Malek International Airport","ダビッド","Enrique Malek國際機場","8.389","-82.4364","America/Panama","0",""
"DAY","US","데이턴","Dayton","デイトン","代頓","","","James M. Cox Dayton International Airport","デイトン国際空港","代頓","39.9024","-84.2194","America/New_York","0",""
"DBB","EG","엘 알라메인","El Alamein","エル・アラメイン","阿拉曼","","","El Alamein International Airport","","阿拉曼国际机场","30.9243","28.4616","Africa/Cairo","0",""
"DBC","CN","바이청","Baicheng","白城","白城","","","Baicheng Chang'an Airport","","白城長安機場","45.5053","123.0197","Asia/Shanghai","0",""
"DBO","AU","더보","Dubbo","ダボ (ニューサウスウェールズ州)","德寳","","","Dubbo City Regional Airport","ダボ空港","達博機場","-32.2167","148.575","Australia/Sydney","0",""
"DBQ","US","더뷰크","Dubuque","ダビューク","迪比克","","","Dubuque Regional Airport","Dubuque地域空港","迪比克支線機場","42.402","-90.7095","America/Chicago","0",""
"DBR","IN","","Darbhanga","","","","","Darbhanga Airport","ダルバンガー","","26.1928","85.9169","Asia/Kolkata","0",""
"DBV","HR","두브로브니크","Dubrovnik","ドゥブロヴニク","杜布羅夫尼克","","두브로브니크 공항","Dubrovnik Ruđer Bošković Airport","ドブロブニク空港","杜布羅夫尼克機場","42.5622","18.2655","Europe/Zagreb","0",""
"DCA","US","워싱턴 D.C.","Washington, D.C.","ワシントンD.C.","華盛頓哥倫比亞特區","Washington","로널드 레이건 워싱턴 내셔널 공항","Ronald Reagan Washington National Airport","ロナルド・レーガン・ワシントン・ナショナル空港","隆納·雷根華盛頓國家機場","38.8521","-77.0377","America/New_York","0",""
"DCF","DM","로조","Roseau","ロゾー","羅梭","Canefield","","Canefield Airport","ケインフィールド空港","坎菲尔德机场","15.3367","-61.3921","America/Dominica","0",""
"DCM","FR","카스트르","Castres","カストル","卡斯特爾","","","Castres Mazamet Airport","カストル・マザメ空港","卡斯特爾-馬扎默機場","43.5563","2.2892","Europe/Paris","0",""
"DCY","CN","다오청현","Daocheng County","稲城県","稻城县","Garzê (Daocheng)","다오청 야딩 공항","Daocheng Yading Airport","稲城亜丁空港","稻城亞丁機場","29.3163","100.0603","Asia/Shanghai","0",""
"DDC","US","도지시티","Dodge City","ドッジ・シティ","道奇城","","","Dodge City Regional Airport","Dodge City地域空港","道奇城支線機場","37.7634","-99.9656","America/Chicago","0",""
"DDG","CN","단둥","Dandong","丹東","丹東","Dandong (Zhenxing)","단둥 랑터우 공항","Dandong Langtou International Airport","丹東浪頭空港","丹東浪頭機場","40.0255","124.2867","Asia/Shanghai","0",""
"DDR","CN","","Xigazê (Dingri)","","","","","Shigatse Tingri Airport","","日喀则定日机场","28.6046","86.798","Asia/Shanghai","0",""
"DEA","PK","데라 가지 칸","Dera Ghazi Khan","デーラー・ガーズィー・ハーン","德拉加齊汗","","","Dera Ghazi Khan Airport","デラ・ガージ・カーン空港","德拉加齊汗國際機場","29.961","70.4859","Asia/Karachi","0",""
"DEB","HU","데브레첸","Debrecen","デブレツェン","德布勒森","","데브레첸 국제공항","Debrecen International Airport","デブレツェン","德布勒森國際機場","47.4895","21.6163","Europe/Budapest","0",""
"DEC","US","디케이터","Decatur","ディケーター","迪凱特","","","Decatur Airport","ディケーター空港","迪凱特機場","39.8346","-88.8657","America/Chicago","0",""
"DED","IN","데라둔","Dehradun","デヘラードゥーン","德拉敦","Dehradun (Jauligrant)","","Dehradun Jolly Grant Airport","デヘラードゥーン空港","臺拉登","30.1892","78.1767","Asia/Kolkata","0",""
"DEF","IR","","Dezful","","","","","Dezful Airport","デズフール空港","迪茲富勒機場","32.4344","48.3976","Asia/Tehran","0",""
"DEN","US","덴버","Denver","デンバー","丹佛","","덴버 국제공항","Denver International Airport","デンバー国際空港","丹佛國際機場","39.86","-104.6738","America/Denver","0",""
"DGA","BZ","","Dangriga","","","","","Dangriga Airport","ダンリガ空港","丹格里加機場","16.9825","-88.231","America/Belize","0",""
"DGO","MX","두랑고","Victoria de Durango","ドゥランゴ","杜兰戈","Durango","","General Guadalupe Victoria International Airport","ヘネラル・グアダルーペ・ビクトリア国際空港","瓜達盧佩·維多利亞將軍國際機場","24.1255","-104.5279","America/Monterrey","0",""
"DGT","PH","","Dumaguete City","","","","","Sibulan Airport","シブラン空港","杜馬格特","9.3342","123.3019","Asia/Manila","0",""
"DHM","IN","캉그라","Kangra","カーングラ (ヒマーチャル・プラデーシュ州)","岡格拉","","","Kangra Airport","カングラ空港","坎格拉機場","32.1649","76.263","Asia/Kolkata","0",""
"DHN","US","도선","Dothan","ドーサン","多森","","","Dothan Regional Airport","Dothan地域空港","多森支線機場","31.3213","-85.4496","America/Chicago","0",""
"DHX","ID","케디리","Kediri","クディリ","諫義里","","","Dhoho International Airport","","多霍国际机场","-7.7495","111.9468","Asia/Jakarta","0",""
"DIA","QA","도하","Doha","ドーハ","杜哈","","","Doha International Airport","","","25.2594","51.5655","Asia/Qatar","0",""
"DIB","IN","디브루가르","Dibrugarh","ディブルガル","迪布魯格爾","","","Dibrugarh Airport","ディブルガル空港","迪布魯加爾機場","27.4839","95.0169","Asia/Kolkata","0",""
"DIE","MG","안치라나나","Antsiranana","アンツィラナナ","安齊拉納納","Antisiranana","","Arrachart Airport","アッラチャート空港","Arrachart機場","-12.3494","49.2917","Indian/Antananarivo","0",""
"DIG","CN","디칭 티베트족 자치주","Diqing Tibetan Autonomous Prefecture","デチェン・チベット族自治州","迪庆藏族自治州","Diqing (Shangri-La)","","Diqing Shangri-La Airport","デチェン・シャングリラ空港","迪慶香格里拉機場","27.7936","99.6772","Asia/Shanghai","0",""
"DIK","US","디킨슨","Dickinson","ディッキンソン","迪金森","","","Dickinson Theodore Roosevelt Regional Airport","Theodore Roosevelt地域空港","迪金森西奧多·羅斯福支線機場","46.7975","-102.8019","America/Denver","0",""
"DIL","TL","딜리","Dili","ディリ","帝力","","프레지젠치 니콜라우 로바투 국제공항","Presidente Nicolau Lobato International Airport","プレジデンテ・ニコラウ・ロバト国際空港","尼古勞·洛巴托總統國際機場","-8.5466","125.5245","Asia/Makassar","0",""
"DIN","VN","디엔비엔푸","Điện Biên Phủ","ディエンビエンフー","奠邊府","Dien Bien Phu","디엔비엔푸 공항","Dien Bien Phu Airport","ディエンビエンフー空港","奠邊府機場","21.3975","103.008","Asia/Vientiane","0",""
"DIR","ET","디레다와","Dire Dawa","ディレ・ダワ","德雷達瓦","","","Aba Tenna Dejazmach Yilma International Airport","アバ・テナ・デジャズマッチ・イルマ国際空港","阿巴·德納·D·伊爾馬國際機場","9.6235","41.855","Africa/Addis_Ababa","0",""
"DIY","TR","디야르바키르","Diyarbakır","ディヤルバクル","迪亞巴克爾","","","Diyarbakır Airport","ディヤルバクル空港","迪亞巴克爾機場","37.8939","40.201","Europe/Istanbul","0",""
"DJE","TN","제르바섬","Djerba","ジェルバ島","傑爾巴島","Mellita","제르바 자르지스 국제공항","Djerba Zarzis International Airport","ジェルバ＝ザルジス国際空港","傑爾巴－傑爾吉斯國際機場","33.8737","10.7773","Africa/Tunis","0",""
"DJG","DZ","자네트","Djanet","ジャーネット","賈奈特","","","Tiska Djanet Airport","ティスカ空港","賈奈特Inedbirene機場","24.2854","9.4637","Africa/Algiers","0",""
"DJJ","ID","자야푸라","Jayapura","ジャヤプラ","嘉雅浦拉","Sentani","센타니 국제공항","Dortheys Hiyo Eluay International Airport","センタニ空港","仙谷国际机场","-2.5796","140.5199","Asia/Jayapura","0",""
"DJT","US","","West Palm Beach","","","","","President Donald J. Trump International Airport","","","26.6832","-80.0956","America/New_York","0",""
"DKA","NG","카치나","Katsina","カツィナ","卡齐纳","","","Umaru Musa Yar'adua Airport","カツィナ空港","卡齊納機場","13.0078","7.6604","Africa/Lagos","0",""
"DLA","CM","두알라","Douala","ドゥアラ","杜阿拉","","두알라 국제공항","Douala International Airport","ドゥアラ国際空港","杜阿拉國際機場","4.0061","9.7195","Africa/Douala","0",""
"DLE","FR","돌","Dole","ドル","多勒","","","Dole Tavaux Airport","ドル＝ジュラ空港","多勒汝拉機場","47.039","5.4276","Europe/Paris","0",""
"DLG","US","","Dillingham","ディリンガム","迪林厄姆","","","Dillingham Airport","ディリンハム空港","迪林厄姆機場","59.0447","-158.505","America/Anchorage","0",""
"DLH","US","덜루스","Duluth","ダルース","德盧斯","","","Duluth International Airport","ダルース国際空港","德盧斯國際機場","46.8419","-92.1987","America/Chicago","0",""
"DLI","VN","달랏","Đà Lạt","ダラット","大叻","Da Lat","리엔크엉 국제공항","Lien Khuong Airport","リエンクオン国際空港","蓮姜機場","11.7506","108.367","Asia/Ho_Chi_Minh","0",""
"DLM","TR","","Dalaman","ダラマン","達拉曼","","","Dalaman International Airport","ダラマン空港","Dalaman（DLM）","36.7131","28.7925","Europe/Istanbul","0",""
"DLU","CN","다리","Dali","大理","大理","Dali (Xiaguan)","","Dali Fengyi Airport","大理空港","大理凤仪机场","25.6494","100.319","Asia/Shanghai","0",""
"DLZ","MN","달란자드가드","Dalanzadgad","ダルンザドガド","達蘭扎德嘎德","","달란자드가드 공항","Dalanzadgad Airport","ダルンザドガド空港","達蘭扎德嘎德機場","43.6086","104.3677","Asia/Ulaanbaatar","0",""
"DMB","KZ","타라즈","Taraz","タラス","塔拉茲","","","Taraz International Airport","タラズ空港","塔拉茲機場","42.8536","71.3036","Asia/Almaty","0",""
"DME","RU","모스크바","Moscow","モスクワ","莫斯科","","도모데도보 국제공항","Domodedovo International Airport","ドモジェドヴォ空港","多莫傑多沃國際機場","55.4088","37.9063","Europe/Moscow","0",""
"DMM","SA","담맘","Dammam","ダンマーム","達曼","Ad Dammam","킹 파흐드 국제공항","King Fahd International Airport","キング・ファハド国際空港","法赫德國王國際機場","26.4691","49.7982","Asia/Riyadh","0",""
"DMU","IN","디마푸르","Dimapur","ディマプル","迪馬布爾","","","Dimapur Airport","ディマプル空港","迪馬普爾機場","25.8839","93.7711","Asia/Kolkata","0",""
"DND","GB","던디","Dundee","ダンディー","鄧迪","","","Dundee Airport","ダンディー","鄧迪機場","56.4525","-3.0258","Europe/London","0",""
"DNH","CN","둔황","Dunhuang","敦煌","敦煌","","둔황 공항","Dunhuang Mogao International Airport","敦煌空港","敦煌機場","40.162","94.8128","Asia/Shanghai","0",""
"DNZ","TR","","Çaltı","","","Denizli","","Çardak Airport","デニズリ・チャルダク空港","代尼茲利恰爾達克機場","37.7856","29.7013","Europe/Istanbul","0",""
"DOD","TZ","도도마","Dodoma","ドドマ","多多马","","","Dodoma Airport","ドドマ国際空港","多多馬機場","-6.1706","35.756","Africa/Dar_es_Salaam","0",""
"DOG","SD","동골라","Dongola","ドンゴラ","棟古拉","","","Dongola Airport","ドンゴラ空港","棟古拉機場","19.1537","30.4301","Africa/Khartoum","0",""
"DOL","FR","도빌","Deauville","ドーヴィル","多維爾","","","Deauville Normandie airport","ドーヴィル＝ノルマンディー空港","多维尔諾曼第机场","49.3652","0.1545","Europe/Paris","0",""
"DOM","DM","로조","Roseau","ロゾー","羅梭","Marigot","","Douglas-Charles Airport","メルビル・ホール空港","樸茨茅斯","15.5467","-61.3011","America/Dominica","0",""
"DOV","US","","Dover","","","","","Dover Civil Air Terminal/Dover Air Force Base","ドーバー空軍基地","多佛空軍基地","39.1295","-75.466","America/New_York","0",""
"DOY","CN","둥잉","Dongying","東営","東營","Dongying (Kenli)","","Dongying Shengli Airport","東営永安空港","东营胜利机场","37.5014","118.7899","Asia/Shanghai","0",""
"DPL","PH","디폴로그","Dipolog","ディポログ","第波羅","","","Dipolog Airport","ディポログ空港","第波羅","8.602","123.3419","Asia/Manila","0",""
"DPO","AU","데본포트","Devonport","デボンポート","德文港","","","Devonport Airport","","德文港機場","-41.1697","146.43","Australia/Hobart","0",""
"DQM","OM","","Duqm","ドゥクム","杜昆","","","Duqm International Airport","ドゥクム","杜昆","19.5019","57.6342","Asia/Muscat","0",""
"DRG","US","","Deering","","迪灵","","","Deering Airport","","迪靈機場","66.0689","-162.7669","America/Nome","0",""
"DRO","US","듀랑고","Durango","デュランゴ","杜蘭戈","","","Durango La Plata County Airport","Durango-La Plata郡空港","杜蘭戈·拉普拉塔機場","37.1515","-107.754","America/Denver","0",""
"DRP","PH","레가스피","Legazpi","レガスピ","黎牙實比","","비콜 국제공항","Bicol International Airport","ビコル国際空港","比科爾國際機場","13.1119","123.6768","Asia/Manila","0",""
"DRS","DE","드레스덴","Dresden","ドレスデン","德勒斯登","","드레스덴 공항","Dresden Airport","ドレスデン空港","德勒斯登機場","51.1341","13.7678","Europe/Berlin","0",""
"DRW","AU","다윈","Darwin","ダーウィン (ノーザンテリトリー)","達爾文","","다윈 국제공항","Darwin International Airport / RAAF Darwin","ダーウィン国際空港","達爾文國際機場","-12.415","130.8818","Australia/Darwin","0",""
"DSI","US","","Destin","デスティン","德斯坦","","","Destin Executive Airport","","德斯坦行政機場","30.4001","-86.4715","America/Chicago","0",""
"DSM","US","디모인","Des Moines","デ・モイン","狄蒙因","","","Des Moines International Airport","デモイン国際空港","德梅因國際機場","41.534","-93.6567","America/Chicago","0",""
"DSN","CN","어얼둬쓰","Ordos City","オルドス","鄂爾多斯","Ordos","어얼둬쓰 이진훠뤄 국제공항","Ordos Ejin Horo International Airport","オルドス空港","鄂爾多斯機場","39.4935","109.8599","Asia/Shanghai","0",""
"DSO","KP","정평군","Chongpyong County","定平郡","定平郡","Sŏndŏng-ni","선덕비행장","Sondok Airport","宣徳飛行場","善德機場","39.7452","127.474","Asia/Pyongyang","0",""
"DSS","SN","다카르","Dakar","ダカール","達卡","","블레즈-디아뉴 국제공항","Blaise Diagne International Airport","ブレーズ・ジャーニュ国際空港","達喀爾","14.6709","-17.0728","Africa/Dakar","0",""
"DSY","KH","","Ta Noun","","","","","Dara Sakor International Airport","ダラサコール国際空港","七星海国际机场","10.9142","103.2267","Asia/Phnom_Penh","0",""
"DTM","DE","도르트문트","Dortmund","ドルトムント","多特蒙德","","도르트문트 공항","Dortmund Airport","ドルトムント空港","多特蒙德機場","51.5183","7.6122","Europe/Berlin","0",""
"DTU","CN","우다롄츠","Wudalianchi","五大連池","五大連池","Heihe","","Wudalianchi Dedu Airport","","五大连池德都机场","48.441","126.1284","Asia/Shanghai","0",""
"DUB","IE","더블린","Dublin","ダブリン","都柏林","","더블린 공항","Dublin Airport","ダブリン空港","都柏林机场","53.4287","-6.2621","Europe/Dublin","0",""
"DUD","NZ","더니딘","Dunedin","ダニーデン","但尼丁","","더니딘 국제공항","Dunedin International Airport","ダニーデン国際空港","但尼丁","-45.929","170.1978","Pacific/Auckland","0",""
"DUE","AO","","Dundo","ドゥンド","敦多","Chitato","","Dundo Airport","ドゥンド空港","棟多機場","-7.4009","20.8185","Africa/Lubumbashi","0",""
"DUJ","US","","DuBois","ドゥボイズ","杜波伊斯","","","DuBois Regional Airport","DuBois地域空港","杜波伊斯支線機場","41.1783","-78.8987","America/New_York","0",""
"DUM","ID","두마이","Dumai","ドゥマイ","杜邁","","","Pinang Kampai Airport","ピナン・カンパイ空港","檳榔·甘派機場","1.609","101.4335","Asia/Jakarta","0",""
"DUR","ZA","더반","Durban","ダーバン","德班","","킹 샤카 국제공항","King Shaka International Airport","キング・シャカ国際空港","沙卡國王國際機場","-29.6144","31.1197","Africa/Johannesburg","0",""
"DUS","DE","뒤셀도르프","Düsseldorf","デュッセルドルフ","杜塞道夫","","","Düsseldorf Airport","デュッセルドルフ空港駅","杜塞爾多夫機場車站","51.2895","6.7668","Europe/Berlin","0",""
"DUT","US","어널래스카섬","Unalaska","ウナラスカ","乌纳拉斯卡","","","Tom Madsen (Dutch Harbor) Airport","ウナラスカ空港","烏納拉斯卡機場","53.8988","-166.545","America/Nome","0",""
"DVL","US","데블스레이크","Devils Lake","デヴィルズ・レイク","魔鬼湖","","","Devils Lake Regional Airport","Devils Lake市営空港","魔鬼湖支線機場","48.1155","-98.9088","America/Chicago","0",""
"DVO","PH","다바오","Davao City","ダバオ","納卯","Davao","프란시스코 방고이 국제공항","Francisco Bangoy International Airport","ダバオ国際空港","達沃國際機場","7.1255","125.646","Asia/Manila","0",""
"DWC","AE","두바이","Dubai","ドバイ","杜拜","Dubai(Jebel Ali)","알막툼 국제공항","Al Maktoum International Airport","アール・マクトゥーム国際空港","阿勒馬克圖姆國際機場","24.8962","55.1624","Asia/Dubai","0",""
"DWD","SA","","Dawadmi governorate","ダワドミ","杜瓦達米","Dawadmi","","Dawadmi Domestic Airport","ダワドミ","杜瓦達米本地機場","24.4499","44.1212","Asia/Riyadh","0",""
"DXN","IN","델리","Delhi","デリー","德里","Gautam Buddha Nagar","","Noida International Airport","ノイダ国際空港","諾伊達國際機場","28.1799","77.6118","Asia/Kolkata","0",""
"DYR","RU","아나디리","Anadyr","アナディリ","阿納德爾","","우고니 공항","Ugolny Yuri Ryktheu Airport","ウゴリヌイ空港","烏戈爾尼機場","64.7349","177.741","Asia/Anadyr","0",""
"DYU","TJ","두샨베","Dushanbe","ドゥシャンベ","杜尚貝","","두샨베 국제공항","Dushanbe International Airport","ドゥシャンベ空港","杜尚别机场","38.5437","68.823","Asia/Dushanbe","0",""
"DZA","YT","자우지","Dzaoudzi","ザウジ","藻德濟","","자우지 파만지 국제공항","Dzaoudzi Pamandzi International Airport","ザウジ・パマンジ国際空港","藻德济-帕芒济国际机场","-12.8093","45.2818","Indian/Mayotte","0",""
"DZH","CN","","Dazhou (Dachuan)","","","","","Dazhou Jinya Airport","達州金埡空港","达州金垭机场","31.0488","107.4356","Asia/Shanghai","0",""
"DZN","KZ","제즈카잔","Jezkazgan","ジェズカズガン","傑茲卡茲甘","Zhezkazgan","","Zhezkazgan National Airport","ジェスカズガン空港","傑茲卡茲甘","47.709","67.7381","Asia/Almaty","0",""
"EAM","SA","나지란","Najran","ナジュラーン","奈季蘭","","","Najran Domestic Airport","ナジュラーン","奈季蘭國內機場","17.6114","44.4192","Asia/Riyadh","0",""
"EAR","US","카니","Kearney","カーニー","科爾尼","","","Kearney Regional Airport","Kearney地域空港","卡尼支線機場","40.727","-99.0068","America/Chicago","0",""
"EAS","ES","산세바스티안","San Sebastián","サン・セバスティアン","聖塞巴斯提安","Hondarribia","산세바스티안 공항","San Sebastián Airport","サン・セバスティアン空港","聖塞瓦斯蒂安機場","43.3565","-1.7906","Europe/Madrid","0",""
"EAT","US","웨나치","Wenatchee","ワナッチー","韋納奇","","","Pangborn Memorial Airport","パングボーン・メモリアル空港","Pangborn紀念機場","47.3989","-120.207","America/Los_Angeles","0",""
"EAU","US","오클레어","Eau Claire","オークレア","歐克萊爾","","","Chippewa Valley Regional Airport","Chippewa Valley地域空港","歐克萊爾","44.8658","-91.4843","America/Chicago","0",""
"EBA","IT","엘바섬","Elba","エルバ島","厄尔巴岛","Campo nell'Elba (LI)","마리나디캄포 공항","Marina di Campo Airport","マリーナ・ディ・カンポ空港","Marina di Campo機場","42.7609","10.2398","Europe/Rome","0",""
"EBB","UG","엔테베","Entebbe","エンテベ","恩德培","","","Entebbe International Airport","","","0.0424","32.4435","Africa/Kampala","0",""
"EBD","SD","","El-Obeid","","","","","El-Obeid Airport","オベイド空港","歐拜伊德機場","13.1532","30.2327","Africa/Khartoum","0",""
"EBJ","DK","에스비에르","Esbjerg","エスビャウ","埃斯比約","","","Esbjerg Airport","エスビャウ空港","埃斯比約機場","55.5259","8.5534","Europe/Copenhagen","0",""
"EBL","IQ","아르빌","Erbil","アルビール","阿爾貝拉","Arbil","아르빌 국제공항","Erbil International Airport","アルビール国際空港","埃爾比勒國際機場","36.236","43.9466","Asia/Baghdad","0",""
"ECN","CY","북키프로스","Northern Cyprus","北キプロス・トルコ共和国","北賽普勒斯土耳其共和國","Tymbou (Kirklar)","에르칸 국제공항","Ercan International Airport","エルジャン空港","埃尔詹国际机场","35.1531","33.5074","Asia/Famagusta","0",""
"ECP","US","패너마시티","Panama City","パナマシティ","巴拿馬城","Panama City Beach","","Northwest Florida Beaches International Airport","ノースウエスト・フロリダ・ビーチズ国際空港","西北佛羅里達海灘國際機場","30.3571","-85.7954","America/Chicago","0",""
"EDI","GB","에든버러","Edinburgh","エディンバラ","愛丁堡","Ingliston, Edinburgh","에든버러 공항","Edinburgh Airport","エディンバラ空港","愛丁堡機場","55.9501","-3.3723","Europe/London","0",""
"EDL","KE","엘도레트","Eldoret","エルドレット","埃爾多雷特","","","Eldoret International Airport","エルドレット国際空港","埃爾多雷特國際機場","0.4045","35.2389","Africa/Nairobi","0",""
"EDO","TR","","Edremit","エドレミト","埃德雷米特","","","Balıkesir Koca Seyit Airport","エドレミト・コルフェス空港","巴勒克埃西爾Koca Seyit機場","39.5525","27.0102","Europe/Istanbul","0",""
"EFL","GR","케팔로니아섬","Cephalonia","ケファロニア島","凱法利尼亞島","Kefallinia Island","","Kefallinia Airport","ケファロニア国際空港","凱法利尼亞國際機場","38.1201","20.5005","Europe/Athens","0",""
"EGC","FR","베르제라크","Bergerac","ベルジュラック","貝爾熱拉克","","","Bergerac Dordogne-Périgord airport","ベルジュラク","貝爾熱拉克機場","44.8253","0.5186","Europe/Paris","0",""
"EGE","US","","Eagle-Vail","","伊格爾-韋爾","Eagle","","Eagle County Regional Airport","Eagle County地域空港","伊格爾縣地區機場","39.6426","-106.918","America/Denver","0",""
"EGS","IS","에이일스스타디르","Egilsstaðir","エイイルススタジル","埃伊爾斯塔濟","","에이일스타디르 공항","Egilsstaðir Airport","エイイルススタジル空港","埃伊爾斯塔濟機場","65.2833","-14.4014","Atlantic/Reykjavik","0",""
"EGX","US","","Egegik","","伊杰吉克","","","Egegik Airport","","伊傑吉克機場","58.1844","-157.3749","America/Anchorage","0",""
"EHU","CN","","Ezhou","","","","","Ezhou Huahu International Airport","鄂州花湖空港","鄂州花湖机场","30.3412","115.0393","Asia/Shanghai","0",""
"EIE","RU","예니세이스크","Yeniseysk","エニセイスク","葉尼塞斯克","","","Yeniseysk Airport","","葉尼塞斯克機場","58.4742","92.1125","Asia/Krasnoyarsk","0",""
"EIN","NL","에인트호번","Eindhoven","アイントホーフェン","恩荷芬","","에인트호번 공항","Eindhoven Airport","アイントホーフェン空港","埃因霍溫","51.4501","5.3745","Europe/Amsterdam","0",""
"EIS","VG","영국령 버진아일랜드","British Virgin Islands","イギリス領ヴァージン諸島","英屬維京群島","Beef Island","테랜스 B. 렛섬 국제공항","Terrance B. Lettsome International Airport","テラス・B・レットサム国際空港","托爾托拉島","18.4455","-64.5417","America/Tortola","0",""
"EJA","CO","바랑카베르메하","Barrancabermeja","バランカベルメハ","巴蘭卡韋梅哈","","","Yariguíes Airport","ヤリギエス空港","Yariguíes機場","7.0243","-73.8068","America/Bogota","0",""
"EJH","SA","와지","Al Wajh governorate","アル・ワジュ","沃季赫","Al Wajh","","Al Wajh Domestic Airport","ワジュフ","沃季赫机场","26.1986","36.4764","Asia/Riyadh","0",""
"EKO","US","엘코","Elko","エルコ","埃爾科","","","Elko Regional Airport","Elko地域空港","埃爾科機場","40.8249","-115.792","America/Los_Angeles","0",""
"ELC","AU","","Elcho Island","エルチョ","埃爾科島","","","Elcho Island Airport","","埃爾科島","-12.0194","135.571","Australia/Darwin","0",""
"ELD","US","엘도라도","El Dorado","エルドラード","埃爾多拉多","","","South Arkansas Regional Airport at Goodwin Field","","Goodwin飛行場的南阿肯色支線機場","33.221","-92.8133","America/Chicago","0",""
"ELF","SD","알파시르","Al-Fashir","エル＝ファーシル","法希爾","El Fasher","","El Fasher Airport","エル＝ファーシル空港","法希爾機場","13.6149","25.3246","Africa/Khartoum","0",""
"ELG","DZ","","El Menia","エル・メニア","古莱阿","","","El Golea Airport","エル・ゴレア空港","古萊阿機場","30.5807","2.8616","Africa/Algiers","0",""
"ELH","BS","","North Eleuthera","","","","","North Eleuthera Airport","ノース・エルーセラ空港","北伊柳塞拉機場","25.4758","-76.6808","America/Nassau","0",""
"ELM","US","엘마이라","Elmira","エルマイラ","埃爾邁拉","Elmira/Corning","","Elmira Corning Regional Airport","エルマイラ・コーニング地域空港","埃爾邁拉市","42.1599","-76.8916","America/New_York","0",""
"ELP","US","엘패소","El Paso","エル・パソ","艾爾帕索","","","El Paso International Airport","エルパソ国際空港","艾爾帕索","31.8099","-106.3756","America/Denver","0",""
"ELQ","SA","카심주","Al-Qassim","カスィーム州","盖西姆省","Qassim","","Prince Naif bin Abdulaziz International Airport","カスィーム空港","卡西姆地區機場","26.3028","43.7744","Asia/Riyadh","0",""
"ELS","ZA","이스트런던","East London","イースト・ロンドン","東倫敦","","","King Phalo Airport","イースト・ロンドン","東倫敦機場","-33.0356","27.8259","Africa/Johannesburg","0",""
"ELU","DZ","엘웨드","El Oued","エル＝ウェッド","瓦德","Guemar","","Guemar Airport - مطار قمار بالوادي","ゲマール空港","蓋馬機場","33.5114","6.7768","Africa/Algiers","0",""
"EMA","GB","노팅엄","Nottingham","ノッティンガム","諾丁漢","Nottingham, Leicestershire","","East Midlands Airport","","","52.8311","-1.3281","Europe/London","0",""
"EMD","AU","","Emerald","エメラルド","埃默拉爾德","","","Emerald Airport","エメラルド空港","埃默拉爾德機場","-23.5675","148.179","Australia/Brisbane","0",""
"EMK","US","","Emmonak","","埃莫纳克","","","Emmonak Airport","エモナック","埃莫納克機場","62.7861","-164.491","America/Nome","0",""
"ENA","US","케나이","Kenai","キナイ","基奈","","","Kenai Municipal Airport","キナイ市営空港","基奈市立機場","60.5709","-151.2452","America/Anchorage","0",""
"ENF","FI","에논테키외","Enontekiö","エノンテキオ","埃農泰基厄","","에논테키외 공항","Enontekio Airport","エノンテキエ空港","埃农泰基厄机场","68.3626","23.4243","Europe/Helsinki","0",""
"ENH","CN","언스 투자족 먀오족 자치주","Enshi Tujia and Miao Autonomous Prefecture","恩施トゥチャ族ミャオ族自治州","恩施土家族苗族自治州","Enshi (Enshi)","","Enshi Xujiaping Airport","恩施許家坪空港","恩施許家坪機場","30.3203","109.485","Asia/Shanghai","0",""
"ENO","PY","이타푸아주","Itapúa Department","イタプア県","伊塔普阿省","Encarnación","","Teniente Ramon A. Ayub Gonzalez International Airport","","Teniente Amin Ayub Gonzalez機場","-27.2275","-55.8376","America/Asuncion","0",""
"ENU","NG","에누구","Enugu","エヌグ","埃努古","Enegu","","Akanu Ibiam International Airport","アカヌ・イビアム国際空港","Akanu Ibiam國際機場","6.4737","7.5605","Africa/Lagos","0",""
"ENY","CN","옌안","Yan'an","延安","延安","Yan'an (Baota)","","Yan'an Nanniwan Airport","","","36.4794","109.4641","Asia/Shanghai","0",""
"EOH","CO","메데인","Medellín","メデジン","麥德林","","","Enrique Olaya Herrera Airport","オラヤ・エレーラ空港","奧拉亞埃雷拉機場","6.2197","-75.5906","America/Bogota","0",""
"EOI","GB","","Eday","エディ島","伊迪島","","","Eday Airport","Eday空港","伊迪機場","59.1906","-2.7722","Europe/London","0",""
"EPR","AU","에스퍼런스","Esperance","エスペランス","埃斯佩蘭斯 (西澳洲)","","","Esperance Airport","エスペランス空港","埃斯佩蘭斯機場","-33.6844","121.823","Australia/Perth","0",""
"EPU","EE","패르누","Pärnu","パルヌ","派爾努","","패르누 공항","Pärnu Airport","パルヌ空港","派爾努機場","58.419","24.4728","Europe/Tallinn","0",""
"EQS","AR","에스켈","Esquel","エスケル","埃斯克爾","","","Esquel Brigadier Antonio Parodi International Airport","","","-42.908","-71.1395","America/Argentina/Catamarca","0",""
"ERC","TR","에르진잔","Erzincan","エルズィンジャン","埃爾津詹","","","Erzincan Airport","エルズィンジャン空港","埃爾津詹機場","39.7102","39.527","Europe/Istanbul","0",""
"ERF","DE","에르푸르트","Erfurt","エアフルト","艾福特","","","Erfurt-Weimar Airport","エアフルト空港","埃爾福特-魏瑪機場","50.9783","10.9607","Europe/Berlin","0",""
"ERH","MA","에라시디아","Errachidia","エルラシディア","拉希迪耶","","","Moulay Ali Cherif Airport","ムーレイ・アリ・シェリフ空港","Moulay Ali Cherif機場","31.9475","-4.3983","Africa/Casablanca","0",""
"ERI","US","이리","Erie","エリー","伊利","","","Erie International Tom Ridge Field","エリー国際空港","伊利國際機場","42.0831","-80.1739","America/New_York","0",""
"ERL","CN","얼롄하오터","Erenhot","エレンホト","二連浩特","","","Erenhot Saiwusu International Airport","エレンホト・サイウス国際空港","二連浩特賽烏蘇國際機場","43.4241","112.0911","Asia/Shanghai","0",""
"ERS","NA","빈트후크","Windhoek","ウィントフック","溫得和克","","빈트후크 에로스 공항","Eros Airport","エロス空港","厄洛斯機場","-22.6049","17.079","Africa/Windhoek","0",""
"ERZ","TR","에르주룸","Erzurum","エルズルム","埃爾祖魯姆","","","Erzurum International Airport","エルズルム空港","埃爾祖魯姆機場","39.9565","41.1702","Europe/Istanbul","0",""
"ESB","TR","앙카라","Ankara","アンカラ","安卡拉","","에센보아 국제공항","Esenboğa International Airport","エセンボーア国際空港","埃森博阿国际机场","40.1281","32.9951","Europe/Istanbul","0",""
"ESC","US","에스커나바","Escanaba","エスカナバ","埃斯卡羅巴","","","Delta County Airport","Delta郡空港","德爾塔縣機場","45.7232","-87.0886","America/Detroit","0",""
"ESD","US","","Eastsound","","","","","Orcas Island Airport","","奧卡斯島機場","48.7082","-122.91","America/Los_Angeles","0",""
"ESL","RU","옐리스타","Elista","エリスタ","艾利斯塔","","","Elista Airport","エリスタ空港","埃利斯塔機場","46.3739","44.3309","Europe/Moscow","0",""
"ESM","EC","에스메랄다스","Esmeraldas","エスメラルダス","埃斯梅拉達斯","Tachina","","Carlos Concha Torres International Airport","エスメラルダス","Carlos Concha Torres國際機場","0.9785","-79.6266","America/Guayaquil","0",""
"ESR","CL","","El Salvador","エル・サルバドール","埃爾薩爾瓦多","","","Ricardo García Posada Airport","リカルド・ガルシア・ポサダ空港","Ricardo García Posada機場","-26.3111","-69.7652","America/Santiago","0",""
"ESU","MA","에사우이라","Essaouira","エッサウィラ","索維拉","","","Essaouira-Mogador Airport","モガドール空港","索維拉機場","31.3975","-9.6817","Africa/Casablanca","0",""
"ETM","IL","에일라트","Eilat","エイラート","埃拉特","","","Ramon International Airport","ラモン国際空港","拉蒙機場","29.727","35.0141","Asia/Amman","0",""
"ETR","EC","마찰라","Machala","マチャラ","馬查拉","Santa Rosa","","Santa Rosa - Artillery Colonel Victor Larrea International Airport","マチャラ","聖羅莎國際機場","-3.442","-79.997","America/Guayaquil","0",""
"ETZ","FR","메스","Metz","メス","梅斯","Goin","","Metz-Nancy-Lorraine Airport","メス＝ナンシー＝ロレーヌ空港","梅斯機場","48.9821","6.2513","Europe/Paris","0",""
"EUG","US","유진","Eugene","ユージーン","尤金","","","Eugene Airport","ユージーン空港","尤金","44.1246","-123.212","America/Los_Angeles","0",""
"EUN","EH","엘아이운","Laayoune","アイウン","阿尤恩","El Aaiún","하산 1세 공항","Laayoune Hassan I International Airport","ラユーン・ハサン1世空港","哈斯桑一世機場","27.1425","-13.2249","Africa/El_Aaiun","0",""
"EUX","BQ","오라녜스타트","Oranjestad","オラニエスタッド","奧臘涅斯塔德","","F. D. 루스벨트 공항","F. D. Roosevelt Airport","F・D・ルーズベルト飛行場","羅斯福機場","17.4965","-62.9794","America/Kralendijk","0",""
"EVE","NO","하르스타","Harstad Municipality","ハーシュタ","哈爾斯塔","Evenes","","Harstad/Narvik Airport","ハルスター","哈爾斯塔/納爾維克機場 (埃沃內斯)","68.4913","16.6781","Europe/Oslo","0",""
"EVN","AM","예레반","Yerevan","イェレヴァン","葉里溫","","츠바르트노츠 국제공항","Zvartnots International Airport","ズヴァルトノッツ国際空港","茲瓦爾特諾茨國際機場","40.1489","44.3979","Asia/Yerevan","0",""
"EVV","US","에번즈빌","Evansville","エヴァンズヴィル","埃文斯維爾","","","Evansville Regional Airport","Evansville地域空港","埃文斯維爾支線機場","38.037","-87.5324","America/Chicago","0",""
"EWB","US","","New Bedford","","","","","New Bedford Regional Airport","ニュー・ベッドフォード地域空港","新貝德福德支線機場","41.6761","-70.9569","America/New_York","0",""
"EWN","US","크레이븐군","Craven County","クレイヴン郡","克雷文縣","New Bern","","Coastal Carolina Regional Airport","Craven County地域空港","卡羅萊納海岸支線機場","35.073","-77.0429","America/New_York","0",""
"EXT","GB","엑서터","Exeter","エクセター","艾克希特","Exeter, Devon","엑서터 공항","Exeter International Airport","エクセター空港","埃克塞特國際機場","50.7343","-3.414","Europe/London","0",""
"EYK","RU","벨로야르스키","Beloyarsky","ベロヤルスク","別洛亞爾斯克","","벨로야르스크 공항","Beloyarskiy Airport","ベロヤルスク空港","別洛亞爾斯克機場","63.6869","66.6986","Asia/Yekaterinburg","0",""
"EYP","CO","요팔","Yopal","ヨパル","約帕爾","","","El Alcaravan - Yopal Airport","アルカラバン空港","El Alcaraván機場","5.3191","-72.384","America/Bogota","0",""
"EYW","US","키웨스트","Key West","キーウェスト","西嶼","","키웨스트 국제공항","Key West International Airport","キーウェスト国際空港","基韋斯特國際機場","24.5561","-81.7596","America/New_York","0",""
"EZE","AR","부에노스아이레스","Buenos Aires","ブエノスアイレス","布宜諾斯艾利斯","Buenos Aires (Ezeiza)","미니스토로 피스타리니 국제공항","Ezeiza International Airport - Ministro Pistarini","エセイサ国際空港","皮斯塔里尼部长国际机场","-34.8222","-58.5358","America/Argentina/Buenos_Aires","0",""
"EZS","TR","엘라지","Elazığ","エラズー","埃拉澤","","","Elazığ Airport","エラズー空港","","38.598","39.2835","Europe/Istanbul","0",""
"FAE","FO","보가르섬","Vágar","ヴォーアル島","沃格島","","보가르 공항","Vágar Airport","ヴォーアル空港","沃格機場","62.0633","-7.2758","Atlantic/Faroe","0",""
"FAI","US","페어뱅크스","Fairbanks","フェアバンクス","費爾班克斯","","페어뱅크스 국제공항","Fairbanks International Airport","フェアバンクス国際空港","费尔班克斯国际机场","64.8151","-147.856","America/Anchorage","0",""
"FAO","PT","파루","Faro","ファロ","法魯","","파루 공항","Faro - Gago Coutinho International Airport","ファロ空港","Faro（FAO）","37.0159","-7.9709","Europe/Lisbon","0",""
"FAR","US","파고","Fargo","ファーゴ","法哥","","","Hector International Airport","ヘクター国際空港","法戈","46.9207","-96.8158","America/Chicago","0",""
"FAT","US","프레즈노","Fresno","フレズノー","佛雷斯諾","","프레즈노 요세미티 국제공항","Fresno Yosemite International Airport","フレズノ・ヨセミテ国際空港","弗雷斯諾","36.7758","-119.718","America/Los_Angeles","0",""
"FAV","PF","","Fakarava","ファカラヴァ環礁","法卡拉瓦環礁","","","Fakarava Airport","ファカラバ空港","法卡拉瓦機場","-16.0541","-145.657","Pacific/Tahiti","0",""
"FAY","US","노스캐롤라이나주","North Carolina","ノースカロライナ州","北卡羅来納州","Fayetteville","","Fayetteville Regional Airport - Grannis Field","ファイエットヴィル地域空港","費耶特維爾支線機場","34.9912","-78.8803","America/New_York","0",""
"FBM","CD","루붐바","Lubumbashi","ルブンバシ","盧本巴希","","루붐바시 국제공항","Lubumbashi International Airport","ルブンバシ国際空港","盧本巴希國際機場","-11.5915","27.5308","Africa/Lubumbashi","0",""
"FCA","US","칼리스펠","Kalispell","カリスペル","卡利斯佩爾","","","Glacier Park International Airport","グレイシャーパーク国際空港","卡利斯佩爾","48.3105","-114.256","America/Denver","0",""
"FCN","DE","쿡스하펜","Cuxhaven","クックスハーフェン","庫克斯港","Wurster Nordseeküste","","Sea-Airport Cuxhaven/Nordholz / Nordholz Naval Airbase","","","53.7677","8.6592","Europe/Berlin","0",""
"FDF","MQ","포르드프랑스","Fort-de-France","フォール＝ド＝フランス","法蘭西堡","","마르티니크 에메 세제르 국제공항","Martinique Aimé Césaire International Airport","マルティニーク・エメ・セゼール国際空港","馬丁尼克-亞米-凱薩國際機場","14.591","-61.0032","America/Martinique","0",""
"FDH","DE","프리드리히스하펜","Friedrichshafen","フリードリヒスハーフェン","腓特烈港","","","Bodensee Airport Friedrichshafen","フリードリヒスハーフェン空港","腓特烈港機場","47.6713","9.5115","Europe/Berlin","0",""
"FDU","CD","반둔두","Bandundu","バンドゥンドゥ","班頓杜","","","Bandundu Airport","バンドゥンドゥ空港","班頓杜機場","-3.3113","17.3817","Africa/Kinshasa","0",""
"FEG","UZ","페르가나","Fergana","フェルガナ","費爾干納","","","Fergana International Airport","フェルガナ国際空港","費爾干納國際機場","40.3588","71.745","Asia/Tashkent","0",""
"FEN","BR","페르난두 지 노로냐","Fernando de Noronha","フェルナンド・デ・ノローニャ","費爾南多·迪諾羅尼亞群島","","","Fernando de Noronha Airport","フェルナンド・デ・ノローニャ","費爾南多·迪諾羅尼亞機場","-3.8545","-32.423","America/Noronha","0",""
"FEZ","MA","페스","Fez","フェズ","費茲","Saïss","","Fes Saïss International Airport","フェズ＝サイス空港","非斯機場","33.9273","-4.978","Africa/Casablanca","0",""
"FGU","PF","","Fangatau","ファガタウ環礁","方阿陶环礁","","","Fangatau Airport","ファンガタウ空港","","-15.82","-140.8881","Pacific/Tahiti","0",""
"FIH","CD","킨샤사","Kinshasa","キンシャサ","金夏沙","","은질리 국제공항","Ndjili International Airport","ヌジリ国際空港","恩吉利國際機場","-4.3857","15.4446","Africa/Kinshasa","0",""
"FIZ","AU","","","","","","","Fitzroy Crossing Airport","","菲茨羅伊路口機場","-18.1836","125.5598","Australia/Perth","0",""
"FJR","AE","푸자이라","Fujairah","フジャイラ","富查伊拉 (城市)","","","Fujairah International Airport","フジャイラ国際空港","富查伊拉國際機場","25.1084","56.3281","Asia/Dubai","0",""
"FKB","DE","카를스루에","Karlsruhe","カールスルーエ","卡爾斯魯厄","Rheinmünster","바덴 공항","Karlsruhe Baden-Baden Airport","バーデン・エアパーク","卡尔斯鲁厄/巴登-巴登机场","48.7794","8.0805","Europe/Berlin","0",""
"FKI","CD","키상가니","Kisangani","キサンガニ","基桑加尼","","","Bangoka International Airport","バンゴカ国際空港","基桑加尼國際機場","0.4816","25.338","Africa/Lubumbashi","0",""
"FKQ","ID","","Fakfak","ファク・ファク","法克法克","","","Fakfak Airport","Fak Fak空港","法克法克Torea機場","-2.9205","132.267","Asia/Jayapura","0",""
"FKS","JP","스카가와","Sukagawa","須賀川","須賀川","","후쿠시마 공항","Fukushima Airport","福島空港","福島機場","37.2274","140.431","Asia/Tokyo","0",""
"FLA","CO","플로렌시아","Florencia","フロレンシア","弗洛倫西亞","","","Gustavo Artunduaga Paredes Airport","グスターボ・アルトゥンドゥアガ・パレデス空港","Gustavo Artunduaga Paredes機場","1.5892","-75.5644","America/Bogota","0",""
"FLG","US","플래그스태프","Flagstaff","フラッグスタッフ","弗拉格斯塔夫","","","Flagstaff Pulliam Airport","フラッグスタッフ プリアム空港","弗拉格斯塔夫Pulliam機場","35.1398","-111.6698","America/Phoenix","0",""
"FLL","US","포트로더데일","Fort Lauderdale","フォート・ローダーデイル","羅德岱堡","","포트로더데일 할리우드 국제공항","Fort Lauderdale Hollywood International Airport","フォートローダーデール・ハリウッド国際空港","勞德岱堡－好萊塢國際機場","26.0726","-80.1527","America/New_York","0",""
"FLN","BR","플로리아노폴리스","Florianópolis","フロリアノーポリス","弗洛里亞諾波利斯","","","Hercílio Luz International Airport","エルシリオ・ルス国際空港","弗洛里亞諾波利斯","-27.6703","-48.5525","America/Sao_Paulo","0",""
"FLO","US","플로렌스","Florence","フローレンス","弗羅倫斯","","","Florence Regional Airport","Florence地域空港","佛羅倫薩支線機場","34.1854","-79.7239","America/New_York","0",""
"FLR","IT","피렌체","Florence","フィレンツェ","佛羅倫斯","Firenze (FI)","피렌체 공항","Florence Airport, Peretola","フィレンツェ＝ペレトラ空港","佛羅倫斯－佩雷托拉機場","43.8086","11.2028","Europe/Rome","0",""
"FLW","PT","산타크루스다스플로르스","Santa Cruz das Flores","","圣克鲁什-达什弗洛里什","","","Flores Airport","フローレス空港","弗洛雷斯機場","39.4553","-31.1314","Atlantic/Azores","0",""
"FLZ","ID","","Sibolga","シボルガ","实武牙","Sibolga (Pinangsori)","","Dr. Ferdinand Lumban Tobing Airport","","斐迪楠·倫班·托賓機場","1.5571","98.8871","Asia/Jakarta","0",""
"FMA","AR","포르모사","Formosa","フォルモーサ","福尔摩萨","","","Formosa National Airport","フォルモーサ国際空港","福爾摩莎國際機場","-26.2127","-58.2281","America/Argentina/Cordoba","0",""
"FMI","CD","칼레미","Kalemie","カレミ","卡萊米","","","Kalemie Airport","カレミ空港","卡萊米機場","-5.8756","29.25","Africa/Lubumbashi","0",""
"FMM","DE","메밍겐","Memmingen","メミンゲン","梅明根","","메밍겐 공항","Memmingen Allgau Airport","メミンゲン空港","梅明根机场","47.9881","10.2382","Europe/Berlin","0",""
"FMO","DE","뮌스터","Münster","ミュンスター","明斯特","Greven","뮌스터 오스나브뤼크 국제공항","Münster Osnabrück Airport","ミュンスター・オスナブリュック国際空港","明斯特奥斯纳布吕克国际机场","52.1338","7.6885","Europe/Berlin","0",""
"FNA","SL","프리타운","Freetown","フリータウン","自由城","Freetown (Lungi-Town)","","Lungi International Airport","ルンギ国際空港","隆吉國際機場","8.6164","-13.1955","Africa/Freetown","0",""
"FNC","PT","푼샬","Funchal","フンシャル","豐沙爾","","마데이라 공항","Cristiano Ronaldo International Airport","マデイラ空港","馬德拉機場","32.6978","-16.7746","Atlantic/Madeira","0",""
"FNI","FR","님","Nîmes","ニーム","尼姆","Nîmes/Garons","","Nîmes-Arles-Camargue Airport","ニーム空港","尼姆加龍機場","43.7574","4.4164","Europe/Paris","0",""
"FNJ","KP","평양","Pyongyang","平壌","平壤","","평양 순안 국제공항","Pyongyang Sunan International Airport","平壌国際空港","平壤順安國際機場","39.2241","125.67","Asia/Pyongyang","0",""
"FNT","US","플린트","Flint","フリント","弗林特","","","Bishop International Airport","Bishop国際空港","主教國際機場","42.9693","-83.7434","America/Detroit","0",""
"FOD","US","포트다지","Fort Dodge","フォート・ドッジ","道奇堡","","","Fort Dodge Regional Airport","Fort Dodge地域空港","道奇堡支線機場","42.5526","-94.1912","America/Chicago","0",""
"FOG","IT","포자","Foggia","フォッジャ","福賈","Foggia (FG)","","Foggia Gino Lisa Airport","フォッジャ空港","福賈「Gino Lisa」機場","41.4336","15.5346","Europe/Rome","0",""
"FON","CR","","La Fortuna","ラ・フォーチュナ","拉福爾圖納區","","","La Fortuna Arenal Airport","","","10.4693","-84.5791","America/Costa_Rica","0",""
"FOR","BR","포르탈레자","Fortaleza","フォルタレザ","福塔萊薩","","","Pinto Martins International Airport","ピント・マルチンス国際空港","平托馬丁斯-福塔雷薩國際機場","-3.7758","-38.5322","America/Fortaleza","0",""
"FPO","BS","프리포트","Freeport","フリーポート","弗里波特","","","Grand Bahama International Airport","グランドバハマ国際空港","大巴哈馬國際機場","26.558","-78.6956","America/Nassau","0",""
"FRD","US","","Friday Harbor","フライデー・ハーバー","星期五港","","","Friday Harbor Airport","フライデーハーバー空港","星期五港機場","48.5237","-123.0246","America/Los_Angeles","0",""
"FRL","IT","포를리","Forlì","フォルリー","弗利","Forlì (FC)","","Forlì-Luigi Ridolfi International Airport","フォルリ空港","弗利機場","44.1948","12.0701","Europe/Rome","0",""
"FRO","NO","","Florø","フローレ","弗盧勒","","","Florø Airport","Florø空港","弗盧勒機場","61.5836","5.0247","Europe/Oslo","0",""
"FRS","GT","페텐주","Petén Department","ペテン県","貝登省","San Benito","","Mundo Maya International Airport","","","16.9137","-89.8661","America/Guatemala","0",""
"FRW","BW","프랜시스타운","Francistown","フランシスタウン","弗朗西斯敦","","","Phillip Gaonwe Matante International Airport","フランシスタウン空港","弗朗西斯敦機場","-21.1592","27.4688","Africa/Gaborone","0",""
"FSC","FR","포르토베키오","Porto-Vecchio","ポルト＝ヴェッキオ","韦基奥港","Figari","","Figari Sud-Corse Airport","フィガリ＝シュド・コルス空港","菲加里-南科西嘉機場","41.5018","9.0971","Europe/Paris","0",""
"FSD","US","수폴스","Sioux Falls","スー・フォールズ","蘇瀑","","","Sioux Falls Regional Airport","スーフォールズ地域空港","蘇瀑","43.5855","-96.7412","America/Chicago","0",""
"FSM","US","포트스미스","Fort Smith","フォート・スミス","史密斯堡","","","Fort Smith Regional Airport","Fort Smith地域空港","史密斯堡支線機場","35.3366","-94.3674","America/Chicago","0",""
"FSP","PM","생피에르","Saint-Pierre","サン＝ピエール","聖皮耶","","생피에르 공항","Saint-Pierre Pointe-Blanche Airport","サン＝ピエール空港","聖皮埃爾機場 (聖皮埃爾和密克隆)","46.7627","-56.175","America/St_Johns","0",""
"FTE","AR","엘칼라파테","El Calafate","エル・カラファテ","埃尔卡拉法特","","","El Calafate - Commander Armando Tola International Airport","コマンダンテ・アルマンド・トラ国際空港","Comandante Armando Tola國際機場","-50.2803","-72.0534","America/Argentina/Rio_Gallegos","0",""
"FTU","MG","톨라나로","Tôlanaro","トラニャロ","陶拉納魯","","","Tôlanaro Airport","トラニャロ空港","陶拉納魯機場","-25.0381","46.9561","Indian/Antananarivo","0",""
"FTW","US","","Fort Worth","","","","포트워스 미첨 국제공항","Fort Worth Meacham International Airport","Fort Worth Meacham国際空港","沃斯堡Meacham國際機場","32.8199","-97.3608","America/Chicago","0",""
"FUE","ES","푸에르테벤투라섬","Fuerteventura","フエルテベントゥラ島","富埃特文圖拉島","El Matorral","푸에르테벤투라 공항","Fuerteventura Airport","フエルテベントゥラ島","Fuerteventura（DUB）","28.4527","-13.8638","Atlantic/Canary","0",""
"FUG","CN","푸양","Fuyang","阜陽","阜陽","Yingzhou, Fuyang","","Fuyang Xiguan Airport","阜陽西関空港","阜陽機場","32.8822","115.7344","Asia/Shanghai","0",""
"FUJ","JP","고토","Goto","五島","五島","","후쿠에 공항","Fukue Airport","福江空港","福江機場","32.6663","128.833","Asia/Tokyo","0",""
"FUN","TV","푸나푸티","Funafuti","フナフティ島","富纳富提","","푸나푸티 국제공항","Funafuti International Airport","フナフティ国際空港","富納富提國際機場","-8.5239","179.197","Pacific/Funafuti","0",""
"FUO","CN","포산","Foshan","仏山","佛山","Foshan (Nanhai)","포산 사디 공항","Foshan Shadi Airport","仏山沙堤空港","佛山沙堤機場","23.0825","113.0708","Asia/Shanghai","0",""
"FWA","US","포트웨인","Fort Wayne","フォート・ウェイン","韋恩堡","","","Fort Wayne International Airport","フォートウェイン国際空港","韋恩堡","40.9789","-85.1945","America/Indiana/Indianapolis","0",""
"FYJ","CN","","Fuyuan","撫遠鎮","抚远镇","","","Fuyuan Dongji Airport","撫遠東極空港","抚远东极机场","48.1972","134.363","Asia/Shanghai","0",""
"FYN","CN","","Fuyun","","","","","Fuyun Koktokay Airport","コクトカイ空港","富蕴机场","46.8042","89.512","Asia/Urumqi","0",""
"FYU","US","","Fort Yukon","フォートユーコン","育空堡","","","Fort Yukon Airport","フォートユーコン空港","育空堡機場","66.5717","-145.25","America/Anchorage","0",""
"GAJ","JP","야마가타","Yamagata","山形","山形","Higashine","야마가타 공항","Yamagata Airport","山形空港","山形機場","38.4119","140.371","Asia/Tokyo","0",""
"GAL","US","","Galena","ガリーナ","格利纳","","","Edward G. Pitka Sr Airport","ガリーナ（ガレーナ）空軍基地","Edward G. Pitka Sr.機場","64.7362","-156.937","America/Anchorage","0",""
"GAM","US","","Gambell","ガンベル","甘伯尔","","","Gambell Airport","ガンベル空港","甘伯爾機場","63.7677","-171.7333","Asia/Anadyr","0",""
"GAN","MV","아두 도","Addu City","アッドゥシティ","阿杜","Gan","","Gan International Airport","ガン国際空港","甘島國際機場","-0.693","73.1526","Indian/Maldives","0",""
"GAQ","ML","가오","Gao","ガオ","加奧","","","Gao International Airport","ガオ国際空港","加奧國際機場","16.2485","-0.0054","Africa/Bamako","0",""
"GAU","IN","구와하티","Guwahati","グワーハーティー","古瓦哈提","","로크프리야 고피나스 보돌로이 국제공항","Lokpriya Gopinath Bordoloi International Airport","グワーハーティー国際空港","古瓦哈提","26.1067","91.5852","Asia/Kolkata","0",""
"GAY","IN","가야","Gaya","ガヤー","格雅","","가야 공항","Gaya Airport","ガヤ空港","加雅機場","24.7443","84.9512","Asia/Kolkata","0",""
"GBB","AZ","","Gabala","","","","","Gabala International Airport","ガバラ国際空港","甘巴拉国际机场","40.8086","47.7254","Asia/Baku","0",""
"GBE","BW","가보로네","Gaborone","ハボローネ","嘉柏隆里","","","Sir Seretse Khama International Airport","セレツェカーマ国際空港","塞雷茨·卡馬爵士國際機場","-24.5552","25.9182","Africa/Gaborone","0",""
"GBJ","GP","그랑부르","Grand-Bourg","グラン＝ブール","格朗堡","","","Marie-Galante Airport","マリー・ガラント空港","瑪麗-加朗特機場","15.8689","-61.2701","America/Dominica","0",""
"GCC","US","질레트","Gillette","ジレット","吉列","","","Northeast Wyoming Regional Airport","Gillette-Campbell郡空港","吉列-坎貝爾縣機場","44.3489","-105.539","America/Denver","0",""
"GCH","IR","","Dogonbadan","ドゴンバダン","加奇薩蘭","Gachsaran","","Gachsaran Airport","","加奇薩蘭機場","30.3339","50.8338","Asia/Tehran","0",""
"GCI","GG","건지 행정관 관할구","Guernsey","ガーンジー","根西","Saint Peter Port","","Guernsey Airport","ガーンジー空港","根西機場","49.435","-2.602","Europe/Guernsey","0",""
"GCK","US","가든시티","Garden City","ガーデンシティ","加登城","","","Garden City Regional Airport","Garden City地域空港","加登城支線機場","37.9275","-100.724","America/Chicago","0",""
"GCM","KY","조지타운","George Town","ジョージタウン","喬治敦","","오언 로버츠 국제공항","Owen Roberts International Airport","オーウェン・ロバーツ国際空港","歐文·羅伯茨國際機場","19.2928","-81.3577","America/Cayman","0",""
"GCN","US","그랜드 캐니언","Grand Canyon","グランド・キャニオン","科羅拉多大峽谷","Grand Canyon - Tusayan","","Grand Canyon National Park Airport","グランド・キャニオン国立公園空港","大峽谷國家公園機場","35.9524","-112.147","America/Phoenix","0",""
"GDB","IN","곤디아","Gondia","ゴンディア","貢迪耶","","","Gondia Airport","","","21.5268","80.2903","Asia/Kolkata","0",""
"GDE","ET","고데","Gode","ゴーデ","戈德","","","Gode Airport","ゴデ空港","戈德機場","5.9351","43.5786","Africa/Addis_Ababa","0",""
"GDL","MX","과달라하라","Guadalajara","グアダラハラ","瓜達拉哈拉","","과달라하라","Guadalajara International Airport","グアダラハラ","瓜達拉哈拉","20.5233","-103.3101","America/Mexico_City","0",""
"GDN","PL","그단스크","Gdańsk","グダニスク","格但斯克","","그단스크 레흐 바웬사 공항","Gdańsk Lech Wałęsa Airport","グダニスク・レフ・ヴァウェンサ空港","格但斯克","54.3776","18.4662","Europe/Warsaw","0",""
"GDQ","ET","곤다르","Gondar","ゴンダール","貢德爾","Azezo","","Gondar Airport","ゴンダール空港","貢德爾機場","12.5199","37.434","Africa/Addis_Ababa","0",""
"GDT","TC","코크번타운","Cockburn Town","コックバーンタウン","科伯恩城","","","JAGS McCartney International Airport","JAGSマッカートニー国際空港","JAGS麥卡特尼國際機場","21.4445","-71.1423","America/Santo_Domingo","0",""
"GDV","US","","Glendive","グレンダイブ","格倫代夫","","","Dawson Community Airport","ドーソン・コミュニティ空港","道生社群機場","47.1377","-104.8069","America/Denver","0",""
"GDX","RU","마가단","Magadan","マガダン","馬加丹","","소콜 공항","Sokol Airport","ソコル空港","索科爾機場","59.911","150.72","Asia/Magadan","0",""
"GDZ","RU","겔렌지크","Gelendzhik","ゲレンジーク","格連吉克","","","Gelendzhik Airport","ゲレンジーク空港","格連吉克機場","44.5821","38.0125","Europe/Moscow","0",""
"GEA","NC","누메아","Nouméa","ヌメア","努美阿","","","Nouméa Magenta Airport","マジャンタ空港","努美阿洋红机场","-22.2577","166.4728","Pacific/Noumea","0",""
"GEG","US","스포캔","Spokane","スポケーン","斯波坎","","스포캔 국제공항","Spokane International Airport","スポケーン国際空港","斯波坎","47.6199","-117.534","America/Los_Angeles","0",""
"GEL","BR","","Santo Ângelo","サント・アンジェロ","聖安熱盧","","","Santo Ângelo Airport","サント・アンジェロ空港","聖安熱盧機場","-28.2825","-54.1696","America/Sao_Paulo","0",""
"GEM","GQ","몽고모","Mongomo","モンゴモ","蒙戈莫","Mengomeyén","","President Obiang Nguema International Airport","モンゴメイェン国際空港","奧比昂·恩圭馬總統國際機場","1.6764","11.0249","Africa/Malabo","0",""
"GEO","GY","조지타운","Georgetown","ジョージタウン","喬治城","","체디 차카 국제공항","Cheddi Jagan International Airport","チェディ・ジェーガン国際空港","喬治敦國際機場","6.4985","-58.2541","America/Guyana","0",""
"GER","CU","누에바헤로나","Nueva Gerona","ヌエバ・ヘローナ","新赫羅納","","","Rafael Cabrera Airport","ラファエル・カブレラ空港","Rafael Cabrera Mustelier機場","21.8347","-82.7838","America/Havana","0",""
"GES","PH","제너럴산토스","General Santos","ジェネラル・サントス","桑托斯將軍城","","제너럴산토스 국제공항","General Santos International Airport","タンブラー空港","三投斯將軍國際機場","6.0572","125.0962","Asia/Manila","0",""
"GET","AU","제럴턴","Geraldton","ジェラルトン (西オーストラリア州)","傑拉爾頓","Moonyoonooka","","Geraldton Airport","ジェラルトン空港","傑拉爾頓機場","-28.7961","114.707","Australia/Perth","0",""
"GEV","SE","옐리바레","Gällivare","イェリヴァーレ","耶利瓦勒","","","Gällivare Airport","イェリヴァーレ空港","耶利瓦勒機場","67.1324","20.8146","Europe/Stockholm","0",""
"GFF","AU","그리피스","Griffith","グリフィス (ニューサウスウェールズ州)","葛瑞菲斯","","","Griffith Airport","グリフィス空港","葛瑞菲斯機場","-34.2508","146.067","Australia/Sydney","0",""
"GFK","US","그랜드포크스","Grand Forks","グランド・フォークス","大福克斯","","","Grand Forks International Airport","グランド・フォークス国際空港","大福克斯国际机场","47.9493","-97.1761","America/Chicago","0",""
"GGG","US","","Kilgore","キルゴール","基尔戈","Longview","","East Texas Regional Airport","East Texas地域空港","東德克薩斯支線機場","32.384","-94.7115","America/Chicago","0",""
"GGT","BS","엑수마","Exuma","エグズーマ","大埃克蘇馬島","Moss Town","","Exuma International Airport","エグズーマ国際空港","埃克蘇馬國際機場","23.5626","-75.878","America/Nassau","0",""
"GGW","US","글래스고","Glasgow","グラスゴー","格拉斯哥","","","Glasgow Valley County Airport Wokal Field","グラスゴー空港 (アメリカ合衆国)","格拉斯哥機場 (美國)","48.2125","-106.615","America/Denver","0",""
"GHA","DZ","가르다이아","Ghardaia","ガルダイア","蓋爾達耶","El Atteuf","","Noumérat - Moufdi Zakaria Airport","ガルダイア","Noumérat默福迪·扎卡里亞機場","32.3841","3.7941","Africa/Algiers","0",""
"GHB","BS","","Governor's Harbour","","","","","Governor's Harbour Airport","ガバナーズ・ハーバー空港","加弗納港","25.2847","-76.331","America/Nassau","0",""
"GHV","RO","브라쇼브","Brașov","ブラショヴ","布拉索夫","Brașov (Ghimbav)","","Brașov-Ghimbav International Airport","","布拉索夫-金巴夫国际机场","45.7056","25.5229","Europe/Bucharest","0",""
"GIB","GI","지브롤터","Gibraltar","ジブラルタル","直布羅陀","","","Gibraltar Airport","ジブラルタル空軍基地","直布羅陀皇家空軍基地","36.1517","-5.3498","Europe/Gibraltar","0",""
"GID","BI","기테가","Gitega","ギテガ","基特加","","","Gitega Airport","ギテガ空港","基特加機場","-3.4172","29.9113","Africa/Bujumbura","0",""
"GIG","BR","리우데자네이루","Rio de Janeiro","リオデジャネイロ","里約熱內盧","","리우데자네이루 갈레안 국제공항","Rio de Janeiro Galeão – Tom Jobim International Airport","アントニオ・カルロス・ジョビン国際空港","里约热内卢/加利昂－安东尼奥·卡洛斯·若宾国际机场","-22.81","-43.2506","America/Sao_Paulo","0",""
"GIL","PK","길기트","Gilgit","ギルギット","吉爾吉特","","길기트 공항","Gilgit Airport","ギルギット空港","吉爾吉特","35.9188","74.3336","Asia/Karachi","0",""
"GIS","NZ","기즈번","Gisborne","ギズボーン","吉斯本","","기즈번 공항","Gisborne Airport","ギズボーン空港","吉斯伯恩機場","-38.6633","177.978","Pacific/Auckland","0",""
"GIZ","SA","지잔","Jizan","ジザン","吉贊","","","Jizan Regional Airport / King Abdullah bin Abdulaziz Airport","ジーザーン","吉讚支線機場","16.9011","42.5858","Asia/Riyadh","0",""
"GJA","HN","","Guanaja","","","","","La Laguna Airport","グアナハ空港","瓜納哈機場","16.4454","-85.9066","America/Tegucigalpa","0",""
"GJL","DZ","","Taher","","塔海爾","Tahir","","Jijel Ferhat Abbas Airport","ジジェル・ファーハード・アバス空港","吉傑勒費爾哈特·阿巴斯機場","36.7941","5.8737","Africa/Algiers","0",""
"GJT","US","","Grand Junction Metropolitan Statistical Area","","","Grand Junction","","Grand Junction Regional Airport","Grand Junction地域空港","大章克申支線機場","39.1267","-108.5294","America/Denver","0",""
"GKA","PG","","Goronka","","","","","Goroka Airport","ゴロカ空港","戈羅卡機場","-6.0817","145.392","Pacific/Port_Moresby","0",""
"GKN","US","","Gulkana","","格爾卡納","","","Gulkana Airport","","格爾卡納機場","62.1559","-145.4547","America/Anchorage","0",""
"GLA","GB","글래스고","Glasgow","グラスゴー","格拉斯哥","","","Glasgow Airport","","","55.8719","-4.4331","Europe/London","0",""
"GLF","CR","","Golfito","ゴルフィート","戈爾菲托區","","","Golfito Airport","ゴルフィート空港","簡易機場","8.654","-83.1822","America/Costa_Rica","0",""
"GLH","US","그린빌","Greenville","グリーンヴィル","格林威爾","","","Mid Delta Regional Airport","Mid Delta地域空港","中三角洲支線機場","33.4829","-90.9856","America/Chicago","0",""
"GLT","AU","글래드스톤","Gladstone","グラッドストン","格拉德斯通","","","Gladstone Airport","グラッドストーン空港","格拉德斯通機場","-23.8698","151.2254","Australia/Brisbane","0",""
"GMA","CD","","Gemena","","","","","Gemena Airport","ゲメナ空港","蓋梅納機場","3.2354","19.7713","Africa/Kinshasa","0",""
"GMB","ET","감벨라","Gambela","ガンベラ (エチオピア)","甘貝拉","","","Gambela Airport","ガンベラ空港","甘貝拉機場","8.1288","34.5631","Africa/Addis_Ababa","0",""
"GME","BY","호멜","Gomel","ホメリ","戈梅利","","호멜 공항","Gomel Airport","ホメリ空港","戈梅利機場","52.527","31.0167","Europe/Minsk","0",""
"GMO","NG","곰베","Gombe","ゴンベ","貢貝","","","Gombe Lawanti International Airport","ゴンベ・ラワンティ国際空港","貢貝Lawanti國際機場","10.2989","10.9","Africa/Lagos","0",""
"GMP","KR","서울","Seoul","ソウル","首爾","","김포국제공항","Seoul Gimpo International Airport","金浦国際空港","金浦國際機場","37.5583","126.791","Asia/Seoul","0","seoul"
"GMQ","CN","궈뤄 티베트족 자치주","Golog Tibetan Autonomous Prefecture","ゴロク・チベット族自治州","果洛藏族自治州","Golog (Maqên)","","Golog Maqên Airport","","果洛玛沁机场","34.4181","100.3011","Asia/Shanghai","0",""
"GMR","PF","강비에 제도","Gambier Islands","ガンビエ諸島","甘比爾群島","","","Totegegie Airport","トテジギ空港","托泰盖吉耶机场","-23.0799","-134.89","Pacific/Gambier","0",""
"GNB","FR","그르노블","Grenoble","グルノーブル","格勒諾布爾","","","Grenoble Alpes Isère Airport","グルノーブル空港","格勒諾布林-伊澤爾機場","45.3629","5.3294","Europe/Paris","0",""
"GND","GD","세인트조지스","St. George's","セントジョージズ","圣乔治","Saint George's","","Maurice Bishop International Airport","ポイント・サリンス国際空港","格瑞那達","12.004","-61.7853","America/Grenada","0",""
"GNJ","AZ","간자","Ganja","ギャンジャ","占賈","","간자 국제공항","Ganja International Airport","ギャンジャ国際空港","占賈國際機場","40.7387","46.3204","Asia/Baku","0",""
"GNS","ID","","Gunungsitoli","","","","","Binaka Airport","","Binaka機場","1.1663","97.7052","Asia/Jakarta","0",""
"GNV","US","게인즈빌","Gainesville","ゲインズヴィル","蓋恩斯維爾","","","Gainesville Regional Airport","Gainesville地域空港","蓋恩斯維爾區域機場","29.6901","-82.2718","America/New_York","0",""
"GNY","TR","샨리우르파","Şanlıurfa","シャンルウルファ","尚勒烏爾法","","","Şanlıurfa GAP Airport","シャンルウルファGAP空港","尚勒烏爾法GAP機場","37.4457","38.8956","Europe/Istanbul","0",""
"GOA","IT","제노바","Genoa","ジェノヴァ","熱那亞","Genova (GE)","제노바 크리스토포로 콜롬보 공항","Genoa Cristoforo Colombo Airport","ジェノヴァ＝セストリ空港","热那亚－克里斯托弗·哥伦布机场","44.412","8.8407","Europe/Rome","0",""
"GOH","GL","누크","Nuuk","ヌーク","努克","","누크 공항","Nuuk International Airport","ヌーク空港","努克机场","64.1911","-51.6791","America/Godthab","0",""
"GOI","IN","고아주","Goa","ゴア州","果亞邦","Vasco da Gama","","Goa Dabolim International Airport","ゴア空港","果阿國際機場","15.3801","73.8333","Asia/Kolkata","0",""
"GOJ","RU","","Nizhny Novgorod","","","","","Nizhny Novgorod / Strigino International Airport","ニジニ・ノヴゴロド国際空港","斯特里吉諾機場","56.2274","43.7852","Europe/Moscow","0",""
"GOM","CD","고마","Goma","ゴマ","戈馬","","","Goma International Airport","ゴマ国際空港","戈馬國際機場","-1.6668","29.238","Africa/Lubumbashi","0",""
"GOP","IN","고라크푸르","Gorakhpur","ゴーラクプル","戈勒克布爾","","","Gorakhpur Airport","ゴーラクプル空港","戈勒克布林機場","26.7397","83.4497","Asia/Kolkata","0",""
"GOQ","CN","거얼무","Golmud","ゴルムド","格爾木","","","Golmud Airport","ゴルムド空港","格爾木機場","36.4006","94.7861","Asia/Shanghai","0",""
"GOT","SE","예테보리","Gothenburg","ヨーテボリ","哥特堡","Göteborg","란드베테르 공항","Göteborg Landvetter Airport","イェーテボリ・ランドヴェッテル空港","哥德堡－蘭德維特機場","57.6628","12.2798","Europe/Stockholm","0",""
"GOU","CM","가루아","Garoua","ガルア","加魯阿","","","Garoua International Airport","ガルア国際空港","加魯阿國際機場","9.3348","13.3721","Africa/Douala","0",""
"GOV","AU","눌런바이","Nhulunbuy","ヌルンバイ","紐倫拜","","","Gove Airport","ゴーヴ空港","戈夫機場","-12.2694","136.818","Australia/Darwin","0",""
"GOX","IN","","Mopa","","","","","Manohar International Airport","ゴア","莫帕機場","15.7443","73.8606","Asia/Kolkata","0",""
"GPA","GR","파트라","Patras","パトラ","帕特雷","","아락소스 공항","Patras Araxos Agamemnon Airport","アラクソス空港","帕特雷","38.1511","21.4256","Europe/Athens","0",""
"GPI","CO","","Guapi","グアピ","瓜比","","","Guapi Airport","グアピ空港","瓜比機場","2.5701","-77.898","America/Bogota","0",""
"GPS","EC","발트라섬","Baltra Island","バルトラ","巴爾特拉島","Isla Baltra","시모어 공항","Seymour Galapagos Ecological Airport","バルトラ","西摩機場","-0.4538","-90.2659","Pacific/Galapagos","0",""
"GPT","US","걸프포트","Gulfport","ガルフポート","格爾夫波特","","","Gulfport Biloxi International Airport","ガルフポート・ビロキシ空港","格爾夫波特-比洛克西國際機場","30.4056","-89.0698","America/Chicago","0",""
"GRB","US","그린베이","Green Bay","グリーン・ベイ","綠灣","","","Austin Straubel International Airport","オースチン・ストローベル国際空港","綠灣-奧斯汀·史特勞貝爾國際機場","44.4835","-88.1308","America/Chicago","0",""
"GRI","US","그랜드아일랜드","Grand Island","グランドアイランド","格蘭德艾蘭","","","Central Nebraska Regional Airport","Central Nebraska地域空港","","40.9675","-98.3096","America/Chicago","0",""
"GRJ","ZA","조지","George","ジョージ","喬治","","","George Airport","ジョージ","喬治機場","-34.0056","22.3789","Africa/Johannesburg","0",""
"GRK","US","","Fort Cavazos","","","","","Killeen Regional Airport / Robert Gray Army Airfield","Killeen-Fort Hood地域空港","基林-胡德堡区域机场","31.0672","-97.8289","America/Chicago","0",""
"GRO","ES","지로나","Girona","ジローナ","赫羅納","","히로나-코스타 브라바 공항","Girona-Costa Brava Airport","ジローナ＝コスタ・ブラバ空港","赫羅納－布拉瓦海岸機場","41.9046","2.7618","Europe/Madrid","0",""
"GRQ","NL","흐로닝언","Groningen","フローニンゲン","格羅寧根","","엘데 흐로닝언 공항","Groningen Airport Eelde","フローニンゲン・エールデ空港","格羅寧根機場","53.1191","6.5777","Europe/Amsterdam","0",""
"GRR","US","그랜드래피즈","Grand Rapids","グランド・ラピッズ","大急流城","","","Gerald R. Ford International Airport","グランドラピッズ国際空港","大急流城","42.8808","-85.5228","America/Detroit","0",""
"GRU","BR","상파울루","São Paulo","サンパウロ","聖保羅","","상파울루 구아룰류스 국제공항","São Paulo/Guarulhos–Governor André Franco Montoro International Airport","グアルーリョス国際空港","圣保罗/瓜鲁柳斯－安德烈·弗朗哥·蒙托罗州长国际机场","-23.4313","-46.47","America/Sao_Paulo","0",""
"GRV","RU","그로즈니","Grozny","グロズヌイ","格羅茲尼","","그로즈니 국제공항","Akhmat Kadyrov Grozny International Airport","グロズヌイ空港","格羅茲尼","43.3881","45.6998","Europe/Moscow","0",""
"GRW","PT","산타크루스다그라시오자","Santa Cruz da Graciosa","サンタ・クルス・ダ・グラシオーザ","圣克鲁什-达格拉西奥萨","","","Graciosa Airport","グラシオーザ空港","格拉西奧薩機場","39.0922","-28.0298","Atlantic/Azores","0",""
"GRX","ES","","Granada","","","","그라나다 국제공항","F.G.L. Airport Granada-Jaén Airport","グラナダ空港","費德里科·加西亞·洛爾卡-格拉納達機場","37.1887","-3.7774","Europe/Madrid","0",""
"GRY","IS","그림세이","Grímsey","グリムセイ島","格里姆塞島","Grímsey/Sandvík","그림세이 공항","Grímsey Airport","グリムセイ空港","","66.5458","-18.0173","Atlantic/Reykjavik","0",""
"GRZ","AT","그라츠","Graz","グラーツ","格拉茲","Feldkirchen bei Graz","그라츠 공항","Graz Airport","グラーツ空港","格拉茨機場","46.9911","15.4396","Europe/Vienna","0",""
"GSM","IR","케슘섬","Qeshm Island","ゲシュム島","格什姆島","Qeshm(Dayrestan)","","Qeshm International Airport","ゲシュム国際空港","格什姆國際機場","26.7546","55.9024","Asia/Tehran","0",""
"GSO","US","그린즈버러","Greensboro","グリーンズボロ","格林斯伯勒","","","Piedmont Triad International Airport","ピードモント・トライアド国際空港","皮埃蒙特三合会国际机场","36.0994","-79.9373","America/New_York","0",""
"GSP","US","그리어","Greer","グリア","格里尔","Greenville/Greer/Spartanburg","","Greenville-Spartanburg International Airport","グリーンビル・スパータンバーグ国際空港","格林維爾國際機場","34.8957","-82.2189","America/New_York","0",""
"GST","US","","Gustavus","","古斯塔夫","","","Gustavus Airport","","古斯塔夫机场","58.4253","-135.707","America/Juneau","0",""
"GSV","RU","사라토프","Saratov","サラトフ","薩拉托夫","","","Gagarin International Airport","サラトフ・ガガーリン空港","加加林國際機場","51.7128","46.1711","Europe/Saratov","0",""
"GTE","AU","","Groote Eylandt","グルートアイランド島","格魯特島","","","Groote Eylandt Airport","グルートアイランド空港","","-13.9724","136.4586","Australia/Darwin","0",""
"GTF","US","그레이트폴스","Great Falls","グレートフォールズ","大瀑布城","","","Great Falls International Airport","グレートフォールズ国際空港","大瀑布城国际机场","47.482","-111.371","America/Denver","0",""
"GTR","US","콜럼버스","Columbus","コロンバス","哥倫布","Columbus/W Point/Starkville","","Golden Triangle Regional Airport","Golden Triangle地域空港","","33.4503","-88.5914","America/Chicago","0",""
"GUA","GT","과테말라시티","Guatemala City","グアテマラシティ","瓜地馬拉","","라오로라 국제공항","La Aurora International Airport","ラ・アウロラ国際空港","拉奧羅拉國際機場","14.5829","-90.5275","America/Guatemala","0",""
"GUC","US","거니슨","Gunnison","ガニソン","吉纳森","","","Gunnison Crested Butte Regional Airport","Gunnison郡空港","甘尼森-克雷斯蒂德·比尤特地區機場","38.5347","-106.9346","America/Denver","0",""
"GUP","US","","Gallup","ギャラップ","蓋洛普","","","Gallup Municipal Airport","ギャラップ市営空港","","35.5117","-108.7882","America/Denver","0",""
"GUR","PG","알로타우","Alotau","アロタウ","阿洛陶","Gurney","","Gurney Airport","ガーニー空港","格尼機場","-10.3115","150.334","Pacific/Port_Moresby","0",""
"GUW","KZ","아티라우","Atyrau","アティラウ","阿特勞","","","Atyrau International Airport","アティラウ空港","阿特勞機場","47.1213","51.8203","Asia/Atyrau","0",""
"GVA","CH","제네바","Geneva","ジュネーヴ","日內瓦","","제네바 국제공항","Geneva International Airport","ジュネーブ空港","日内瓦国际机场","46.2381","6.109","Europe/Zurich","0",""
"GVR","BR","고베르나도르발라다레스","Governador Valadares","ゴベルナドール・バラダレス","瓦拉達里斯州長","","","Coronel Altino Machado Airport","コロネル・アルチーノ・マシャード・ジョ・オリベイラ空港","","-18.8959","-41.9829","America/Sao_Paulo","0",""
"GWD","PK","그와다르","Gwadar","グワダル","瓜达尔","Gurandani","","New Gwadar International Airport","グワーダル国際空港","瓜達爾國際機場","25.2967","62.4988","Asia/Karachi","0",""
"GWL","IN","괄리오르","Gwalior","グワーリヤル","瓜廖爾","","","Gwalior Airport","グワーリヤル空港","辛迪亞航空站","26.2933","78.2278","Asia/Kolkata","0",""
"GWT","DE","질트섬","Sylt","ジルト島","敘爾特島","","","Westerland Sylt Airport","ズュルト空港","敘爾特島機場","54.9132","8.3405","Europe/Berlin","0",""
"GXF","YE","","Seiyun","サユーン","塞永","","","Seiyun Hadhramaut International Airport","サユーン空港","","15.9659","48.7881","Asia/Aden","0",""
"GXG","AO","","Negage","ネガジェ","內加熱","","","Negage Airport","ネガジェ空港","","-7.7545","15.2877","Africa/Luanda","0",""
"GXH","CN","샤허현","Xiahe County","夏河県","夏河縣","Gannan (Xiahe)","","Gannan Xiahe Airport","","甘南夏河机场","34.819","102.6223","Asia/Shanghai","0",""
"GYA","BO","과야라메린","Guayaramerín","グアヤラメリン","瓜亞拉梅林","","","Guayaramerín Airport","グアヤラメリン空港","瓜亞拉梅林機場","-10.8886","-65.381","America/Porto_Velho","0",""
"GYD","AZ","바쿠","Baku","バクー","巴庫","","헤이다르 알리예프 국제공항","Heydar Aliyev International Airport","ヘイダル・アリエフ国際空港","蓋達爾·阿利耶夫國際機場","40.4728","50.0509","Asia/Baku","0",""
"GYE","EC","과야킬","Guayaquil","グアヤキル","瓜亞基爾","","호세 호아킨데 올메도 국제공항","José Joaquín de Olmedo International Airport","ホセ・ホアキン・デ・オルメード国際空港","瓜阿基爾","-2.1574","-79.8836","America/Guayaquil","0",""
"GYM","MX","과이마스","Heroica Guaymas","グアイマス","瓜伊馬斯","Guaymas","","General José María Yáñez International Airport","ヘネラル・ホセ・マリア・ヤニェス国際空港","","27.969","-110.925","America/Hermosillo","0",""
"GYN","BR","고이아니아","Goiânia","ゴイアニア","戈亞尼亞","","","Santa Genoveva International Airport","ゴイアニア","戈亞尼亞國際機場","-16.632","-49.2207","America/Sao_Paulo","0",""
"GYS","CN","광위안","Guangyuan","広元","廣元","Guangyuan (Lizhou)","","Guangyuan Panlong Airport","広元盤龍空港","廣元盤龍機場","32.3903","105.6946","Asia/Shanghai","0",""
"GYU","CN","구위안","Guyuan","固原","固原","Guyuan (Yuanzhou)","","Guyuan Liupanshan Airport","固原六盤山空港","固原六盤山機場","36.0789","106.2169","Asia/Shanghai","0",""
"GYY","US","게리","Gary","ゲーリー","蓋瑞","","","Gary/Chicago International Airport","ゲーリー・シカゴ国際空港","加里/芝加哥國際機場","41.6171","-87.4132","America/Chicago","0",""
"GZP","TR","가지파샤","Gazipaşa","セリヌンテ","加濟帕夏","","","Gazipaşa-Alanya Airport","ガズィパシャ空港","加濟帕夏機場","36.2988","32.297","Europe/Istanbul","0",""
"GZT","TR","가지안테프","Gaziantep","ガズィアンテプ","加濟安泰普","","","Gaziantep Oğuzeli International Airport","オーゼリ空港","加濟安泰普","36.9472","37.4787","Europe/Istanbul","0",""
"HAC","JP","하치조섬","Hachijō-jima","八丈島","八丈島","","하치조지마 공항","Hachijojima Airport","八丈島空港","八丈島機場","33.1148","139.7856","Asia/Tokyo","0",""
"HAD","SE","할름스타드","Halmstad","ハルムスタッド","哈爾姆斯塔德","","","Halmstad Airport","ハルムスタッド・シティ空港","哈爾姆斯塔德機場","56.6911","12.8202","Europe/Stockholm","0",""
"HAH","KM","모로니","Moroni","モロニ","莫洛尼","","","Prince Said Ibrahim International Airport","プリンス・サイード・イブラヒーム国際空港","赛义德·易卜拉欣王子国际机场","-11.5337","43.2719","Indian/Comoro","0",""
"HAJ","DE","하노버","Hanover","ハノーファー","漢諾威","Hannover","하노버 공항","Hannover Airport","ハノーファー空港","漢諾瓦-朗根哈根機場","52.4611","9.6851","Europe/Berlin","0",""
"HAM","DE","함부르크","Hamburg","ハンブルク","漢堡","","함부르크 공항","Hamburg Helmut Schmidt Airport","ハンブルク空港","汉堡机场","53.6304","9.9882","Europe/Berlin","0",""
"HAQ","MV","","Haa Dhaalu Atoll","","","","","Hanimaadhoo International Airport","ハニマアッドホー国際空港","Hanimaadhoo國際機場","6.7432","73.1671","Indian/Maldives","0",""
"HAS","SA","하일","Ha'il","ハーイル","哈伊勒","","","Hail International Airport","ハーイル","哈伊勒地區機場","27.4379","41.6863","Asia/Riyadh","0",""
"HAU","NO","","Haugesund","","","Karmøy","","Haugesund Airport, Karmøy","ハウゲスン","海於格鬆機場","59.3453","5.2084","Europe/Oslo","0",""
"HAV","CU","아바나","Havana","ハバナ","哈瓦那","","호세 마르티 국제공항","José Martí International Airport","ホセ・マルティ国際空港","荷西馬提國際機場","22.9892","-82.4091","America/Havana","0",""
"HBA","AU","호바트","Hobart","ホバート","荷巴特","Hobart (Cambridge)","호바트 국제공항","Hobart International Airport","ホバート国際空港","霍巴特機場","-42.837","147.513","Australia/Hobart","0",""
"HBE","EG","","Alexandria","","","","","Alexandria International Airport","","","30.9325","29.6964","Africa/Cairo","0",""
"HBX","IN","후블리","Hubballi","フブリ","胡布利","","","Hubballi Airport","フブリ空港","胡布利機場","15.3611","75.0821","Asia/Kolkata","0",""
"HCJ","CN","허츠","Hechi","河池","河池","Hechi (Jinchengjiang)","","Hechi Jinchengjiang Airport","","河池金城江机场","24.8043","107.7108","Asia/Shanghai","0",""
"HCR","US","","Holy Cross","","","","","Holy Cross Airport","","","62.1883","-159.775","America/Anchorage","0",""
"HCZ","CN","천저우","Chenzhou","郴州","郴州","","","Chenzhou Beihu Airport","","郴州北湖机场","25.7534","112.8454","Asia/Shanghai","0",""
"HDF","DE","","Heringsdorf","","黑灵斯多夫","Zirchow","","Heringsdorf Airport","ヘリングスドルフ空港","","53.8787","14.1523","Europe/Berlin","0",""
"HDG","CN","","Handan","","","","","Handan Airport","邯鄲空港","邯鄲機場","36.5248","114.4241","Asia/Shanghai","0",""
"HDM","IR","하마단","Hamadan","ハマダーン","哈馬丹","","","Hamadan Airport","ハマダーン空港","哈馬丹機場","34.8664","48.5607","Asia/Tehran","0",""
"HDN","US","","Hayden","","海登","","","Yampa Valley Airport","ヤンパバレー空港","揚帕谷機場","40.4812","-107.218","America/Denver","0",""
"HDS","ZA","","Hoedspruit","","","","","Eastgate Airport / Air Force Base Hoedspruit","ホエドスプルート空軍基地","胡德斯普雷特空軍基地","-24.3619","31.0529","Africa/Johannesburg","0",""
"HDY","TH","핫야이","Hat Yai","ハートヤイ","合艾","","핫야이 국제공항","Hat Yai International Airport","ハートヤイ国際空港","合艾国际机场","6.9332","100.393","Asia/Bangkok","0",""
"HEA","AF","헤라트","Herat","ヘラート","赫拉特","Guzara","헤라트 국제공항","Herat - Khwaja Abdullah Ansari International Airport","ヘラート","赫拉特機場","34.21","62.2283","Asia/Kabul","0",""
"HEH","MM","","Heho","ヘーホー","黑河","","","Heho Airport","ヘーホー空港","黑河機場 (緬甸)","20.7471","96.792","Asia/Yangon","0",""
"HEK","CN","헤이허","Heihe","黒河","黑河","","","Heihe Aihui Airport","黒河空港","黑河璦琿機場","50.1716","127.3089","Asia/Shanghai","0",""
"HER","GR","이라클리오","Heraklion","イラクリオン","伊拉克利翁","","이라클리온 국제공항","Heraklion International Nikos Kazantzakis Airport","イラクリオン国際空港","伊拉克利翁尼科斯·卡贊察基斯國際機場","35.3397","25.1803","Europe/Athens","0",""
"HET","CN","후허하오터","Hohhot","フフホト","呼和浩特","","후허하오터 바이타 국제공항","Hohhot Baita International Airport","呼和浩特白塔国際空港","呼和浩特白塔國際機場","40.8497","111.8246","Asia/Shanghai","0",""
"HFA","IL","하이파","Haifa","ハイファ","海法","","하이파 공항","Uri Michaeli Haifa International Airport","ハイファ空港","海法機場","32.8102","35.0437","Asia/Jerusalem","0",""
"HFN","IS","회픈","Höfn","ヘプン","赫本","","","Hornafjörður Airport","ホルナフィヨルズゥル空港","赫本機場","64.2956","-15.2272","Atlantic/Reykjavik","0",""
"HFT","NO","함메르페스트","Hammerfest","ハンメルフェスト","亨墨菲斯","","","Hammerfest Airport","ハンメルフェスト空港","亨墨菲斯機場","70.6797","23.6686","Europe/Oslo","0",""
"HGA","SO","하르게이사","Hargeisa","ハルゲイサ","哈爾格薩","","하르게이사 공항","Egal International Airport","ハルゲイサ国際空港","埃加勒国际机场","9.5141","44.0835","Africa/Mogadishu","0",""
"HGI","IN","이타나가르","Itanagar","イーターナガル","伊塔那噶","Hollongi","","Itanagar Donyi Polo Hollongi Airport","","","26.9668","93.6388","Asia/Kolkata","0",""
"HGN","TH","","Mae Hong Son","","","","매홍손 공항","Mae Hong Son Airport","メーホンソーン空港","湄宏順機場","19.3013","97.9758","Asia/Bangkok","0",""
"HGO","CI","코로고","Korhogo","コロゴ","科霍戈","","","Korhogo Airport","コロゴ空港","","9.3872","-5.5567","Africa/Abidjan","0",""
"HGR","US","헤이거스타운","Hagerstown","ヘイガーズタウン","黑格斯敦","","","Hagerstown Regional Richard A Henson Field","Hagerstown地域空港","黑格斯敦地方機場","39.7088","-77.728","America/New_York","0",""
"HGU","PG","","Mount Hagen","","","","","Mount Hagen Kagamuga Airport","マウントハーゲン空港","芒特哈根機場","-5.8282","144.2994","Pacific/Port_Moresby","0",""
"HHH","US","힐튼헤드섬","Hilton Head Island","ヒルトンヘッドアイランド","希爾頓黑德島","","","Hilton Head Airport","ヒルトンヘッド空港","希爾頓黑德島機場","32.2244","-80.6975","America/New_York","0",""
"HHN","DE","라인란트팔츠주","Rhineland-Palatinate","ラインラント＝プファルツ州","萊因蘭-法爾茲","Frankfurt am Main (Lautzenhausen)","프랑크푸르트 한 공항","Frankfurt-Hahn Airport","フランクフルト・ハーン空港","哈恩機場","49.9464","7.2617","Europe/Berlin","0",""
"HHQ","TH","후아힌","Hua Hin","","","","후아힌 공항","Hua Hin Airport","フワヒン空港","華欣機場","12.6362","99.9515","Asia/Bangkok","0",""
"HHR","US","","Hawthorne","","","","","Jack Northrop Field Hawthorne Municipal Airport","ホーソーン市営空港","霍桑市際機場","33.9228","-118.335","America/Los_Angeles","0",""
"HIA","CN","화이안","Huai'an","淮安","淮安","","","Huai'an Lianshui Airport","淮安漣水空港","淮安漣水機場","33.7927","119.1267","Asia/Shanghai","0",""
"HIB","US","히빙","Hibbing","ヒビング","希賓","","","Range Regional Airport","レンジ・リージョナル空港","藍傑地區機場","47.3848","-92.8369","America/Chicago","0",""
"HID","AU","","Horn","","","","","Horn Island Airport","ホーン島空港","霍恩島機場","-10.5856","142.2928","Australia/Brisbane","0",""
"HII","US","레이크하바수시티","Lake Havasu City","レイクハバスシティ","哈瓦苏湖城","","","Lake Havasu City Airport","レイクハバスシティ空港","","34.5705","-114.3577","America/Phoenix","0",""
"HIN","KR","사천","Sacheon","泗川","泗川","","사천공항","Sacheon Airport / Sacheon Air Base","泗川空港","泗川機場","35.0886","128.0717","Asia/Seoul","0",""
"HIR","SB","호니아라","Honiara","ホニアラ","荷尼阿拉","","호니아라 국제공항","Honiara International Airport","ホニアラ国際空港","霍尼亞拉國際機場","-9.428","160.055","Pacific/Guadalcanal","0",""
"HJJ","CN","화이화","Huaihua","懐化","懷化","","","Huaihua Zhijiang Airport","芷江空港","懷化芷江機場","27.4431","109.7047","Asia/Shanghai","0",""
"HJR","IN","카주라호","Khajuraho","カジュラーホー","克久拉霍","","","Khajuraho Airport","カジュラーホー空港","克久拉霍民用機場","24.8172","79.9186","Asia/Kolkata","0",""
"HKD","JP","하코다테","Hakodate","函館","函館","","하코다테 공항","Hakodate Airport","函館空港","函館機場","41.77","140.822","Asia/Tokyo","0",""
"HKK","NZ","","Hokitika","ホキティカ","霍基蒂卡","","","Hokitika Airfield","ホキティカ空港","霍基蒂卡機場","-42.7136","170.985","Pacific/Auckland","0",""
"HKN","PG","","Kimbe","","","","","Hoskins Airport","ホスキンズ空港","霍斯金斯機場","-5.4638","150.4073","Pacific/Port_Moresby","0",""
"HLA","ZA","","Johannesburg","","","","란세리아 국제공항","Lanseria International Airport","ランセリア国際空港","蘭塞里亞國際機場","-25.939","27.9266","Africa/Johannesburg","0",""
"HLD","CN","아르군강","Argun River","アルグン川","额尔古纳河","Hailar","","Hulunbuir Hailar Airport","フルンボイル・ハイラル空港","呼倫貝爾海拉爾機場","49.2086","119.8223","Asia/Shanghai","0",""
"HLE","SH","제임스타운","Jamestown","ジェームズタウン","詹姆斯敦","","세인트헬레나 공항","Saint Helena International Airport","セントヘレナ空港","聖赫勒拿島機場","-15.9589","-5.6461","Atlantic/St_Helena","0",""
"HLN","US","헬레나","Helena","ヘレナ","海倫娜","","","Helena Regional Airport","Helena地域空港","海伦娜区域机场","46.6068","-111.983","America/Denver","0",""
"HLP","ID","자카르타","Jakarta","ジャカルタ","雅加達","","할림 페르다나쿠수마 국제공항","Halim Perdanakusuma International Airport","ハリム・ペルダナクスマ国際空港","達哈利姆-珀達納庫蘇馬機場","-6.267","106.8903","Asia/Jakarta","0",""
"HLZ","NZ","해밀턴","Hamilton","ハミルトン","漢密頓","","해밀턴 국제공항","Hamilton International Airport","ハミルトン国際空港","漢密爾頓國際機場","-37.867","175.332","Pacific/Auckland","0",""
"HMA","RU","한티만시스크","Khanty-Mansiysk","ハンティ・マンシースク","漢特-曼西斯克","","","Khanty Mansiysk Airport","ハンティ・マンシースク空港","漢特-曼西斯克機場","61.0285","69.0861","Asia/Yekaterinburg","0",""
"HMB","EG","소하그","Sohag","ソハーグ","索哈傑","Suhaj","","Suhaj International Airport","ソハーグ国際空港","索哈傑國際機場","26.3425","31.743","Africa/Cairo","0",""
"HME","DZ","하시메사우드","Hassi Messaoud","ハシメサウド","哈西邁薩烏德","","","Hassi Messaoud-Oued Irara Krim Belkacem Airport","オウド・イララ・クリム・バルケッサム空港","","31.673","6.1404","Africa/Algiers","0",""
"HMI","CN","하미","Hami","クムル","哈密","","","Hami Airport","ハミ伊州空港","哈密機場","42.8414","93.6692","Asia/Urumqi","0",""
"HMO","MX","에르모시요","Hermosillo","エルモシージョ","埃莫西約","","","General Ignacio L. Pesqueira International Airport","エルモシージョ国際空港","埃莫西約國際機場","29.0928","-111.053","America/Hermosillo","0",""
"HNA","JP","하나마키","Hanamaki","花巻","花卷","","하나마키 공항","Iwate Hanamaki Airport","花巻空港","花卷機場","39.4286","141.135","Asia/Tokyo","0",""
"HNM","US","","Hana","ハナ (ハワイ)","哈納","","","Hana Airport","ハナ空港","哈納機場","20.7956","-156.014","Pacific/Honolulu","0",""
"HNS","US","","Haines","ヘインズ","海恩斯","","","Haines Airport","","海恩斯機場","59.2439","-135.5239","America/Juneau","0",""
"HOB","US","","Hobbs","","","","","Lea County Regional Airport","Lea County地域空港","利郡區域機場","32.6875","-103.217","America/Denver","0",""
"HOF","SA","","Al-Ahsa governorate","アル・ハサ","","Hofuf","","Al-Ahsa International Airport","アル＝アフサー","胡富夫","25.2853","49.4852","Asia/Riyadh","0",""
"HOG","CU","올긴","Holguin","オルギン","奧爾金","","","Frank Pais International Airport","オルギン","弗蘭克帕里斯機場","20.7851","-76.3155","America/Nassau","0",""
"HOI","PF","하오","Hao","ハオ環礁","豪環礁","Otepa","","Hao Airport","ハオ空港","","-18.0748","-140.946","Pacific/Tahiti","0",""
"HOM","US","호머","Homer","ホーマー","荷馬","","호머 공항","Homer Airport","ホーマー空港","荷馬機場","59.6445","-151.4792","America/Anchorage","0",""
"HOR","PT","오르타","Horta","オルタ","奧爾塔","","","Horta Airport","オルタ空港","奧爾塔機場","38.5199","-28.7159","Atlantic/Azores","0",""
"HOT","US","핫스프링스","Hot Springs","ホット・スプリングス","温泉城","","","Memorial Field Airport","メモリアル・フィールド空港","","34.4788","-93.0963","America/Chicago","0",""
"HOU","US","휴스턴","Houston","ヒューストン","休士頓","","윌리엄 P. 호비 공항","William P. Hobby Airport","ウィリアム・P・ホビー空港","威廉·佩特斯·霍比机场","29.6453","-95.2768","America/Chicago","0",""
"HOV","NO","","Ørsta","","","","","Ørsta-Volda Airport, Hovden","","霍夫登厄什塔-沃爾達機場","62.18","6.0741","Europe/Oslo","0",""
"HPA","TO","","Lifuka","","","","","Lifuka Island Airport","リフカ島空港","湯加哈島機場","-19.777","-174.341","Pacific/Tongatapu","0",""
"HPG","CN","선눙자 임구","Shennongjia","神農架林区","神農架林區","Shennongjia (Hongping)","","Shennongjia Hongping Airport","","神農架機場","31.626","110.34","Asia/Shanghai","0",""
"HPN","US","화이트플레인스","White Plains","ホワイト・プレインズ","白原","","","Westchester County Airport","ウェストチェスター郡空港","威斯特徹斯特縣機場","41.067","-73.7076","America/New_York","0",""
"HQL","CN","","Tashikuergan","","","","","Tashikuergan Hongqilafu Airport","タシュクルガン・クンジュラブ空港","塔什库尔干红其拉甫机场","37.6613","75.2889","Asia/Urumqi","0",""
"HRE","ZW","하라레","Harare","ハラレ","哈拉雷","","로버트 가브리엘 무가베 국제공항","Robert Gabriel Mugabe International Airport","ハラレ国際空港","哈拉雷國際機場","-17.9318","31.0928","Africa/Harare","0",""
"HRG","EG","후르가다","Hurghada","フルガダ","赫加達","","후르가다 국제공항","Hurghada International Airport","フルガダ国際空港","洪加達國際機場","27.1768","33.7967","Africa/Cairo","0",""
"HRI","LK","함반토타","Hambantota","ハンバントタ","漢班托塔","Mattala","마탈라 라자팍사 국제공항","Mattala Rajapaksa International Airport","マッタラ・ラジャパクサ国際空港","漢班托塔國際機場","6.2839","81.1242","Asia/Colombo","0",""
"HRL","US","할링전","Harlingen","ハーリンジェン","哈靈根","","","Valley International Airport","バレー国際空港","河谷國際機場","26.2285","-97.6544","America/Chicago","0",""
"HRO","US","해리슨","Harrison","ハリソン","阿肯色州哈里森","","","Boone County Airport","","","36.2615","-93.1547","America/Chicago","0",""
"HSA","KZ","튀르키스탄","Turkistan","テュルキスタン","图爾克斯坦","Turkıstan","","Hazrat Sultan International Airport","","哈兹拉特苏丹国际机场","43.3111","68.5504","Asia/Almaty","0",""
"HSC","CN","","Shaoguan","","","","","Shaoguan Danxia Airport","韶関丹霞空港","韶关丹霞机场","24.9786","113.421","Asia/Shanghai","0",""
"HSL","US","","Huslia","","胡斯利亚","","","Huslia Airport","","","65.6979","-156.351","America/Anchorage","0",""
"HSN","CN","","Zhoushan","","","","","Zhoushan Putuoshan International Airport","舟山普陀山空港","舟山普陀山機場","29.9339","122.3623","Asia/Shanghai","0",""
"HSR","IN","","Saurashtra","サウラーシュトラ","薩烏拉施特拉","Rajkot","","Rajkot International Airport","","","22.3788","71.0394","Asia/Kolkata","0",""
"HSS","IN","","Hisar","","","","","Maharaja Agrasen International Airport","","","29.1861","75.7414","Asia/Kolkata","0",""
"HSV","US","헌츠빌","Huntsville","ハンツヴィル","亨茨維爾","","헌츠빌 국제공항","Huntsville International Airport","ハンツビル国際空港","亨茨維爾","34.6362","-86.7744","America/Chicago","0",""
"HTA","RU","치타","Chita","チタ","赤塔","","","Chita-Kadala International Airport","カダラ空港","赤塔機場","52.0248","113.3058","Asia/Chita","0",""
"HTG","RU","","Khatanga","","","","","Khatanga Airport","","","71.9781","102.491","Asia/Krasnoyarsk","0",""
"HTI","AU","해밀턴섬","Whitsunday Islands","ハミルトン島","漢密爾頓島","Hamilton Island","","Hamilton Island Airport","ハミルトン島空港","漢密爾頓島","-20.3581","148.952","Australia/Brisbane","0",""
"HTN","CN","허톈","Hotan","ホータン","和田","","호탄쿤강 공항","Hotan Airport","ホータン空港","和田機場","37.0385","79.8649","Asia/Urumqi","0",""
"HTS","US","헌팅턴","Huntington","ハンティントン","亨廷頓","","트라이스테이트 공항","Tri-State Airport / Milton J. Ferguson Field","","","38.3667","-82.558","America/New_York","0",""
"HTT","CN","망야 행정위원회","Mangnai","茫崖行政委員会","茫崖","Mengnai","","Huatugou Airport","","海西茫崖机场","38.2016","90.8378","Asia/Shanghai","0",""
"HTY","TR","안타키아","Antakya","アンタキヤ","安塔基亞","","","Hatay Airport","ハタイ空港","哈塔伊機場","36.3608","36.2856","Europe/Istanbul","0",""
"HUH","PF","","Huahine","","胡阿希内","Fare","","Huahine-Fare Airport","フアヒネ空港","","-16.6871","-151.0216","Pacific/Tahiti","0",""
"HUI","VN","후에","Huế","フエ","順化","","후에 국제공항","Phu Bai International Airport","フバイ国際空港","富牌國際機場","16.4006","107.7041","Asia/Ho_Chi_Minh","0",""
"HUN","TW","화롄","Hualien City","花蓮","花蓮","","화롄 공항","Hualien Chiashan Airport","花蓮空港","花蓮機場","24.0232","121.618","Asia/Taipei","0",""
"HUO","CN","","Holingol","","","","","Holingol Huolinhe Airport","","霍林郭勒霍林河机场","45.4872","119.4072","Asia/Shanghai","0",""
"HUU","PE","우아누코","Huánuco","ワヌコ","瓦努科","","","Alferez Fap David Figueroa Fernandini Airport","アルフェレズ・FAP・ダビ・フィゲローア・フェルナンディーニ空港","瓦努科","-9.8788","-76.2048","America/Lima","0",""
"HUX","MX","","Huatulco","","","","","Bahías de Huatulco International Airport","バイアス・デ・ワトゥルコ国際空港","華渡口國際機場","15.7754","-96.2605","America/Mexico_City","0",""
"HUY","GB","이스트라이딩오브요크셔주","East Riding of Yorkshire","イースト・ライディング・オブ・ヨークシャー","東約克郡","Grimsby, Lincolnshire","","Humberside Airport","ハンバーサイド空港","亨伯賽德機場","53.5762","-0.3495","Europe/London","0",""
"HUZ","CN","후이저우","Huizhou","恵州","惠州","Huizhou (Pingtan)","","Huizhou Pingtan Airport","恵州平潭空港","惠州平潭機場","23.05","114.6","Asia/Shanghai","0",""
"HVB","AU","허비 베이","Hervey Bay","ハービー・ベイ","赫維灣","","","Hervey Bay Airport","ハービー・ベイ空港","赫維灣機場","-25.3201","152.8807","Australia/Brisbane","0",""
"HVD","MN","","Khovd","","","","","Khovd Airport","ホブド空港","科布多城","47.9541","91.6282","Asia/Hovd","0",""
"HVG","NO","호닝스보그","Honningsvåg","ホニングスヴォーグ","洪寧斯沃格","","","Honningsvåg Airport, Valan","ホニングスヴォーグ空港","洪寧斯沃格瓦蘭機場","71.0097","25.9836","Europe/Oslo","0",""
"HVN","US","휴스턴","Houston","ヒューストン","休士頓","New Haven","","Tweed New Haven Airport","トゥウィード・ニューヘイブン空港","特威德紐哈芬機場","41.2629","-72.8877","America/New_York","0",""
"HVR","US","해버","Havre","ハーバ","哈佛","","","Havre City County Airport","Havre City郡空港","哈佛县机场","48.5414","-109.7629","America/Denver","0",""
"HWR","IN","","Halwara","","","","","Halwara International Airport","","","30.7485","75.6298","Asia/Kolkata","0",""
"HXD","CN","더링하","Delingha","デリンハ","德令哈","","","Haixi Delingha Airport","","德令哈机场","37.1253","97.2687","Asia/Shanghai","0",""
"HYA","US","","Hyannis","","","","","Cape Cod Gateway Airport","Barnstable市営空港","海恩尼斯","41.6693","-70.2804","America/New_York","0",""
"HYD","IN","하이데라바드","Hyderabad","ハイデラバード","海德拉巴","","라지브 간디 국제공항","Rajiv Gandhi International Airport","ラジーヴ・ガンディー国際空港","拉吉夫·甘地国际机场","17.2313","78.4299","Asia/Kolkata","0",""
"HYN","CN","","Taizhou (Luqiao)","","","","","Taizhou Luqiao Airport","台州路橋空港","台州路橋機場","28.5622","121.429","Asia/Shanghai","0",""
"HYS","US","헤이스","Hays","ヘイズ","海斯","","","Hays Regional Airport","Hays地域空港","海斯地區機場","38.8445","-99.2731","America/Chicago","0",""
"HZA","CN","허쩌","Heze","菏沢","菏澤","Heze (Dingtao)","","Heze Mudan Airport","","菏泽牡丹机场","35.213","115.7367","Asia/Shanghai","0",""
"HZG","CN","한중","Hanzhong","漢中","漢中","Hanzhong (Chenggu)","","Hanzhong Chenggu Airport","漢中城固空港","漢中城固機場","33.1335","107.2038","Asia/Shanghai","0",""
"HZH","CN","리핑현","Liping County","黎平県","黎平縣","Liping","","Liping Airport","黎平空港","黎平机场","26.3222","109.1499","Asia/Shanghai","0",""
"IAA","RU","이가르카","Igarka","イガルカ","伊加爾卡","","","Igarka Airport","イガルカ空港","伊加爾卡機場","67.4372","86.6219","Asia/Krasnoyarsk","0",""
"IAG","US","나이아가라폴스","Niagara Falls","ナイアガラフォールズ","尼亞加拉瀑布城","","나이아가라폴스 국제공항","Niagara Falls International Airport","ナイアガラフォールズ国際空港","尼亞加拉瀑布城國際機場","43.1073","-78.9462","America/New_York","0",""
"IAH","US","휴스턴","Houston","ヒューストン","休士頓","","조지 부시 인터콘티넨털 공항","George Bush Intercontinental Airport","ジョージ・ブッシュ・インターコンチネンタル空港","喬治·布希洲際機場","29.9844","-95.3414","America/Chicago","0",""
"IAM","DZ","인아메나스","In Amenas","イナメナス","因阿邁納斯","","","Zarzaitine - In Aménas Airport","イナメナス国際空港","","28.0515","9.6429","Africa/Tripoli","0",""
"IAN","US","키아나","Kiana","","基亚娜","","","Bob Baker Memorial Airport","","","66.9761","-160.439","America/Anchorage","0",""
"IAR","RU","야로슬라블","Yaroslavl","ヤロスラヴリ","雅羅斯拉夫爾","Tunoshna","투노시나 공항","Golden Ring Yaroslavl International Airport","トゥノシナ空港","圖諾什納機場","57.5607","40.1574","Europe/Moscow","0",""
"IAS","RO","이아","Iași","ヤシ","雅西","","","Iaşi International Airport","ヤシ国際空港","雅西","47.1796","27.6214","Europe/Bucharest","0",""
"IBA","NG","이바단","Ibadan","イバダン","伊巴丹","","","Ibadan Airport","イバダン空港","伊巴丹機場","7.3625","3.9783","Africa/Lagos","0",""
"IBE","CO","이바게","Ibagué","イバゲ","伊瓦格","","","Perales Airport","ペラーレス空港","","4.4216","-75.1333","America/Bogota","0",""
"IBR","JP","도쿄","Tokyo","東京","東京","Omitama","이바라키 공항","Ibaraki Airport","百里飛行場","百里飛行場","36.1815","140.4144","Asia/Tokyo","0",""
"IBZ","ES","이비사섬","Ibiza","イビサ島","伊比薩島","Ibiza (Eivissa)","이비사 공항","Ibiza Airport","イビサ空港","Ibiza（IBZ）","38.8729","1.3731","Europe/Madrid","0",""
"ICN","KR","서울","Seoul","ソウル","首爾","","인천국제공항","Incheon International Airport","仁川国際空港","仁川國際機場","37.4691","126.451","Asia/Seoul","0","seoul"
"ICT","US","위치토","Wichita","ウィチタ","威奇托","","","Wichita Dwight D. Eisenhower National Airport","ウィチタ・ミッド・コンティエント空港","威奇托中陸機場","37.6503","-97.4286","America/Chicago","0",""
"IDA","US","아이다호폴스","Idaho Falls","アイダホ・フォールズ","愛達荷佛斯","","","Idaho Falls Regional Airport","アイダホフォールズ地域空港","愛達荷福爾斯","43.5146","-112.071","America/Boise","0",""
"IDR","IN","인도르","Indore","インドール","印多爾","","","Devi Ahilya Bai Holkar International Airport","デーヴィー・アヒリヤーバーイー・ホールカル国際空港","霍克爾機場","22.7214","75.8005","Asia/Kolkata","0",""
"IEG","PL","지엘로나구라","Zielona Góra","ジェロナ・グラ","綠山城","Nowe Kramsko","지엘로나구라 바비모스트 공항","Zielona Góra-Babimost Airport","ジェロナ・グラ空港","吉洛納格拉-巴比莫斯特機場","52.1385","15.7986","Europe/Warsaw","0",""
"IFJ","IS","이사피외르뒤르","Ísafjörður","イーサフィヨルズゥル","伊薩菲厄澤","","이사피외르뒤르 공항","Ísafjörður Airport","イーサフィヨルズゥル空港","","66.0581","-23.1353","Atlantic/Reykjavik","0",""
"IFN","IR","이스파한","Isfahan","エスファハーン","伊斯法罕","","이스파한 국제공항","Isfahan Shahid Beheshti International Airport","エスファハーン国際空港","伊斯法罕國際機場","32.7551","51.8839","Asia/Tehran","0",""
"IGA","BS","","Matthew Town","","","","","Inagua Airport","イナグア空港","馬修鎮","20.975","-73.6669","America/Nassau","0",""
"IGD","TR","이디르","Iğdır","ウードゥル","厄德爾","","","Iğdır Airport","ウードゥル空港","厄德爾機場","39.9766","43.8766","Europe/Istanbul","0",""
"IGR","AR","푸에르토이과수","Puerto Iguazú","プエルト・イグアス","伊瓜蘇港","","","Cataratas Del Iguazú International Airport","イグアスの滝国際空港","伊瓜蘇港","-25.7373","-54.4734","America/Argentina/Cordoba","0",""
"IGT","RU","마가스","Magas","マガス","馬加斯","Sunzha","","Magas Airport","マガス","馬加斯","43.3233","45.0126","Europe/Moscow","0",""
"IGU","BR","포스두이구아수","Foz do Iguaçu","フォス・ド・イグアス","伊瓜蘇","","포스두이구아수 국제공항","Cataratas International Airport","フォス・ド・イグアス国際空港","福斯-伊瓜蘇國際機場","-25.5942","-54.4894","America/Sao_Paulo","0",""
"IJK","RU","이젭스크","Izhevsk","イジェフスク","伊熱夫斯克","","","Izhevsk Airport","イジェフスク空港","伊熱夫斯克機場","56.8345","53.4622","Europe/Samara","0",""
"IKA","IR","테헤란","Tehran","テヘラン","德黑蘭","","테헤란 이맘 호메이니 국제공항","Imam Khomeini International Airport","エマーム・ホメイニー国際空港","伊瑪目霍梅尼國際機場","35.4161","51.1522","Asia/Tehran","0",""
"IKG","KG","","Karakol","","","","","Karakol International Airport","","","42.5081","78.4078","Asia/Bishkek","0",""
"IKI","JP","이키","Iki","壱岐","壹岐","","이키 공항","Iki Airport","壱岐空港","壹岐機場","33.749","129.785","Asia/Tokyo","0",""
"IKS","RU","틱시","Tiksi","ティクシ","季克西","","","Tiksi Airport","ティクシ空港","季克西機場","71.6977","128.903","Asia/Yakutsk","0",""
"IKT","RU","이르쿠츠크","Irkutsk","イルクーツク","伊爾庫次克","","이르쿠츠크 국제공항","Irkutsk International Airport","イルクーツク国際空港","伊爾庫茨克國際機場","52.2667","104.3956","Asia/Irkutsk","0",""
"IKU","KG","","Tamchy","タムチィ","塔姆齊","","","Issyk-Kul International Airport","イシク・クル国際空港","伊塞克湖國際機場","42.5856","76.7012","Asia/Bishkek","0",""
"ILD","ES","예이다","Lleida","リェイダ","萊里達","","","Lleida-Alguaire Airport","リェイダ・アルガイア空港","莱里达-阿尔瓜伊雷机场","41.7282","0.535","Europe/Madrid","0",""
"ILG","US","윌밍턴","Wilmington","ウィルミントン","威爾明頓","","","Wilmington Airport","ニューキャッスル空港","New Castle機場","39.6787","-75.6065","America/New_York","0",""
"ILI","US","","Iliamna","","伊利亞姆納","","","Iliamna Airport","イリアムナ","","59.7544","-154.911","America/Anchorage","0",""
"ILM","US","윌밍턴","Wilmington","ウィルミントン","威爾明頓","","","Wilmington International Airport","ウィルミントン国際空港","威明頓國際機場","34.2723","-77.9051","America/New_York","0",""
"ILO","PH","일로일로","Cabatuan","イロイロ","伊洛伊洛","","일로일로 국제공항","Iloilo International Airport","イロイロ国際空港","伊洛伊洛國際機場","10.833","122.4934","Asia/Manila","0",""
"ILP","NC","","Isle of Pines","イル・デ・パン","松树岛","Île des Pins","","Île des Pins Airport","イル・デ・パン空港","松树岛机场","-22.5889","167.456","Pacific/Noumea","0",""
"ILQ","PE","","Ilo","イロ","伊洛","","","General Jorge Fernandez Maldon Airport","イロ空港","","-17.695","-71.344","America/Lima","0",""
"ILR","NG","","Ilorin/Ogbomosho","","","","","General Tunde Idiagbon International Airport","イロリン国際空港","伊洛林國際機場","8.4402","4.4939","Africa/Lagos","0",""
"ILS","SV","산살바도르","San Salvador","サンサルバドル","聖薩爾瓦多","","","Ilopango International Airport","","","13.6995","-89.1199","America/El_Salvador","0",""
"ILY","GB","아일러","Islay","アイラ島","艾拉島","Isle of Islay, Argyll and Bute","","Islay Airport","アイラ空港","內赫布里底群島艾拉（ILY）","55.6827","-6.2575","Europe/London","0",""
"IMF","IN","임팔","Imphal","インパール","因帕爾","","임팔 공항","Bir Tikendrajit International Airport","インパール空港","因帕爾國際機場","24.76","93.8967","Asia/Kolkata","0",""
"IMP","BR","임페라트리즈","Imperatriz","インペラトリス","因佩拉特里斯","","","Prefeito Renato Moreira Airport","インペラトリズ空港","因佩拉特里斯機場","-5.5313","-47.46","America/Fortaleza","0",""
"IMT","US","","Iron Mountain","アイアンマウンテン","鐵嶺","Kingsford","","Ford Airport","","","45.8191","-88.1146","America/Menominee","0",""
"INC","CN","인촨","Yinchuan","銀川","銀川","","인촨 허둥 국제공항","Yinchuan Hedong International Airport","銀川河東国際空港","銀川河東機場","38.3228","106.3932","Asia/Shanghai","0",""
"IND","US","인디애나폴리스","Indianapolis","インディアナポリス","印第安納波利斯","","인디애나폴리스 국제공항","Indianapolis International Airport","インディアナポリス国際空港","印第安納波利斯國際機場","39.7173","-86.2944","America/Indiana/Indianapolis","0",""
"INH","MZ","이냠바느","Inhambane","イニャンバネ","伊尼揚巴內","","","Inhambane Airport","イニャンバネ空港","","-23.8764","35.4085","Africa/Maputo","0",""
"INI","RS","니시","Niš","ニシュ","尼什","","","Niš Constantine the Great Airport","ニシュ・コンスタンティヌス大帝空港","尼什","43.3365","21.8562","Europe/Belgrade","0",""
"INL","US","인터네셔널폴스","International Falls","インターナショナル・フォールズ","國際瀑布城","","","Falls International Airport","フォールズ国際空港","","48.5662","-93.4031","America/Chicago","0",""
"INN","AT","인스브루크","Innsbruck","インスブルック","茵斯布魯克","","인스브루크 공항","Innsbruck Airport","インスブルック空港","因斯布魯克機場","47.2602","11.344","Europe/Vienna","0",""
"INU","NR","야렌구","Yaren District","ヤレン地区","亞倫區","Yaren","나우루 국제공항","Nauru International Airport","ナウル国際空港","諾魯國際機場","-0.5479","166.9195","Pacific/Nauru","0",""
"INV","GB","인버네스","Inverness","インヴァネス","印威內斯","Inverness, Highland","인버네스 공항","Inverness Airport","インヴァネス空港","印威內斯機場","57.5425","-4.0475","Europe/London","0",""
"INZ","DZ","인살라","In Salah","インサラー","因萨拉赫","","","In Salah Airport","インサラー空港","","27.251","2.512","Africa/Algiers","0",""
"IOA","GR","이오안니나","Ioannina","ヨアニナ","約阿尼納","","","Ioannina King Pyrrhus National Airport","ヨアニナ空港","","39.6964","20.8225","Europe/Athens","0",""
"IOM","IM","맨섬","Isle of Man","マン島","曼島","Castletown, Rushen","","Isle of Man Airport","マン島空港","馬恩島（IOM）","54.0831","-4.6239","Europe/Isle_of_Man","0",""
"IOS","BR","일례우스","Ilhéus","イリェウス","伊列烏斯","","","Bahia - Jorge Amado Airport","イリェウス","伊列烏斯·豪爾赫·阿馬多機場","-14.8159","-39.0335","America/Bahia","0",""
"IPC","CL","항가로아","Hanga Roa","ハンガロア","安加羅阿","Isla De Pascua","마타베리 국제공항","Mataveri International Airport","マタベリ国際空港","馬塔維里國際機場","-27.1654","-109.421","Pacific/Easter","0",""
"IPH","MY","이포","Ipoh","イポー","怡保","","술탄 아즐란 샤 공항","Sultan Azlan Shah Airport","スルタン・アズラン・シャー空港","怡保蘇丹阿斯蘭沙國際機場","4.5673","101.0916","Asia/Kuala_Lumpur","0",""
"IPI","CO","이피알레스","Ipiales","イピアレス","伊皮亞萊斯","","","San Luis Airport","","聖路易斯機場 (哥倫比亞)","0.8619","-77.6718","America/Bogota","0",""
"IPL","US","","Imperial","インペリアル","因皮里尔","","","Imperial County Airport","インペリアル郡空港","","32.8354","-115.574","America/Los_Angeles","0",""
"IPN","BR","이파칭가","Ipatinga","イパチンガ","伊帕廷加","","","Usiminas Airport","ウジミナス空港","","-19.4707","-42.4876","America/Sao_Paulo","0",""
"IPT","US","윌리엄스포트","Williamsport","ウィリアムズポート","威廉斯波特","","","Williamsport Regional Airport","Williamsport地域空港","威廉斯波特区域机场","41.2421","-76.9224","America/New_York","0",""
"IQM","CN","체모현","Qiemo County","チャルチャン県","且末县","Qiemo","","Qiemo Yudu Airport","チャルチャン空港","且末機場","38.2345","85.4655","Asia/Urumqi","0",""
"IQN","CN","칭양","Qingyang","慶陽","慶陽","Qingyang (Xifeng)","","Qingyang Xifeng Airport","慶陽空港","慶陽機場","35.8026","107.5989","Asia/Shanghai","0",""
"IQQ","CL","이키케","Iquique","イキケ","伊基克","","","Diego Aracena International Airport","ディエゴ・アラセナ国際空港","伊基克機場","-20.5363","-70.1814","America/Santiago","0",""
"IQT","PE","이키토스","Iquitos","イキトス","伊基托斯","","","Coronel FAP Francisco Secada Vignetta International Airport","コロネル・FAP・フランシスコ・セカダ・ビグネッタ国際空港","伊基托斯國際機場","-3.7847","-73.3088","America/Lima","0",""
"IRG","AU","","Lockhart River","","洛克哈特河","","","Lockhart River Airport","ロックハートリバー空港","","-12.7869","143.305","Australia/Brisbane","0",""
"IRJ","AR","라리오하","La Rioja","ラ・リオハ","里歐哈","","","Capitan V A Almonacid Airport","カピタン・ビセンテ・アルマンドス・アルモナシド空港","拉利奧哈-維森特·阿爾曼多斯上尉機場","-29.3816","-66.7958","America/Argentina/La_Rioja","0",""
"IRK","US","","Kirksville","カークスビル","柯克斯維爾","","","Kirksville Regional Airport","カークスビル地域空港","柯克斯維爾地區機場","40.0935","-92.5449","America/Chicago","0",""
"IRP","CD","이시로","Isiro","イシロ","伊西羅","","","Matari Airport","イシロ空港","","2.8276","27.5883","Africa/Lubumbashi","0",""
"ISA","AU","마운트아이자","Mount Isa","マウント・アイザ","伊薩山","","","Mount Isa Airport","マウントアイサ空港","伊薩山機場","-20.6664","139.4885","Australia/Brisbane","0",""
"ISB","PK","이슬라마바드","Islamabad","イスラマバード","伊斯蘭瑪巴德","Attock","뉴이슬라마바드 국제공항","Islamabad International Airport","イスラマバード国際空港","新伊斯蘭瑪巴德國際機場","33.549","72.8257","Asia/Karachi","0",""
"ISE","TR","이스파르타","Isparta","ウスパルタ","厄斯帕爾塔","","","Süleyman Demirel International Airport","ウスパルタ","伊斯帕爾塔","37.8554","30.3684","Europe/Istanbul","0",""
"ISK","IN","나시크","Nashik","ナーシク","納西克","","","Nashik International Airport","オジャー空港","","20.1191","73.9129","Asia/Kolkata","0",""
"ISP","US","롱아일랜드","Long Island","ロング・アイランド","長島","Islip","롱아일랜드 맥아더 공항","Long Island MacArthur Airport","ロングアイランド・マッカーサー空港","長島麥克阿瑟機場","40.7963","-73.1017","America/New_York","0",""
"ISU","IQ","술라이마니야","Sulaymaniyah","スレイマニヤ","蘇萊曼尼亞","","","Jalal Talabani International Airport","スレイマニヤ国際空港","蘇萊曼尼亞國際機場","35.5605","45.3151","Asia/Baghdad","0",""
"ITB","BR","","Itaituba","イタイトゥバ","伊泰圖巴","","","Itaituba Airport","イタイトゥバ空港","","-4.2421","-56.0007","America/Santarem","0",""
"ITH","US","이사카","Ithaca","イサカ","綺色佳","","이타카 톰킨스 국제공항","Ithaca Tompkins Regional Airport","Ithaca Tompkins地域空港","綺色佳","42.491","-76.4584","America/New_York","0",""
"ITM","JP","오사카","Osaka","大阪","大阪","","오사카 국제공항","Osaka Itami International Airport","大阪国際空港","大阪國際機場","34.7809","135.4408","Asia/Tokyo","0",""
"ITO","US","힐로","Hilo","ヒロ","希洛","","힐로 국제공항","Hilo International Airport","ヒロ国際空港","希洛國際機場","19.7214","-155.0454","Pacific/Honolulu","0",""
"IUE","NU","니우에","Niue","ニウエ","紐埃","Alofi","니우에 국제공항","Niue International Airport","ニウエ国際空港","紐埃國際機場","-19.0801","-169.9235","Pacific/Niue","0",""
"IVC","NZ","인버카길","Invercargill","インヴァーカーギル","因弗卡吉爾","","","Invercargill Airport","インバーカーギル空港","因弗卡吉爾國際機場","-46.4124","168.313","Pacific/Auckland","0",""
"IVL","FI","이발로","Ivalo","イヴァロ","伊瓦洛","","이발로 공항","Ivalo Airport","イヴァロ空港","伊瓦洛機場","68.6073","27.4053","Europe/Helsinki","0",""
"IWA","RU","이바노보","Ivanovo","イヴァノヴォ","伊萬諾沃","","","Ivanovo South Airport","イヴァノヴォ・ユージュニ空港","伊萬諾沃","56.9394","40.9408","Europe/Moscow","0",""
"IWJ","JP","하기","Hagi","萩市","萩市","Masuda","이와미 공항","Iwami Airport","石見空港","石見機場","34.6764","131.79","Asia/Tokyo","0",""
"IWK","JP","이와쿠니","Iwakuni","岩国","岩國","","이와쿠니 비행장","Iwakuni Kintaikyo Airport","岩国飛行場","巖國基地","34.1463","132.2472","Asia/Tokyo","0",""
"IXA","IN","아가르탈라","Agartala","アガルタラ","阿加爾塔拉","","","Agartala - Maharaja Bir Bikram Airport","アガルタラ空港","阿加爾塔拉機場","23.887","91.2404","Asia/Kolkata","0",""
"IXB","IN","실리구리","Siliguri","シリグリ","西里古里","","","Bagdogra Airport","バグドグラ空港","巴多格拉機場","26.6812","88.3286","Asia/Kolkata","0",""
"IXC","IN","찬디가르","Chandigarh","チャンディーガル","昌迪加爾","","","Shaheed Bhagat Singh International Airport","チャンディーガル空港","昌迪加爾國際機場","30.6735","76.7885","Asia/Kolkata","0",""
"IXD","IN","","Prayagraj district","プラヤグラジ地区","巴亞格拉吉區","Allahabad","","Prayagraj Airport","イラーハーバード空港","安拉阿巴德機場","25.4401","81.7339","Asia/Kolkata","0",""
"IXE","IN","망갈로르","Mangaluru","マンガロール","門格洛爾","","","Mangaluru International Airport","マンガロール国際空港","門格洛爾國際機場","12.9547","74.8868","Asia/Kolkata","0",""
"IXG","IN","벨가움","Belgaum","ベルガウム","貝爾高姆","","","Belagavi Airport","ベルガウム空港","貝爾高姆","15.8593","74.6183","Asia/Kolkata","0",""
"IXI","IN","","North Lakhimpur","","北勒金布爾","Lilabari","","Lilabari North Lakhimpur Airport","","拉金普","27.2957","94.0973","Asia/Kolkata","0",""
"IXJ","IN","잠무","Jammu","ジャンムー","查謨","","","Jammu Airport","ジャンムー空港","賈姆穆機場","32.6888","74.8382","Asia/Kolkata","0",""
"IXK","IN","주나가","Junagadh","ジュナーガド","朱納格特","Keshod","","Keshod Airport","","","21.3171","70.2704","Asia/Kolkata","0",""
"IXL","IN","레","Leh","レー","萊鎮","","","Leh Kushok Bakula Rimpochee Airport","クショク・バクラ・リンポチェ空港","列城巴庫拉仁波切機場","34.1359","77.5465","Asia/Kolkata","0",""
"IXM","IN","마두라이","Madurai","マドゥライ","馬杜賴","","","Madurai Airport","マドゥライ空港","馬杜賴機場","9.8345","78.0934","Asia/Kolkata","0",""
"IXP","IN","파판코트","Pathankot","パサンコトゥ","伯坦果德","","","Pathankot Airport","パタンコート空軍基地","帕坦科特空軍基地","32.2336","75.6344","Asia/Kolkata","0",""
"IXR","IN","란치","Ranchi","ラーンチー","蘭契","","비르사 문다 공항","Birsa Munda Airport","ビルサ・ムンダ空港","比爾薩·蒙達機場","23.3143","85.3217","Asia/Kolkata","0",""
"IXS","IN","실차르","Silchar","シルチャー","锡爾杰爾","","","Silchar Airport","シルチャール空港","西爾恰爾機場","24.9129","92.9787","Asia/Kolkata","0",""
"IXU","IN","아우랑가바드","Aurangabad","アウランガーバード","奧蘭加巴德","","","Aurangabad Airport","アウランガーバード空港","奧郎加巴德機場","19.8629","75.3963","Asia/Kolkata","0",""
"IXY","IN","","Kandla","カンドラ","康德拉","","","Kandla Airport","","","23.1127","70.1003","Asia/Kolkata","0",""
"IXZ","IN","포트블레어","Srivijayapuram","ポートブレア","布萊爾港","Port Blair","비르 사바르카르 국제공항","Veer Savarkar International Airport / INS Utkrosh","ヴィール・サーヴァルカル国際空港","韋埃爾·薩瓦卡國際機場","11.6402","92.729","Asia/Kolkata","0",""
"IZA","BR","주이스지포라","Juiz de Fora","ジュイス・デ・フォーラ","茹伊斯迪福拉","","","Presidente Itamar Franco Airport","ジュイス・デ・フォラ","左納馬塔地方機場","-21.5131","-43.1731","America/Sao_Paulo","0",""
"IZO","JP","이즈모","Izumo","出雲","出雲","","이즈모 공항","Izumo Enmusubi Airport","出雲空港","出雲機場","35.4136","132.89","Asia/Tokyo","0",""
"IZT","MX","","Ixtepec","","","","","General Antonio Cárdenas Rodríguez National Airport / Ixtepec Air Base","","","16.446","-95.0937","America/Mexico_City","0",""
"JAC","US","잭슨","Jackson","ジャクソン","傑克遜","","","Jackson Hole Airport","ジャクソンホール空港","傑克遜 (懷俄明州)","43.6073","-110.738","America/Boise","0",""
"JAE","PE","","Jaén","ハエン","哈恩","","","Shumba Airport","","","-5.5925","-78.774","America/Lima","0",""
"JAF","LK","자프나","Jaffna","ジャフナ","賈夫納","","","Jaffna International Airport","ジャフナ国際空港","","9.7923","80.0701","Asia/Colombo","0",""
"JAI","IN","자이푸르","Jaipur","ジャイプル","齋浦爾","","","Jaipur International Airport","ジャイプル国際空港","齋普爾","26.8242","75.8122","Asia/Kolkata","0",""
"JAN","US","잭슨","Jackson","ジャクソン","傑克遜","","","Jackson-Medgar Wiley Evers International Airport","ジャクソン・エヴァース国際空港","傑克遜梅德加·威利·埃弗斯國際機場","32.3112","-90.0759","America/Chicago","0",""
"JAU","PE","","Jauja","ハウハ","豪哈","","","Francisco Carle Airport","フランシスコ・カルレ空港","弗朗西斯科·卡爾機場","-11.7831","-75.4734","America/Lima","0",""
"JAV","GL","일루리사트","Ilulissat","イルリサット","伊盧利薩特","","","Ilulissat Airport","イルリサット空港","伊盧利薩特","69.2432","-51.0571","America/Godthab","0",""
"JAX","US","잭슨빌","Jacksonville","ジャクソンヴィル","傑克遜維爾","","잭슨빌 국제공항","Jacksonville International Airport","ジャクソンビル国際空港","杰克逊维尔国际机场","30.4925","-81.6878","America/New_York","0",""
"JBQ","DO","산토도밍고","Santo Domingo","サント・ドミンゴ","聖多明哥","La Isabela","","La Isabela International Airport","ラ・イサベラ国際空港","伊莎貝拉國際機場","18.5725","-69.9856","America/Santo_Domingo","0",""
"JBR","US","존즈버러","Jonesboro","ジョーンズボロ","瓊斯伯勒","","","Jonesboro Municipal Airport","Jonesboro市営空港","","35.8317","-90.6464","America/Chicago","0",""
"JCL","CZ","체스케부데요비체","České Budějovice","チェスケー・ブジェヨヴィツェ","捷克布傑約維采","","체스케부데요비체 공항","České Budějovice South Bohemian Airport","チェスケー・ブジェヨヴィツェ空港","","48.9482","14.4283","Europe/Prague","0",""
"JDF","BR","주이스지포라","Juiz de Fora","ジュイス・デ・フォーラ","茹伊斯迪福拉","","","Francisco de Assis Airport","ジュイス・デ・フォーラ空港","","-21.7915","-43.3861","America/Sao_Paulo","0",""
"JDH","IN","조드푸르","Jodhpur","ジョードプル","焦特布爾","","","Jodhpur Airport","ジョードプル空港","焦特布林機場","26.2511","73.0489","Asia/Kolkata","0",""
"JDZ","CN","징더전","Jingdezhen","景徳鎮","景德鎮","","","Jingdezhen Luojia Airport","景徳鎮羅家空港","景德鎮機場","29.3386","117.176","Asia/Shanghai","0",""
"JED","SA","지다","Jeddah","ジッダ","吉達","","킹 압둘아지즈 국제공항","King Abdulaziz International Airport","キング・アブドゥルアズィーズ国際空港","阿卜杜勒-阿齊茲國王國際機場","21.6802","39.1574","Asia/Riyadh","0",""
"JEE","HT","제레미","Jérémie","ジェレミー","熱雷米","Carrefour Sanon","","Jérémie Airport","ジェレミー空港","","18.6631","-74.1703","America/Port-au-Prince","0",""
"JEG","GL","아시앗","Aasiaat","アシアート","阿夕亞特","","","Aasiaat Airport","アシアート空港","亞西亞特機場","68.7218","-52.7847","America/Godthab","0",""
"JER","JE","저지섬","Jersey","ジャージー","澤西","St. Peter","","Jersey Airport","ジャージー空港","澤西機場","49.2079","-2.1955","Europe/Jersey","0",""
"JGA","IN","잠나가르","Jamnagar","ジャームナガル","賈姆訥格爾","","","Jamnagar Airport","ジャームナガル空港","賈姆訥格爾機場","22.4655","70.0126","Asia/Kolkata","0",""
"JGD","CN","자거다치구","Jiagedaqi District","加格達奇区","加格达奇区","Jiagedaqi","","Daxing'anling Elunchun Airport","ジャグダチ空港","加格达奇机场","50.3714","124.1175","Asia/Shanghai","0",""
"JGN","CN","자위관","Jiayuguan City","嘉峪関","嘉峪關","Jiayuguan","","Jiayuguan International Airport","嘉峪関空港","嘉峪關機場","39.8591","98.3393","Asia/Shanghai","0",""
"JGS","CN","지안","Ji'an","吉安","吉安","","징강산 공항","Jinggangshan Airport","井岡山空港","吉安井岡山機場","26.8569","114.737","Asia/Shanghai","0",""
"JHB","MY","조호르바루","Johor Bahru","ジョホールバル","新山","","세나이 국제공항","Senai International Airport","スナイ国際空港","士乃國際機場","1.6413","103.67","Asia/Kuala_Lumpur","0",""
"JHG","CN","시솽반나 다이족 자치주","Xishuangbanna Dai Autonomous Prefecture","シーサンパンナ・タイ族自治州","西雙版納傣族自治州","Jinghong (Gasa)","시솽반나 가사 공항","Xishuangbanna Gasa International Airport","シーサンパンナ・ガサ空港","西雙版納嘎灑機場","21.9746","100.7622","Asia/Shanghai","0",""
"JHM","US","라하이나","Lahaina","ラハイナ","拉海納","","","Kapalua Airport","カパルア空港","卡普鲁亚机场","20.9629","-156.673","Pacific/Honolulu","0",""
"JHS","GL","시시미우트","Sisimiut","シシミュート","錫西米尤特","","","Sisimiut Airport","シシミウト空港","锡西米尤特机场","66.9513","-53.7293","America/Godthab","0",""
"JIB","DJ","지부티","Djibouti","ジブチ","吉布地","Djibouti City","지부티-암불리 국제공항","Djibouti-Ambouli Airport","ジブチ国際空港","吉布地－安布利國際機場","11.5473","43.1595","Africa/Djibouti","0",""
"JIC","CN","진창","Jinchang","金昌","金昌","","","Jinchang Jinchuan Airport","金昌金川空港","金昌金川机场","38.5422","102.3483","Asia/Shanghai","0",""
"JIJ","ET","지지가","Jijiga","ジジガ","吉吉加","","","Gerad Wilwal International Airport","ジジガ空港","","9.3319","42.9118","Africa/Addis_Ababa","0",""
"JIM","ET","짐마","Jimma","ジンマ","吉馬","","","Jimma Airport","アバ・セグド空港","吉馬機場","7.6661","36.8166","Africa/Addis_Ababa","0",""
"JIQ","CN","첸장","Qianjiang","潜江","潛江","","","Qianjiang Wulingshan Airport","黔江武陵山空港","黔江武陵山机场","29.5133","108.8311","Asia/Shanghai","0",""
"JJD","BR","","Cruz","クルス","克魯斯","","","Comandante Ariston Pessoa Airport","","","-2.9064","-40.3573","America/Fortaleza","0",""
"JJN","CN","취안저우","Quanzhou","泉州","泉州","","","Quanzhou Jinjiang International Airport","泉州晋江国際空港","泉州晉江機場","24.7959","118.5886","Asia/Shanghai","0",""
"JJU","GL","콰코르톡","Qaqortoq","カコトック","卡科尔托克","","","Qaqortoq Airport","カコトック・ヘリポート","卡克托克直升機場","60.7638","-46.065","America/Godthab","0",""
"JKG","SE","옌셰핑","Jönköping","ヨンショーピング","延雪平","","","Jönköping Airport","ヨンショーピング空港","延雪平機場","57.7576","14.0687","Europe/Stockholm","0",""
"JKH","GR","히오스섬","Chios","ヒオス島","希俄斯島","Chios Island","","Chios Island National Airport","ヒオス空港","希俄斯机场","38.3432","26.1406","Europe/Athens","0",""
"JKR","NP","카트만두","Kathmandu","カトマンズ","加德滿","Janakpur","","Janakpur Airport","ジャナクプル空港","札納普爾機場","26.7088","85.9224","Asia/Kathmandu","0",""
"JLN","US","조플린","Joplin","ジョプリン","喬普林","","","Joplin Regional Airport","","喬普林地區機場","37.1518","-94.4983","America/Chicago","0",""
"JLR","IN","자발푸르","Jabalpur","ジャバルプル","賈巴爾普爾","","","Jabalpur Airport","ジャバルプル空港","賈巴爾普爾機場","23.1778","80.052","Asia/Kolkata","0",""
"JMJ","CN","란창 라후족 자치현","Lancang Lahu Autonomous County","瀾滄ラフ族自治県","瀾滄拉祜族自治縣","Pu'er (Lancang)","","Lancang Jingmai Airport","瀾滄景邁空港","澜沧机场","22.4177","99.784","Asia/Shanghai","0",""
"JMK","GR","미코노스섬","Mykonos","ミコノス島","米科諾斯島","","","Mykonos Island National Airport","ミコノス島国民空港","米科諾斯島","37.4351","25.3481","Europe/Athens","0",""
"JMS","US","제임스타운","Jamestown","ジェームズタウン","詹姆斯敦","","","Jamestown Regional Airport","Jamestown地域空港","","46.9297","-98.6782","America/Chicago","0",""
"JNB","ZA","요하네스버그","Johannesburg","ヨハネスブルグ","約翰尼斯堡","","OR 탐보 국제공항","O.R. Tambo International Airport","ヨハネスブルグ国際空港","奧利弗·坦博國際機場","-26.1401","28.2468","Africa/Johannesburg","0",""
"JNG","CN","지닝","Jining","済寧","濟寧","","","Jining Da'an Airport","済寧大安空港","济宁大安机场","35.6474","116.7433","Asia/Shanghai","0",""
"JNH","CN","자싱","Jiaxing","嘉興","嘉興","Xiuzhou, Hangzhou","","Jiaxing Nanhu Airport","嘉興空港","嘉兴南湖机场","30.6981","120.6631","Asia/Shanghai","0",""
"JNU","US","주노","Juneau","ジュノー","朱諾","","","Juneau International Airport","ジュノー国際空港","朱諾國際機場","58.3549","-134.5744","America/Juneau","0",""
"JNZ","CN","진저우","Jinzhou","錦州","錦州","Jinzhou (Linghai)","","Jinzhou Bay Airport","","锦州湾机场","40.936","121.2771","Asia/Shanghai","0",""
"JOE","FI","요엔수","Joensuu","ヨエンスー","約恩蘇","","","Joensuu Airport","ヨエンスー空港","约恩苏机场","62.6588","29.6194","Europe/Helsinki","0",""
"JOG","ID","욕야카르타","Yogyakarta","ジョグジャカルタ","日惹","","","Adisutjipto International Airport","アジスチプト国際空港","阿迪苏吉普托国际机场","-7.7882","110.432","Asia/Jakarta","0",""
"JOI","BR","조인빌리","Joinville","ジョインヴィレ","若茵維萊","","","Lauro Carneiro de Loyola Airport","ジョインビレ","","-26.2245","-48.7974","America/Sao_Paulo","0",""
"JOL","PH","홀로","Jolo","ホロ","霍洛 (蘇祿)","","","Jolo Airport","ホロ空港","约陆机场","6.0537","121.011","Asia/Manila","0",""
"JOS","NG","조스","Jos","ジョス","喬斯","","","Yakubu Gowon Airport","ヤクブ・ゴウォン空港","喬斯","9.6398","8.8691","Africa/Lagos","0",""
"JPA","BR","주앙페소아","João Pessoa","ジョアン・ペッソーア","若昂佩索阿","","","Presidente Castro Pinto International Airport","ジョアンペソア","若昂佩索阿國際機場","-7.1487","-34.9506","America/Fortaleza","0",""
"JRH","IN","조르핫","Jorhat","ジョールハート","焦爾哈德","","","Jorhat Airport","ジョールハート空港","喬爾哈特機場","26.7305","94.1754","Asia/Kolkata","0",""
"JRO","TZ","아루샤","Arusha","アルーシャ","阿鲁沙","","킬리만자로 국제공항","Kilimanjaro International Airport","キリマンジャロ国際空港","乞力馬紮羅國際機場","-3.427","37.0735","Africa/Dar_es_Salaam","0",""
"JSA","IN","자이살메르","Jaisalmer","ジャイサルメール","賈沙梅爾","","","Jaisalmer Airport","ジャイサルメール空港","","26.8887","70.865","Asia/Kolkata","0",""
"JSH","GR","","Sitia","シティア","錫蒂亞","Crete Island","","Sitia Airport","シティア空港","","35.2161","26.1013","Europe/Athens","0",""
"JSI","GR","","Skiathos","スキアトス島","斯基亞索斯島","","","Skiathos Island National Airport","スキアトス空港","斯基亞索斯","39.1771","23.5037","Europe/Athens","0",""
"JSJ","CN","퉁장","Tongjiang","同江","同江","Jiansanjiang","","Jiansanjiang Shidi Airport","建三江湿地空港","建三江机场","47.1082","132.6579","Asia/Shanghai","0",""
"JSR","BD","조쇼르구","Jashore District","ジョソール県","傑索爾縣","Jashore (Jessore)","","Jessore Airport","ジェッソール空港","傑索爾機場","23.1838","89.1608","Asia/Dhaka","0",""
"JST","US","존스타운","Johnstown","ジョンズタウン","約翰斯敦","","","John Murtha Johnstown Cambria County Airport","Johnstown-Cambria郡空港","约翰斯敦-坎布里亚县机场","40.3161","-78.8339","America/New_York","0",""
"JTC","BR","바우루","Bauru","バウル","巴烏魯","","","Bauru/Arealva–Moussa Nakhal Tobias State Airport","バウル=アリャールヴァ空港","","-22.1608","-49.0703","America/Sao_Paulo","0",""
"JTR","GR","산토리니섬","Santorini","サントリーニ島","聖托里尼","Santorini Island","산토리니 국제공항","Santorini International Airport","サントリーニ国際空港","圣托里尼机场","36.4","25.4786","Europe/Athens","0",""
"JUB","SS","주바","Juba","ジュバ","朱巴","","주바 국제공항","Juba International Airport","ジュバ空港","朱巴機場","4.872","31.6011","Africa/Juba","0",""
"JUJ","AR","산살바도르데후후이","San Salvador de Jujuy","サン・サルバドール・デ・フフイ","聖薩爾瓦多-德胡胡伊","","","Gobernador Horacio Guzman International Airport","ゴベルナドル・オラシオ・グスマン国際空港","奧拉西奧·古斯曼省長國際機場","-24.3928","-65.0978","America/Argentina/Jujuy","0",""
"JUL","PE","훌리아카","Juliaca","フリアカ","胡利亞卡","","","Inca Manco Capac International Airport","インカ・マンコ・カパック国際空港","印加曼卡·卡帕克國際機場","-15.4677","-70.1565","America/Lima","0",""
"JUZ","CN","","Quzhou (Kezheng)","","","","","Quzhou Airport","衢州空港","衢州機場","28.9661","118.8988","Asia/Shanghai","0",""
"JXA","CN","지시","Jixi","鶏西","雞西","","","Jixi Xingkaihu Airport","雞西興凱湖空港","雞西興凱湖機場","45.293","131.193","Asia/Shanghai","0",""
"JYV","FI","이위베스퀼레","Jyväskylä","ユヴァスキュラ","于韋斯屈萊","Jyväskylän Maalaiskunta","","Jyväskylä Airport","ユヴァスキュラ空港","于韦斯屈莱机场","62.3995","25.6783","Europe/Helsinki","0",""
"JZH","CN","","Jiuzhai","","九寨镇","Ngawa (Songpan)","","Jiuzhai Huanglong Airport","四川九寨黄龍空港","九寨黄龙机场","32.8533","103.6822","Asia/Shanghai","0",""
"KAB","ZW","","Kariba","","","","","Kariba Airport","カリバ空港","卡里巴","-16.5198","28.885","Africa/Lusaka","0",""
"KAC","SY","카미실리","Qamishli","カーミシュリー","卡米什利","","","Qamishli International Airport","カーミシュリー空港","","37.0206","41.1914","Asia/Damascus","0",""
"KAD","NG","카두나","Kaduna","カドゥナ","卡杜納","","","Kaduna International Airport","カドゥナ空港","卡杜納","10.696","7.3201","Africa/Lagos","0",""
"KAI","GY","","Kaieteur National Park","カイエトゥール国立公園","凱厄圖爾國家公園","Kaieteur Falls","","Kaieteur Airport","カイエトゥール国際空港","","5.1773","-59.489","America/Guyana","0",""
"KAJ","FI","카야니","Kajaani","カヤーニ","卡亞尼","","","Kajaani Airport","カヤーニ空港","卡亚尼机场","64.2855","27.6924","Europe/Helsinki","0",""
"KAN","NG","카노","Kano","カノ","卡諾","","","Mallam Aminu Kano International Airport","マラム・アミヌ・カノ国際空港","卡諾國際機場","12.0456","8.5236","Africa/Lagos","0",""
"KAO","FI","쿠사모","Kuusamo","クーサモ","庫薩莫","","","Kuusamo Airport","クーサモ空港","库萨莫机场","65.9876","29.2394","Europe/Helsinki","0",""
"KAT","NZ","","Awanui","","","","","Kaitaia Airport","カイタイア空港","","-35.0698","173.2871","Pacific/Auckland","0",""
"KAW","MM","","Kawthaung","コータウン","高當","Kawthoung","","Kawthoung Airport","コータウン空港","高當","10.0493","98.538","Asia/Bangkok","0",""
"KBL","AF","","Kabul","","","","카불 국제공항","Kabul International Airport","カーブル国際空港","喀布爾國際機場","34.5659","69.2123","Asia/Kabul","0",""
"KBR","MY","코타바루","Kota Bharu","コタバル","哥打巴魯","Kota Baharu","","Sultan Ismail Petra Airport","スルタン・イスマイル・プトラ空港","蘇丹伊斯梅爾佩特拉機場","6.1669","102.293","Asia/Kuala_Lumpur","0",""
"KBV","TH","끄라비","Krabi","クラビー","甲米","","끄라비 공항","Krabi International Airport","クラビー空港","甲米機場","8.0956","98.989","Asia/Bangkok","0",""
"KCH","MY","쿠칭","Kuching","クチン","古晉","","쿠칭 국제공항","Kuching International Airport","クチン国際空港","古晉國際機場","1.4874","110.3529","Asia/Kuching","0",""
"KCM","TR","카흐라만마라슈","Kahramanmaraş","カフラマンマラシュ","卡赫拉曼馬拉什","","","Kahramanmaraş Airport","カフラマンマラシュ空港","卡赫拉曼馬拉什機場","37.5388","36.9535","Europe/Istanbul","0",""
"KCT","LK","","Koggala","コッガラ","","Galle","","Koggala Airport","コッガラ空港","","5.9937","80.3203","Asia/Colombo","0",""
"KCY","RU","","Krasnoyarsk","","","","","Krasnoyarsk Cheremshanka Airport","","","56.1776","92.5459","Asia/Krasnoyarsk","0",""
"KCZ","JP","고치","Kōchi-shi","高知","高知","Nankoku","고치 공항","Kochi Ryoma Airport","高知空港","高知機場","33.5452","133.6702","Asia/Tokyo","0",""
"KDH","AF","칸다하르","Kandahar","カンダハール","坎達哈","","칸다하르 국제공항","Ahmad Shah Baba International Airport","カンダハール国際空港","坎大哈国际机场","31.5058","65.848","Asia/Kabul","0",""
"KDL","EE","캐르들라","Kärdla","カルドラ","凱爾德拉","","","Kärdla Airport","カルドラ空港","凱爾德拉機場","58.9908","22.8307","Europe/Tallinn","0",""
"KDM","MV","","Huvadhu Atoll","フヴァドゥ環礁","胡瓦杜環礁","","","Kaadedhdhoo Airport","カアーデドゥー","Kaadedhdhoo機場","0.4881","72.9969","Indian/Maldives","0",""
"KDO","MV","","Haddhunmathi Atoll","ラーム環礁","拉穆环礁","Kadhdhoo","","Kadhdhoo Airport","カドゥー空港","Kadhdhoo機場","1.8592","73.5219","Indian/Maldives","0",""
"KDU","PK","스카르두","Skardu","スカルドゥ","斯卡","","","Skardu International Airport","スカルドゥ空港","斯卡杜机场","35.3387","75.5386","Asia/Karachi","0",""
"KEF","IS","케플라비크","Keflavík","ケプラヴィーク","凱夫拉維克","Reykjavík","케플라비크 국제공항","Keflavik International Airport","ケプラヴィーク国際空港","凱夫拉維克國際機場","63.985","-22.6056","Atlantic/Reykjavik","0",""
"KEJ","RU","케메로보","Kemerovo","ケメロヴォ","克麥羅沃","","","Alexei Leonov Kemerovo International Airport","ケメロヴォ国際空港","克麥羅沃國際機場","55.2701","86.1072","Asia/Novokuznetsk","0",""
"KEM","FI","케미","Kemi","ケミ","凱米","Kemi / Tornio","","Kemi-Tornio Airport","ケミ・トルニオ空港","凯米-托尔尼奥机场","65.7787","24.5821","Europe/Helsinki","0",""
"KEP","NP","네팔군","Nepalgunj","ネパールガンジ","尼泊爾根傑","","","Nepalgunj Airport","ネパールガンジ空港","尼泊爾根傑機場","28.1036","81.667","Asia/Kolkata","0",""
"KER","IR","케르만","Kerman","ケルマーン","克爾曼","","","Ayatollah Hashemi Rafsanjani International Airport","アーヤトッラー・ハーシェミー・ラフサンジャーニー空港","克爾曼機場","30.2713","56.9497","Asia/Tehran","0",""
"KET","MM","","Kengtung","","","","","Kengtung Airport","チャイントン空港","景棟機場","21.3016","99.636","Asia/Yangon","0",""
"KFS","TR","카스타모누","Kastamonu","カスタモヌ","卡斯塔莫努","","","Kastamonu Airport","カスタモヌ空港","卡斯塔莫努機場","41.3142","33.7958","Europe/Istanbul","0",""
"KGA","CD","카낭가","Kananga","カナンガ","卡南加","","","Kananga Airport","カナンガ空港","卡南加機場","-5.9001","22.4692","Africa/Lubumbashi","0",""
"KGC","AU","캥거루섬","Kangaroo Island","カンガルー島","坎加魯島","","","Kingscote Airport","キングスコート空港","金斯科特機場","-35.7139","137.521","Australia/Adelaide","0",""
"KGD","RU","칼리닌그라드","Kaliningrad","カリーニングラード","加里寧格勒","","크라브로와 공항","Khrabrovo Airport","フラブロヴォ空港","加里寧格勒機場","54.8916","20.5986","Europe/Kaliningrad","0",""
"KGF","KZ","카라간다","Karaganda","カラガンダ","卡拉干達","","","Sary-Arka Airport","サリ・アルカ空港","卡拉幹達","49.6708","73.3344","Asia/Almaty","0",""
"KGI","AU","캘굴리","Kalgoorlie","カルグーリー","卡爾古利","Broadwood","","Kalgoorlie Boulder Airport","カルグーリー空港","卡爾古利-博爾德機場","-30.7915","121.4646","Australia/Perth","0",""
"KGL","RW","키갈리","Kigali","キガリ","吉佳利","","키갈리 국제공항","Kigali International Airport","キガリ国際空港","基加利國際機場","-1.9686","30.1395","Africa/Kigali","0",""
"KGP","RU","코갈림","Kogalym","コガリム","科加雷姆","","","Kogalym International Airport","コガリム国際空港","科加雷姆国际机场","62.1904","74.5338","Asia/Yekaterinburg","0",""
"KGS","GR","코스섬","Kos","コス島","科斯島","Kos Island","코스 국제공항","Kos International Airport ""Ippokratis""","コス島空港","科斯島國際機場","36.7945","27.0911","Europe/Athens","0",""
"KGT","CN","간쯔 티베트족 자치주","Garzê Tibetan Autonomous Prefecture","カンゼ・チベット族自治州","甘孜藏族自治州","Garzê (Kangding)","","Kangding Airport","甘孜康定空港","甘孜康定机场","30.1425","101.7387","Asia/Shanghai","0",""
"KHD","IR","호라마바드","Khorramabad","ホッラマーバード","霍拉馬巴德","","","Khoram Abad Airport","ホッラマーバード空港","霍拉馬巴德機場","33.4354","48.2829","Asia/Tehran","0",""
"KHG","CN","카슈가르","Kashgar","カシュガル","喀什","","카슈가르 라이닝 국제공항","Kashgar Laining International Airport","カシュガル空港","喀什徠寧國際機場","39.5423","76.0202","Asia/Urumqi","0",""
"KHI","PK","카라치","Karachi","カラチ","喀拉蚩","","진나 국제공항","Jinnah International Airport","ジンナー国際空港","真纳国际机场","24.9065","67.1608","Asia/Karachi","0",""
"KHK","IR","하르그","Kharg","ハールク","哈爾克","Khark","","Khark Airport","","","29.2605","50.3222","Asia/Tehran","0",""
"KHN","CN","난창","Nanchang","南昌","南昌","","난창 창베이 국제공항","Nanchang Changbei International Airport","南昌昌北国際空港","南昌昌北國際機場","28.8648","115.9027","Asia/Shanghai","0",""
"KHS","OM","하사브","Khasab","ハサブ","加薩","","","Khasab Airport","ハサブ空港","加薩空軍基地","26.171","56.2406","Asia/Muscat","0",""
"KHT","AF","호스트주","Khost Province","ホースト州","霍斯特省","Khost","","Khost International Airport","ホースト飛行場","霍斯特機場","33.2846","69.8073","Asia/Kabul","0",""
"KHV","RU","하바롭스크","Khabarovsk","ハバロフスク","伯力","","하바롭스크 공항","Khabarovsk Novy Airport","ハバロフスク空港","哈巴罗夫斯克机场","48.5283","135.1886","Asia/Vladivostok","0",""
"KHX","UG","","Kihihi","","","","","Savannah Airstrip","","","-0.7165","29.6997","Africa/Kampala","0",""
"KIH","IR","키시섬","Kish Island","キーシュ島","基什岛","","","Kish International Airport","キーシュ国際空港","基什國際機場","26.5254","53.9805","Asia/Tehran","0",""
"KIK","IQ","키르쿠크","Kirkuk","キルクーク","基爾庫克","","","Kirkuk International Airport","キルクーク空港","基爾庫克國際機場","35.4695","44.3489","Asia/Baghdad","0",""
"KIM","ZA","킴벌리","Kimberley","キンバリー","金巴利","","킴벌리 공항","Kimberley Airport","キンバリー空港","金伯利機場","-28.8054","24.7649","Africa/Johannesburg","0",""
"KIN","JM","킹스턴","Kingston","キングストン","京士頓","","노먼 맨리 국제공항","Norman Manley International Airport","ノーマン・マンレー国際空港","金斯敦","17.9357","-76.7875","America/Jamaica","0",""
"KIR","IE","트럴리","Tralee","トラリー","特拉利","Farranfore","","Kerry Airport","ケリー空港","凱里機場","52.1809","-9.5238","Europe/Dublin","0",""
"KIS","KE","키수무","Kisumu","キスム","基蘇木","","","Kisumu International Airport","キスム国際空港","","-0.0861","34.7289","Africa/Nairobi","0",""
"KJA","RU","크라스노야르스크","Krasnoyarsk","クラスノヤルスク","克拉斯諾亞爾斯克","","예밀야노보 공항","Krasnoyarsk International Airport","イェメリャノヴォ空港","克拉斯諾亞爾斯克","56.1757","92.4858","Asia/Krasnoyarsk","0",""
"KJB","IN","쿠르누엘","Kurnool","カルヌール","卡努爾","Orvakal","","Kurnool Airport","","","15.7163","78.1692","Asia/Kolkata","0",""
"KJH","CN","카이리","Kaili City","凱里","凱里","Kaili  (Huangping)","","Kaili Huangping Airport","凱里黄平空港","凱里黃平機場","26.972","107.988","Asia/Shanghai","0",""
"KJI","CN","부얼진현","Burqin County","ブルチン県","布尔津县","Burqin","","Burqin Kanas Airport","カナス空港","布爾津喀納斯機場","48.2223","86.9959","Asia/Urumqi","0",""
"KJT","ID","자와바랏 주","West Java","西ジャワ州","西爪哇省","Kertajati","","Kertajati International Airport","","","-6.6474","108.1656","Asia/Jakarta","0",""
"KKC","TH","","Khon Kaen Ram Hospital","コーンケンラーム病院","","Khon Kaen","콘깬 공항","Khon Kaen Airport","コーンケン空港","坤敬機場","16.4666","102.784","Asia/Bangkok","0",""
"KKE","NZ","케리케리","Kerikeri","ケリケリ","凯里凯里","","","Kerikeri Airport","ケリケリ空港","","-35.2591","173.9133","Pacific/Auckland","0",""
"KKN","NO","키르케네스","Kirkenes","キルケネス","希爾克內斯","","","Kirkenes Airport, Høybuktmoen","ヒルケネス","","69.7258","29.8913","Europe/Oslo","0",""
"KKR","PF","","Kaukura","カウクラ環礁","考庫拉環礁","Raitahiti","","Kaukura Airport","カウクラ空港","","-15.6633","-146.885","Pacific/Tahiti","0",""
"KKS","IR","카샨","Kashan","カーシャーン","卡尚","","","Kashan Airport","カーシャーン空港","","33.8953","51.577","Asia/Tehran","0",""
"KKW","CD","","Kikwit","","","","","Kikwit Airport","キクウィト空港","","-5.0358","18.7856","Africa/Kinshasa","0",""
"KKX","JP","","Kikai","","","","","Kikai Airport","喜界空港","喜界機場","28.3213","129.928","Asia/Tokyo","0",""
"KLH","IN","콜라푸르","Kolhapur","コールハープル","戈爾哈布爾","","","Kolhapur Airport","コールハープル空港","戈爾哈布林機場","16.6647","74.2894","Asia/Kolkata","0",""
"KLR","SE","칼마르","Kalmar","カルマル","卡爾馬","","","Kalmar Airport","カルマル空港","卡爾馬機場","56.6855","16.2876","Europe/Stockholm","0",""
"KLU","AT","클라겐푸르트","Klagenfurt am Wörthersee","クラーゲンフルト","克拉根福","","클라겐푸르트 공항","Klagenfurt Airport","クラーゲンフルト空港","克拉根福機場","46.6425","14.3377","Europe/Vienna","0",""
"KLV","CZ","카를로비바리","Karlovy Vary","カルロヴィ・ヴァリ","卡羅維瓦利","","카를로비바리 공항","Karlovy Vary Airport","カルロヴィ・ヴァリ空港","卡羅維發利機場","50.203","12.915","Europe/Prague","0",""
"KLW","US","","Klawock","クラウォック(アラスカ)","克拉瓦克","","","Klawock Airport","クレイグ空港","","55.5792","-133.076","America/Sitka","0",""
"KLX","GR","칼라마타","Kalamata","カラマタ","卡拉馬塔","","","Kalamata Airport","カラマタ国際空港","卡拉馬塔國際機場","37.0683","22.0255","Europe/Athens","0",""
"KMA","PG","","Kerema","","","","","Kerema Airport","ケレマ空港","","-7.9636","145.771","Pacific/Port_Moresby","0",""
"KMC","SA","","Hafar Al-Batin","アル・バーチン","哈費爾巴廷","King Khaled Military City","","King Khaled Military City Airport","ハフル・アル＝バティン","","27.9009","45.5282","Asia/Riyadh","0",""
"KME","RW","치앙구구","Cyangugu","チャンググ","尚古古","Kamembe","","Kamembe Airport","カメンベ空港","尚古古","-2.4622","28.9079","Africa/Kigali","0",""
"KMS","GH","쿠마시","Kumasi","クマシ","庫馬西","","","Prempeh I International Airport","クマシ空港","庫馬西","6.7146","-1.5908","Africa/Accra","0",""
"KMW","RU","코스트로마","Kostroma","コストロマ","科斯特羅馬","","코스트로마 공항","Kostroma Sokerkino Airport","","","57.7969","41.0194","Europe/Moscow","0",""
"KND","CD","","Kindu","","","","킨두 공항","Kindu Airport","キンドゥ空港","","-2.9192","25.9154","Africa/Lubumbashi","0",""
"KNG","ID","","Kaimana","カイマナ","凱馬那","","","Utarom Airport","カイマナ空港","乌塔罗姆机场","-3.6446","133.6951","Asia/Jayapura","0",""
"KNH","TW","진먼현","Kinmen County","金門県","金門縣","Shang-I","진먼 공항","Kinmen Airport","金門空港","金門機場","24.4279","118.359","Asia/Taipei","0",""
"KNO","ID","메단","Medan","メダン","棉蘭","Beringin","쿠알라나무 국제공항","Kualanamu International Airport","クアラナム国際空港","瓜拉納穆國際機場","3.6378","98.8706","Asia/Jakarta","0",""
"KNQ","NC","","Koné","コネ","科内","","","Koné Airport","コネ空港","","-21.0536","164.8388","Pacific/Noumea","0",""
"KNS","AU","","King Island","キング島","金島","","","King Island Airport","キング島空港","","-39.8775","143.878","Australia/Currie","0",""
"KNU","IN","칸푸르","Kanpur","カーンプル","坎普爾","","","Kanpur Airport","カーンプル空港","","26.4043","80.4101","Asia/Kolkata","0",""
"KNX","AU","","Kununurra","カナナラ (西オーストラリア州)","库努纳拉","","","East Kimberley Regional (Kununurra) Airport","カナナラ空港","庫努納拉","-15.7781","128.708","Australia/Perth","0",""
"KOA","US","카일루아코나","Kailua-Kona","カイルア＝コナ","凱盧阿-科納","","코나 국제공항","Ellison Onizuka Kona International Airport at Keāhole","コナ国際空港","科納國際機場","19.7388","-156.0456","Pacific/Honolulu","0",""
"KOE","ID","쿠팡","Kupang","クパン","古邦","","","El Tari Airport","クパン","埃爾·塔里國際機場","-10.1716","123.671","Asia/Makassar","0",""
"KOI","GB","메인랜드","Mainland","メインランド島","梅恩蘭島","Kirkwall, Orkney Islands","","Kirkwall Airport","カークウォール空港","奧克尼島柯克沃爾（KOI）","58.9579","-2.9051","Europe/London","0",""
"KOK","FI","코콜라","Kokkola","コッコラ","科科拉","Kokkola / Kruunupyy","","Kokkola-Pietarsaari Airport","コッコラ・ヤコブスタード空港","科科拉-皮耶塔尔萨里机场","63.7212","23.1431","Europe/Helsinki","0",""
"KOP","TH","","Nakhon Phanom","","","","나콘파놈 공항","Nakhon Phanom Airport","ナコーンパノム空港","那空拍儂機場","17.3838","104.643","Asia/Bangkok","0",""
"KOS","KH","시아누크빌","Sihanoukville","シアヌークビル","施亞努","Preah Sihanouk","시아누크빌 국제공항","Sihanouk International Airport","シアヌークビル国際空港","西哈努克國際機場","10.5706","103.6321","Asia/Phnom_Penh","0",""
"KOV","KZ","콕셰타우","Kokshetau","コクシェタウ","科克舍套","","콕셰타우 공항","Kokshetau International Airport","コクシェタウ空港","科克舍套機場","53.3291","69.5946","Asia/Almaty","0",""
"KPO","KR","포항","Pohang","浦項","浦項","","포항경주공항","Pohang Airport (G-815/K-3)","浦項空港","浦項機場","35.988","129.4204","Asia/Seoul","0",""
"KPW","RU","빌리비노","Bilibino","","比利比诺","Keperveem","","Keperveem Airport","","","67.845","166.14","Asia/Anadyr","0",""
"KQH","IN","아지메르","Ajmer","アジュメール","阿傑梅爾","Ajmer (Kishangarh)","","Kishangarh Airport Ajmer","","","26.591","74.813","Asia/Kolkata","0",""
"KQT","TJ","보흐타르","Bokhtar","ボクタール","博赫塔爾","","","Bokhtar International Airport","クルガン・テッパ国際空港","","37.8663","68.8645","Asia/Dushanbe","0",""
"KRF","SE","","Kramfors","クラームフォシュ","克拉姆福什","Nyland","","Kramfors-Sollefteå Höga Kusten Airport","ヘーガ・クステン空港","高海岸機場","63.0486","17.7689","Europe/Stockholm","0",""
"KRK","PL","크라쿠프","Kraków","クラクフ","克拉科夫","Balice","요한 바오로 2세 크라쿠프 국제공항","Kraków John Paul II International Airport","クラクフ・バリツェ空港","克拉科夫","50.0777","19.7848","Europe/Warsaw","0",""
"KRL","CN","쿠얼러","Korla","コルラ","庫爾勒","","","Korla Licheng Airport","コルラ空港","庫爾勒機場","41.615","86.1408","Asia/Urumqi","0",""
"KRN","SE","키루나","Kiruna","キルナ","基律納","","","Kiruna Airport","キルナ空港","基律納機場","67.822","20.3368","Europe/Stockholm","0",""
"KRO","RU","쿠르간","Kurgan","クルガン","庫爾干","","","Kurgan Airport","クルガン空港","","55.4753","65.4156","Asia/Yekaterinburg","0",""
"KRP","DK","","Middle Jutland","","","Karup","","Midtjyllands Airport / Air Base Karup","カーロプ空港","中日德兰机场","56.2971","9.1043","Europe/Copenhagen","0",""
"KRR","RU","크라스노다르","Krasnodar","クラスノダール","克拉斯諾達爾","","","Krasnodar Pashkovsky International Airport","クラスノダール国際空港","克拉斯諾達爾國際機場","45.0345","39.1742","Europe/Moscow","0",""
"KRS","NO","크리스티안산","Kristiansand Municipality","クリスチャンサン","克里斯蒂安桑","Kristiansand(Kjevik)","","Kristiansand Airport","クリスチャンサン空港","克里斯蒂安桑","58.2042","8.0854","Europe/Oslo","0",""
"KRT","SD","하르툼","Khartoum","ハルツーム","喀土木","","하르툼 국제공항","Khartoum International Airport","ハルツーム国際空港","喀土穆國際機場","15.5895","32.5532","Africa/Khartoum","0",""
"KRW","TM","투르크멘바","Türkmenbaşy","トルクメンバシ","土庫曼巴希","","","Turkmenbaşy International Airport","トルクメンバシ空港","土庫曼巴希","40.0628","53.0051","Asia/Ashgabat","0",""
"KSA","FM","","Tafunsak","","","Okat","코스라에 국제공항","Kosrae International Airport","コスラエ国際空港","科斯雷國際機場","5.357","162.958","Pacific/Kosrae","0",""
"KSC","SK","코시체","Košice","コシツェ","科希策","","코시체 국제공항","Košice International Airport","コシツェ国際空港","科希策","48.6631","21.2411","Europe/Bratislava","0",""
"KSD","SE","칼스타드","Karlstad Municipality","","卡爾斯塔德市鎮","Karlstad","","Karlstad Airport","カールスタード空港","卡爾斯塔德機場","59.4447","13.3374","Europe/Stockholm","0",""
"KSF","DE","카셀","Kassel","カッセル","卡瑟爾","Calden","","Kassel Airport","カッセル空港","卡塞爾-卡爾登機場","51.4184","9.3916","Europe/Berlin","0",""
"KSH","IR","케르만샤","Kermanshah","ケルマーンシャー","克爾曼沙赫","","","Shahid Ashrafi Esfahani Airport","シャヒード・アシュラーフィー・エスファハーニー空港","克爾曼沙赫","34.3459","47.1581","Asia/Tehran","0",""
"KSL","SD","카살라","Kassala","カッサラ","卡薩拉","","","Kassala Airport","カッサラ空港","","15.3875","36.3288","Africa/Khartoum","0",""
"KSN","KZ","코스타나이","Kostanay","コスタナイ","庫斯塔奈","","","Kostanay International Airport","コスタナイ空港","庫斯塔奈","53.2069","63.5503","Asia/Qostanay","0",""
"KSU","NO","크리스티안순","Kristiansund Municipality","クリスチャンスン","克里斯蒂安松","Kvernberget","","Kristiansund Airport, Kvernberget","クリスチャンスン空港","克里斯蒂安鬆機場","63.1118","7.8245","Europe/Oslo","0",""
"KSY","TR","카르스","Kars","カルス","卡爾斯","","","Kars Airport","カルス空港","卡爾斯","40.5622","43.115","Europe/Istanbul","0",""
"KSZ","RU","코틀라스","Kotlas","コトラス","科特拉斯","","","Kotlas Airport","コトラス空港","","61.2358","46.6975","Europe/Moscow","0",""
"KTA","AU","카르타","Karratha","カラサ","卡拉薩 (西澳洲)","","","Karratha Airport","カラーッサ空港","卡拉薩機場","-20.7122","116.773","Australia/Perth","0",""
"KTD","JP","","Kitadaitōjima","","","","","Kitadaito Airport","北大東空港","北大東機場","25.9447","131.327","Asia/Tokyo","0",""
"KTG","ID","","Ketapang","ケタパン","吉打邦（頭彭）","","","Rahadi Osman Airport","ケタパン","拉哈迪·奧斯曼機場","-1.8172","109.9635","Asia/Pontianak","0",""
"KTN","US","케치캔","Ketchikan","ケチカン","凯奇坎","","","Ketchikan International Airport","ケチカン国際空港","克奇坎国际机场","55.3556","-131.714","America/Sitka","0",""
"KTP","JM","킹스턴","Kingston","キングストン","京士頓","Tinson Pen","","Tinson Pen Airport","ティンソン・ペン空港","","17.9886","-76.8238","America/Jamaica","0",""
"KTT","FI","키틸래","Kittilä","キッティラン","基蒂莱","","키틸래 공항","Kittilä International Airport","キッティラ空港","基蒂萊機場","67.701","24.8468","Europe/Helsinki","0",""
"KTW","PL","","Katowice","","","","카토비체 공항","Katowice Wojciech Korfanty International Airport","カトヴィツェ空港","卡托維茲","50.476","19.0807","Europe/Warsaw","0",""
"KUA","MY","파항주","Pahang","パハン州","彭亨","Kuantan","술탄 하지 아흐마드 샤 공항","Kuantan Airport","スルタン・アマッ・シャ空港","關丹機場","3.7754","103.209","Asia/Kuala_Lumpur","0",""
"KUF","RU","","Samara","","","","","Kurumoch International Airport","クルモチ国際空港","庫魯莫奇國際機場","53.5049","50.1643","Europe/Samara","0",""
"KUH","JP","구시로","Kushiro","釧路","釧路","","구시로 공항","Kushiro Airport","釧路空港","釧路機場","43.041","144.193","Asia/Tokyo","0",""
"KUM","JP","야쿠섬","Yakushima","屋久島","屋久島","","","Yakushima Airport","屋久島空港","屋久島機場","30.3856","130.659","Asia/Tokyo","0",""
"KUN","LT","카우나스","Kaunas","カウナス","考納斯","","카우나스 공항","Kaunas International Airport","カウナス国際空港","考納斯機場","54.964","24.0858","Europe/Vilnius","0",""
"KUO","FI","쿠오피오","Kuopio","クオピオ","庫奧皮奧","Kuopio / Siilinjärvi","","Kuopio Airport","クオピオ空港","库奥皮奥机场","63.0071","27.7978","Europe/Helsinki","0",""
"KUS","GL","","Kulusuk","","","","","Kulusuk Airport","クルスク空港","庫魯蘇克角機場","65.5736","-37.1236","America/Godthab","0",""
"KUT","GE","쿠타이시","Kutaisi","クタイシ","庫塔伊西","Kopitnari","코피트나리 공항","David the Builder Kutaisi International Airport","ダヴィト・ザ・ビルダー・クタイシ国際空港","庫塔伊西國際機場","42.1774","42.4854","Asia/Tbilisi","0",""
"KUU","IN","쿨루","Kullu","クール (インド)","古盧","Bhuntar","","Kullu Manali Airport","","布恩塔爾機場","31.8767","77.1544","Asia/Kolkata","0",""
"KUV","KR","군산","Gunsan","群山","群山","","군산공항","Gunsan Airport / Gunsan Air Base","群山空港","群山空軍基地","35.9038","126.616","Asia/Seoul","0",""
"KVA","GR","카발라","Kavala","カヴァラ","卡瓦拉","","","Kavala Alexander the Great International Airport","カヴァラ国際空港","卡瓦拉亚历山大大帝国际机场","40.9133","24.6192","Europe/Athens","0",""
"KVG","PG","","Kavieng","","","","","Kavieng Airport","カビエン空港","","-2.5794","150.808","Pacific/Port_Moresby","0",""
"KVO","RS","크랄레보","Kraljevo","クラリェヴォ","克拉列沃","","","Morava Airport","モラヴァ空港","","43.8175","20.5867","Europe/Belgrade","0",""
"KVX","RU","키로프","Kirov","キーロフ","基洛夫","","","Pobedilovo Airport","キーロフ空港","波貝迪洛沃機場","58.5039","49.3478","Europe/Kirov","0",""
"KWA","MH","","Kwajalein","","","","","Bucholz Army Air Field","バックホルツ陸軍飛行場","布裘茲空軍基地","8.7201","167.732","Pacific/Kwajalein","0",""
"KWE","CN","구이양","Guiyang","貴陽","貴陽","Guiyang (Nanming)","구이양 룽둥바오 국제공항","Guiyang Longdongbao International Airport","貴陽龍洞堡国際空港","貴陽龍洞堡國際機場","26.5418","106.804","Asia/Shanghai","0",""
"KWI","KW","쿠웨이트 ","Kuwait City","クウェート","科威特城","","쿠웨이트 국제공항","Kuwait International Airport","クウェート国際空港","科威特國際機場","29.2245","47.9698","Asia/Kuwait","0",""
"KWJ","KR","광주","Gwangju","光州","光州廣域","","광주공항","Gwangju Airport","光州空港","光州機場","35.1232","126.8054","Asia/Seoul","0",""
"KWM","AU","","Kowanyama","","","","","Kowanyama Airport","コワンヤマ空港","","-15.4854","141.7526","Australia/Brisbane","0",""
"KWZ","CD","콜웨지","Kolwezi","コルヴェジ","科盧韋齊","","","Kolwezi Airport","コルヴェジ空港","","-10.7659","25.5057","Africa/Lubumbashi","0",""
"KXB","ID","","Kolaka","","","","","Sangia Nibandera Airport","","","-4.3382","121.524","Asia/Makassar","0",""
"KXK","RU","콤소몰스크나아무레","Komsomolsk-on-Amur","コムソモリスク・ナ・アムーレ","阿穆爾河畔共青城","","","Komsomolsk-on-Amur Airport","コムソモリスク・ナ・アムーレ空港","阿穆爾河畔共青城","50.409","136.934","Asia/Vladivostok","0",""
"KYA","TR","코니아","Konya","コンヤ","科尼亞","","","Konya Airport","コンヤ空港","科尼亞","37.979","32.5619","Europe/Istanbul","0",""
"KYD","TW","란위섬","Orchid Island","蘭嶼","蘭嶼","","","Lanyu Airport","蘭嶼空港","蘭嶼機場","22.027","121.535","Asia/Taipei","0",""
"KYP","MM","","Kyaukpyu","","","","","Kyaukpyu Airport","チャウピュ空港","皎漂機場","19.4264","93.5348","Asia/Yangon","0",""
"KYS","ML","케이스","Kayes","カイ","卡伊","","","Kayes Dag Dag Airport","カイ空港","","14.4825","-11.3993","Africa/Bamako","0",""
"KYZ","RU","키질","Kyzyl","クズル","克孜勒","","","Kyzyl Airport","クズル空港","克孜勒","51.6694","94.4006","Asia/Krasnoyarsk","0",""
"KZI","GR","코자니","Kozani","コザニ","科扎尼","","","Kozani National Airport Filippos","コザニ空港","","40.2861","21.8408","Europe/Athens","0",""
"KZN","RU","카잔","Kazan","カザン","喀山","","카잔 국제공항","Kazan International Airport","カザン国際空港","喀山國際機場","55.6062","49.2787","Europe/Moscow","0",""
"KZO","KZ","키질로르다","Kyzylorda","クズロルダ","克孜勒奧爾達","","","Korkyt Ata International Airport","クズロルダ空港","克孜勒奧爾達","44.7069","65.5925","Asia/Qyzylorda","0",""
"KZR","TR","퀴타히아","Kütahya","キュタヒヤ","屈塔希亞","Altıntaş","","Zafer Airport","ザフェール空港","屈塔希亞","39.1111","30.1304","Europe/Istanbul","0",""
"LAD","AO","루안다","Luanda","ルアンダ","魯安達","","루안다 콰트루 드 페베레이루 공항","Quatro de Fevereiro International Airport","クアトロ・デ・フェベレイロ空港","二月四日國際機場","-8.8584","13.2312","Africa/Luanda","0",""
"LAE","PG","","Lae","","","","","Nadzab Tomodachi International Airport","ラエ・ナブザブ空港","萊城納扎布機場","-6.568","146.7265","Pacific/Port_Moresby","0",""
"LAF","US","라페이엣","Lafayette","ラファイエット","拉法葉","West Lafayette","","Purdue University Airport","パデュー大学空港","普渡大學機場","40.4129","-86.9394","America/Indiana/Indianapolis","0",""
"LAJ","BR","라지스","Lages","ラジェス","拉热斯","","","Lages Airport","ラジェス空港 (ブラジル)","","-27.7821","-50.2815","America/Sao_Paulo","0",""
"LAL","US","레이클랜드","Lakeland","レイクランド","萊克蘭","","","Lakeland Linder International Airport","Lakeland Linder地域空港","莱克兰林德国际机场","27.9893","-82.0207","America/New_York","0",""
"LAN","US","랜싱","Lansing","ランシング","蘭辛","","랜싱 수도권 국제공항","Capital Region International Airport","ランシング首都圏国際空港","兰辛首都地区国际机场","42.7776","-84.5857","America/Detroit","0",""
"LAO","PH","라오아그","Laoag","ラオアグ","佬沃","Laoag City","라오아그 국제공항","Laoag International Airport","ラオアグ国際空港","佬沃機場","18.1751","120.531","Asia/Manila","0",""
"LAP","MX","라파스","La Paz","ラパス (バハ・カリフォルニア・スル州)","拉巴斯","","","Manuel Márquez de León International Airport","ラ・パス国際空港","","24.0723","-110.3627","America/Mazatlan","0",""
"LAQ","LY","베이다","Al Bayda","アルバイダ","贝达","Al Albraq","","Al Abraq International Airport","アル・アブラク国際空港","貝達國際機場","32.789","21.9549","Africa/Tripoli","0",""
"LAR","US","래러미","Laramie","ララミー","拉勒米","","","Laramie Regional Airport","Laramie地域空港","","41.3121","-105.675","America/Denver","0",""
"LAU","KE","라무","Lamu","ラム","拉穆鎮","","","Manda Airport","マンダ空港","","-2.2524","40.9129","Africa/Nairobi","0",""
"LAW","US","로턴","Lawton","ロートン","勞頓","","","Lawton Fort Sill Regional Airport","Lawton-Fort Sill地域空港","","34.5677","-98.4166","America/Chicago","0",""
"LBA","GB","브래드퍼드","Leeds, West Yorkshire","ブラッドフォード","布拉德福德","","리즈 브래드퍼드 국제공항","Leeds Bradford Airport","リーズ・ブラッドフォード空港","利茲/布拉德福德","53.8659","-1.6606","Europe/London","0",""
"LBB","US","러벅","Lubbock","ラボック","拉伯克","","","Lubbock Preston Smith International Airport","ラボック・プレストン・スミス国際空港","拉伯克普雷斯頓·史密斯國際機場","33.6636","-101.823","America/Chicago","0",""
"LBC","DE","뤼베크","Lübeck","リューベック","呂北克","","","Lübeck Blankensee Airport","リューベック空港","吕贝克机场","53.8054","10.7192","Europe/Berlin","0",""
"LBD","TJ","후잔트","Khujand","ホジェンド","苦盞","","후잔트 공항","Khujand International Airport","ホジェンド空港","苦盞機場","40.2154","69.6947","Asia/Dushanbe","0",""
"LBE","US","러트로브","Latrobe","ラトローブ","拉特羅布","","","Arnold Palmer Regional Airport","Arnold Palmer地域空港","","40.2759","-79.4048","America/New_York","0",""
"LBF","US","노스플랫","North Platte","ノース・プラット","北普拉特","","","North Platte Regional Airport Lee Bird Field","North Platte地域空港","北普拉特地域机场","41.1262","-100.684","America/Chicago","0",""
"LBL","US","","Liberal","リベラル","利伯勒爾","","","Liberal Mid-America Regional Airport","Liberal市営空港","","37.0442","-100.96","America/Chicago","0",""
"LBS","FJ","람바사","Labasa","ランバサ","蘭巴薩","","","Labasa Airport","ランバサ空港","拉巴薩機場","-16.4667","179.34","Pacific/Fiji","0",""
"LBU","MY","라부안","Labuan","ラブアン","納閩","","","Labuan Airport","ラブアン空港","納閩","5.3017","115.2483","Asia/Kuching","0",""
"LBV","GA","리브르빌","Libreville","リーブルヴィル","自由","","","Libreville Leon M'ba International Airport","リーブルヴィル国際空港","利伯維爾國際機場","0.459","9.4121","Africa/Libreville","0",""
"LCA","CY","라르나카","Larnaca","ラルナカ","拉納卡","","라르나카 국제공항","Larnaca International Airport","ラルナカ国際空港","拉纳卡国际机场","34.8751","33.6249","Asia/Nicosia","0",""
"LCE","HN","라세이바","La Ceiba","ラ・セイバ","拉塞瓦","","","Golosón International Airport","ゴロソン国際空港","Golosa國際機場","15.7425","-86.853","America/Tegucigalpa","0",""
"LCG","ES","","Culleredo","","","","라코루냐 공항","A Coruña Airport","ア・コルーニャ空港","拉科魯尼亞","43.3021","-8.3773","Europe/Madrid","0",""
"LCH","US","레이크찰스","Lake Charles","レイク・チャールズ","查爾斯湖","","","Lake Charles Regional Airport","レイクチャールズ地域空港","查爾斯湖区域机场","30.1261","-93.2233","America/Chicago","0",""
"LCJ","PL","우치","Łódź","ウッチ","羅茲","","우치 브와디스와프 레이몬트 공항","Łódź Władysław Reymont Airport","ウッチ・ヴワディスワフ・レイモント空港","羅茲瓦迪斯瓦夫雷蒙特機場","51.7219","19.3981","Europe/Warsaw","0",""
"LCK","US","콜럼버스","Columbus","コロンバス","哥倫布","","","Rickenbacker International Airport","Rickenbacker国際空港","裏肯巴克國際機場","39.8138","-82.9278","America/New_York","0",""
"LCX","CN","룽옌","Longyan","竜岩","龍岩","Longyan (Liancheng)","","Liancheng Guanzhishan Airport","龍岩冠豸山空港","龍岩冠豸山機場","25.6759","116.7459","Asia/Shanghai","0",""
"LCY","GB","런던","London","ロンドン","倫敦","","","London City Airport","","","51.5053","0.0553","Europe/London","0",""
"LDB","BR","론드리나","Londrina","ロンドリーナ","隆德里納","","","Governor José Richa Airport","ロンドリーナ","隆德里納機場","-23.3344","-51.1284","America/Sao_Paulo","0",""
"LDE","FR","타르브","Tarbes","タルブ","塔布","Tarbes/Lourdes/Pyrénées","","Tarbes-Lourdes-Pyrénées Airport","タルブ·ルルド・ピレネー空港","塔布-盧爾德機場","43.1787","-0.0064","Europe/Paris","0",""
"LDS","CN","이춘","Yichun","伊春","伊春","","","Yichun Lindu Airport","伊春林都空港","伊春林都機場","47.7521","129.0191","Asia/Shanghai","0",""
"LDU","MY","","Lahad Datu","","","","","Lahad Datu Airport","ラハッ・ダトゥ空港","拿笃机场","5.0324","118.3238","Asia/Kuching","0",""
"LDX","GF","생로랑뒤마로니","Saint-Laurent-du-Maroni","サン＝ローラン＝デュ＝マロニ","马罗尼河畔圣洛朗","","","Saint-Laurent-du-Maroni Airport","サン＝ローラン＝デュ＝マロニ空港","马罗尼河畔圣洛朗机场","5.4819","-54.035","America/Cayenne","0",""
"LDY","GB","데리","Derry","ロンドンデリー","德里","Derry, Derry and Strabane","","City of Derry Airport","シティ・オブ・デリー空港","德里（LDY）","55.0428","-7.1611","Europe/London","0",""
"LEA","AU","","Exmouth","エクスマウス","埃斯茅斯","","","Learmonth Airport","ラーモンス空軍基地","利爾蒙斯空軍基地","-22.2352","114.09","Australia/Perth","0",""
"LEB","US","레버넌","Lebanon","レバノン","萊巴嫩","","","Lebanon Municipal Airport","","","43.6261","-72.3042","America/New_York","0",""
"LED","RU","상트페테르부르크","Saint Petersburg","サンクトペテルブルク","聖彼得堡","St. Petersburg","풀코보 국제공항","Pulkovo Airport","プルコヴォ空港","普爾科沃機場","59.8003","30.2625","Europe/Moscow","0",""
"LEI","ES","알메리아","Almería","アルメリア","阿爾梅里亞","","알메리아 공항","Almería Airport","アルメリア空港","阿爾梅里亞","36.8439","-2.3701","Europe/Madrid","0",""
"LEJ","DE","라이프치히","Leipzig","ライプツィヒ","萊比錫","Schkeuditz","라이프치히 할레 공항","Leipzig/Halle Airport","ライプツィヒ・ハレ空港","莱比锡/哈雷机场","51.4207","12.2327","Europe/Berlin","0",""
"LEN","ES","레온","León","レオン","雷昂","La Virgen del Camino","","León Airport","レオン空港","莱昂机场","42.5907","-5.6534","Europe/Madrid","0",""
"LER","AU","","Léré","レレー","","","","Leinster Airport","","","-27.8433","120.703","Australia/Perth","0",""
"LET","CO","레티시아","Leticia","レティシア","萊蒂西亞","","","Alfredo Vásquez Cobo International Airport","アルフレド・バスケス・コボ国際空港","","-4.1911","-69.942","America/Eirunepe","0",""
"LEU","ES","안도라","Andorra","アンドラ","安道爾","La Seu d'Urgell Pyrenees and Andorra","","Pirineus - la Seu d'Urgel Airport","アンドラ＝ラ・セウ・ドゥルジェイ空港","","42.3386","1.4092","Europe/Madrid","0",""
"LEX","US","렉싱턴","Lexington","レキシントン","列克星敦","","","Blue Grass Airport","ブルーグラス空港","藍草機場","38.0351","-84.6067","America/New_York","0",""
"LFM","IR","","Lamerd","ラーマルド","拉默爾德","","","Lamerd Airport","ラーマルド空港","","27.3727","53.1888","Asia/Tehran","0",""
"LFQ","CN","린펀","Linfen","臨汾","臨汾","Linfen (Yaodu)","","Linfen Yaodu Airport","臨汾喬李空港","臨汾喬李機場","36.1326","111.6412","Asia/Shanghai","0",""
"LFT","US","라페이엣","Lafayette","ラファイエット","拉法葉","","","Lafayette Regional Airport","ラファイエット地域空港","拉法葉区域机场","30.2053","-91.9876","America/Chicago","0",""
"LFW","TG","로메","Lomé","ロメ","洛美","","","Lomé–Tokoin International Airport","ロメ空港","纳辛贝·埃亚德马国际机场","6.1656","1.2545","Africa/Lome","0",""
"LGA","US","뉴욕","New York City","ニューヨーク","紐約","New York","라과디아 공항","LaGuardia Airport","ラガーディア空港","拉瓜地亞機場","40.7772","-73.8726","America/New_York","0",""
"LGB","US","롱비치","Long Beach","ロングビーチ","長灘","","","Long Beach International Airport","ロングビーチ空港","長灘","33.8165","-118.1499","America/Los_Angeles","0",""
"LGG","BE","리에주","Liège","リエージュ","列日","Grâce-Hollogne","리에주 공항","Liège Airport","リエージュ空港","列日机场","50.6386","5.4439","Europe/Brussels","0",""
"LGI","BS","","Deadman's Cay","","","","","Deadman's Cay Airport","デッドマンズ・ケイ空港","亡者礁機場","23.179","-75.0936","America/Nassau","0",""
"LGK","MY","랑카위","Langkawi","ランカウイ島","蘭卡威","","랑카위 국제공항","Langkawi International Airport","ランカウイ国際空港","浮羅交怡國際機場","6.3297","99.7287","Asia/Kuala_Lumpur","0",""
"LGW","GB","런던","London","ロンドン","倫敦","","런던 개트윅 공항","London Gatwick Airport","ロンドン・ガトウィック空港","蓋特威克機場","51.1487","-0.1857","Europe/London","0",""
"LHE","PK","라호르","Lahore","ラホール","拉合爾","","알라마 이크발 국제공항","Allama Iqbal International Airport","アッラーマ・イクバール国際空港","拉合尔阿拉马·伊克巴勒国际机场","31.5216","74.4036","Asia/Karachi","0",""
"LHG","AU","","","","","","","Lightning Ridge Airport","","","-29.4529","147.9771","Australia/Sydney","0",""
"LHL","AZ","","Lachin","","","","","Lachin International Airport","","拉欽國際機場","39.8838","46.3631","Asia/Baku","0",""
"LHS","AR","","Las Heras","ラス・エラス (サンタクルス州)","","","","Las Heras Airport","コロニア・ラス・エラス空港","科洛尼亞拉斯赫拉斯機場","-46.5385","-68.9653","America/Argentina/Rio_Gallegos","0",""
"LHW","CN","란저우","Lanzhou","蘭州","蘭州","Lanzhou (Yongdeng)","","Lanzhou Zhongchuan International Airport","蘭州中川空港","蘭州中川機場","36.5152","103.62","Asia/Shanghai","0",""
"LIF","NC","","Lifou","リフー","利富","","","Lifou Airport","リフー空港","","-20.7746","167.2393","Pacific/Noumea","0",""
"LIG","FR","리모주","Limoges","リモージュ","利摩日","Limoges/Bellegarde","","Limoges Airport","リモージュ","利摩日-貝勒加德機場","45.8628","1.1794","Europe/Paris","0",""
"LIH","US","","Lihue, Kauai","","","","","Lihue Airport","リフエ空港","利胡埃","21.9744","-159.3371","Pacific/Honolulu","0",""
"LIL","FR","릴","Lille","リール","里耳","Lesquin","릴 레캉 공항","Lille Airport","リール空港","里爾-萊坎機場","50.5666","3.1024","Europe/Paris","0",""
"LIM","PE","리마","Lima","リマ","利馬","","호르헤 차베스 국제공항","Jorge Chávez International Airport","ホルヘ・チャベス国際空港","豪爾赫·查維茲國際機場","-12.0219","-77.1143","America/Lima","0",""
"LIN","IT","밀라노","Milan","ミラノ","米蘭","Segrate (MI)","리나테 공항","Milano Linate Airport","ミラノ・リナーテ国際空港","連尼治機場","45.4451","9.2767","Europe/Rome","0",""
"LIO","CR","리몬","Limón","リモン","利蒙","","리몬 국제공항","Limón International Airport","リモン国際空港","利蒙國際機場","9.958","-83.022","America/Costa_Rica","0",""
"LIR","CR","리베리아","Liberia","リベリア","利韋里亞","","","Daniel Oduber Quirós International Airport","ダニエル・オドゥベール国際空港","利韋里亞","10.5933","-85.5444","America/Costa_Rica","0",""
"LIT","US","리틀록","Little Rock","リトル・ロック","小石城","","","Bill & Hillary Clinton National Airport/Adams Field","ビル・アンド・ヒラリー・クリントン・ナショナル空港","克林頓國家機場","34.7292","-92.2236","America/Chicago","0",""
"LIW","MM","","Loikaw","","","","","Loikaw Airport","ロイコー空港","壘固","19.6915","97.2148","Asia/Yangon","0",""
"LJU","SI","류블랴나","Ljubljana","リュブリャナ","盧比安納","Zgornji Brnik","류블랴나 요제 푸치니크 공항","Ljubljana Jože Pučnik Airport","リュブリャナ空港","盧布林雅那","46.2237","14.4576","Europe/Ljubljana","0",""
"LKL","NO","","Lakselv","ラクセルヴ","拉克塞爾夫","","","Lakselv Airport, Banak","ラクスエルブ空港","拉克塞爾夫机场","70.0688","24.9735","Europe/Oslo","0",""
"LKN","NO","","Leknes","レクネス","萊克內斯","","","Leknes Airport","","","68.1525","13.6094","Europe/Oslo","0",""
"LKO","IN","러크나우","Lucknow","ラクナウ","勒克瑙","","","Chaudhary Charan Singh International Airport","アマウシ空港","勒克瑙","26.7606","80.8893","Asia/Kolkata","0",""
"LLA","SE","룰레오","Luleå","ルレオ","呂勒奧","","","Luleå Airport","ルレオ空港","呂勒奧機場","65.5438","22.122","Europe/Stockholm","0",""
"LLF","CN","융저우","Yongzhou","永州","永州","","","Yongzhou Lingling Airport","永州零陵空港","永州零陵机场","26.3387","111.61","Asia/Shanghai","0",""
"LLV","CN","뤼량","Lüliang","呂梁","呂梁","","","Lüliang Dawu Airport","","呂梁機場","37.6833","111.1428","Asia/Shanghai","0",""
"LLW","MW","릴롱궤","Lilongwe","リロングウェ","利隆圭","Lumbadzi","카무주 국제공항","Kamuzu International Airport","リロングウェ国際空港","利隆圭國際機場","-13.7894","33.781","Africa/Blantyre","0",""
"LMM","MX","로스모치스","Los Mochis","ロスモチス","洛斯莫奇斯","","LMM","Valle del Fuerte International Airport","ロスモチス国際空港","","25.6855","-109.0812","America/Mazatlan","0",""
"LMN","MY","림방","Limbang","リンバン","林夢縣","","","Limbang Airport","リンバン空港","林夢機場","4.8083","115.01","Asia/Kuching","0",""
"LMP","IT","람페두사섬","Lampedusa","ランペドゥーザ島","蘭佩杜薩島","","","Lampedusa Airport","ランペドゥーザ空港","蘭佩杜薩島機場","35.4979","12.6181","Africa/Tunis","0",""
"LNJ","CN","린창","Lincang","臨滄","臨滄","","","Lincang Boshang Airport","臨滄空港","臨滄機場","23.7381","100.025","Asia/Shanghai","0",""
"LNK","US","링컨","Lincoln","リンカーン","林肯","","","Lincoln Airport","リンカーン空港 (ネブラスカ州)","林肯机场","40.8449","-96.7618","America/Chicago","0",""
"LNL","CN","룽난","Longnan","隴南","隴南","Longnan (Cheng)","","Longnan Chengzhou Airport","隴南成県空港","陇南成州机场","33.7899","105.79","Asia/Shanghai","0",""
"LNO","AU","","Leonora","","","","","Leonora Airport","","","-28.8781","121.315","Australia/Perth","0",""
"LNS","US","랭커스터","Lancaster","ランカスター","蘭開斯特","","","Lancaster Airport","ランカスター空港 (ペンシルベニア州)","兰开斯特机场","40.1217","-76.2961","America/New_York","0",""
"LNY","US","","Lanai City","ラナイ・シティ","拉奈城","","","Lanai Airport","ラナイ空港","","20.7857","-156.9513","Pacific/Honolulu","0",""
"LNZ","AT","린츠","Linz","リンツ","林茲","","린츠 공항","Linz-Hörsching Airport","リンツ空港","林茨機場","48.2354","14.1881","Europe/Vienna","0",""
"LOE","TH","","","","","","르이 공항","Loei Airport","ルーイ空港","黎市機場","17.4391","101.722","Asia/Bangkok","0",""
"LOO","DZ","라구아트","Laghouat","ラグアット","艾格瓦特","","","Laghouat - Molay Ahmed Medeghri Airport","ラグアット空港","","33.7644","2.9283","Africa/Algiers","0",""
"LOP","ID","마타람","Mataram","マタラム","馬塔蘭","Mataram (Pujut, Lombok Tengah)","자이누딘 압둘 마지드 국제공항","Lombok International Airport","ロンボク国際空港","龍目國際機場","-8.76","116.2782","Asia/Makassar","0",""
"LOS","NG","라고스","Lagos","ラゴス","拉哥斯","","무르탈라 모하메드 국제공항","Murtala Muhammed International Airport","ムルタラ・モハンマド国際空港","穆爾塔拉·穆罕默德國際機場","6.5774","3.3212","Africa/Lagos","0",""
"LPA","ES","라스팔마스 데 그란 카나리아","Las Palmas de Gran Canaria","ラス・パルマス・デ・グラン・カナリア","拉斯帕爾馬斯","Gran Canaria Island","그란카나리아 공항","Gran Canaria Airport","グラン・カナリア空港","大加那利機場","27.9319","-15.3866","Atlantic/Canary","0",""
"LPB","BO","라파스","La Paz","ラパス","拉巴斯","La Paz / El Alto","엘알토 국제공항","El Alto International Airport","エル・アルト国際空港","奧爾托國際機場","-16.5103","-68.1894","America/La_Paz","0",""
"LPF","CN","류판수이","Liupanshui","六盤水","六盤水","Liupanshui (Zhongshan)","","Liupanshui Yuezhao Airport","六盤水月照空港","六盘水月照机场","26.6094","104.979","Asia/Shanghai","0",""
"LPI","SE","린셰핑","Linköping","リンシェーピング","林雪坪","","","Linköping City Airport","リンシェーピング・シティ空港","林雪坪","58.4049","15.6845","Europe/Stockholm","0",""
"LPL","GB","리버풀","Liverpool","リヴァプール","利物浦","","","Liverpool John Lennon Airport","","","53.3349","-2.8496","Europe/London","0",""
"LPP","FI","라펜란타","Lappeenranta","ラッペーンランタ","拉彭蘭塔","","라펜란타 공항","Lappeenranta Airport","ラッペーンランタ空港","拉彭兰塔机场","61.0446","28.1447","Europe/Helsinki","0",""
"LPQ","LA","루앙파방","Luang Prabang","ルアンパバーン郡","琅勃拉邦","Luang Phabang","루앙파방 국제공항","Luang Phabang International Airport","ルアンパバーン国際空港","琅勃拉邦國際機場","19.9043","102.1672","Asia/Vientiane","0",""
"LPT","TH","","Lampang horse carriage","","","","람빵 공항","Lampang Airport","ラムパーン空港","林邦機場","18.2709","99.5042","Asia/Bangkok","0",""
"LRD","US","러레이도","Laredo","ラレド","拉雷多","","","Laredo International Airport","ラレド国際空港","拉雷多國際機場","27.5438","-99.4616","America/Chicago","0",""
"LRE","AU","","Longreach Region","","朗芮區政府","Longreach","","Longreach Airport","ロングリーチ空港","朗芮機場","-23.432","144.2775","Australia/Brisbane","0",""
"LRH","FR","라로셸","La Rochelle","ラ・ロシェル","拉羅謝爾","","","La Rochelle Île de Ré Airport","ラ・ロシェル","拉羅歇爾機場","46.1792","-1.1953","Europe/Paris","0",""
"LRM","DO","라로마나","La Romana","ラ・ロマーナ","拉罗马纳","","","Casa De Campo International Airport","ラ・ロマーナ国際空港","羅馬納國際機場","18.4522","-68.9111","America/Santo_Domingo","0",""
"LRR","IR","","Lar","ラール","拉爾","","","Lar Airport","ラール","拉爾","27.6747","54.3833","Asia/Tehran","0",""
"LRU","US","라스크루시스","Las Cruces","ラース・クルーシス","拉斯克鲁塞斯","","","Las Cruces International Airport","ラスクルーセス国際空港","拉斯克魯塞斯國際機場","32.2894","-106.922","America/Denver","0",""
"LSC","CL","라세레나","La Serena","ラ・セレナ","拉塞雷納","La Serena-Coquimbo","","La Florida Airport","","","-29.9162","-71.1995","America/Santiago","0",""
"LSE","US","라크로스","La Crosse","ラクロス","拉克罗斯","","","La Crosse Regional Airport","ラクロス地域空港","","43.879","-91.2567","America/Chicago","0",""
"LSG","CN","","Leshan (Wutongqiao)","","","","","Leshan Airport","","","29.4386","103.7492","Asia/Shanghai","0",""
"LSH","MM","","Lashio","","","","","Lashio Airport","ラーショ空港","臘戍機場","22.9779","97.7522","Asia/Yangon","0",""
"LSI","GB","셰틀랜드 제도","Shetland Islands","シェトランド諸島","昔德蘭","Lerwick, Shetland","","Sumburgh Airport","サンバラ空港","設得蘭島薩姆堡（LSI）","59.8789","-1.2956","Europe/London","0",""
"LSP","VE","푼토 피조","Punto Fijo","プント・フィホ","蓬托菲雷","Paraguaná","","Josefa Camejo International Airport","ホセファ・カメホ国際空港","蓬托菲霍機場","11.7808","-70.1515","America/Caracas","0",""
"LSR","ID","","Southeast Aceh","東南アチェ県","東南亞齊縣","Kutacane","","Alas Leuser Airport","","阿拉斯·勒瑟機場","3.3915","97.8637","Asia/Jakarta","0",""
"LST","AU","론서스턴","Launceston","ローンセストン","朗瑟士敦","Launceston (Western Junction)","","Launceston Airport","ローンセストン空港","朗塞斯頓機場","-41.5449","147.2108","Australia/Hobart","0",""
"LSY","AU","리스모어","Lismore","リズモー","利斯莫尔","","리스모어 공항","Lismore Airport","リズモア空港","利斯莫爾機場","-28.8307","153.2584","Australia/Sydney","0",""
"LTD","LY","","Ghadames","","","","","Ghadames Airport","ガダミス空港","","30.1455","9.7021","Africa/Tripoli","0",""
"LTI","MN","알타이","Altai","アルタイ (モンゴル)","阿爾泰","","","Altai Airport","アルタイ空港","阿爾泰","46.3764","96.2211","Asia/Hovd","0",""
"LTK","SY","라타키아","Latakia","ラタキア","拉塔基亞","","라타키아 국제공항","Latakia International Airport","バーセル・アル・アサド国際空港","拉塔基亞國際機場","35.4011","35.9487","Asia/Damascus","0",""
"LTM","GY","레템","Lethem","レセム","萊瑟姆","","","Lethem Airport","レセム空港","","3.3728","-59.7894","America/Guyana","0",""
"LTN","GB","런던","London","ロンドン","倫敦","Luton, Luton","런던 루턴 공항","London Luton Airport","ロンドン・ルートン空港","倫敦盧頓機場","51.8747","-0.3683","Europe/London","0",""
"LTO","MX","로레토","Loreto","ロレト","洛雷托","","","Loreto International Airport","ロレート空港","洛雷托","25.9895","-111.3484","America/Mazatlan","0",""
"LTU","IN","라투르","Latur","ラートゥール","拉杜爾","","","Murod Kond Airport","ラートゥール空港","","18.4115","76.4647","Asia/Kolkata","0",""
"LTX","EC","라타쿵가","Latacunga","ラタクンガ","拉塔昆加","","코토팍시 국제공항","Cotopaxi International Airport","コトパクシ国際空港","科托帕希國際機場","-0.9068","-78.6158","America/Guayaquil","0",""
"LUA","NP","루클라","Lukla","ルクラ","盧克拉","","텐징-힐러리 공항","Tenzing-Hillary Airport","テンジン・ヒラリー空港","丹增希拉里機場","27.6868","86.7295","Asia/Kathmandu","0",""
"LUD","NA","뤼데리츠","Lüderitz","リューデリッツ","呂德里茨","","","Luderitz Airport","リュデリッツ空港","","-26.6874","15.2429","Africa/Windhoek","0",""
"LUG","CH","루가노","Lugano","ルガーノ","盧加諾","Agno","루가노 공항","Lugano Airport","ルガノ空港","盧加諾機場","46.0043","8.9106","Europe/Zurich","0",""
"LUK","US","신시내티","Cincinnati","シンシナティ","辛辛那提","","","Cincinnati Municipal Airport Lunken Field","シンシナティ市営空港","","39.1024","-84.4189","America/New_York","0",""
"LUM","CN","","statutory interpretation","法解釈","法律解釋","Dehong (Mangshi)","","Dehong Mangshi International Airport","徳宏芒市空港","德宏芒市機場","24.4011","98.5317","Asia/Shanghai","0",""
"LUN","ZM","루사카","Lusaka","ルサカ","路沙卡","","루사카 국제공항","Kenneth Kaunda International Airport","ルサカ国際空港","肯尼思·卡翁達國際機場","-15.3308","28.4527","Africa/Lusaka","0",""
"LUQ","AR","산루이스","San Luis","サン・ルイス","聖路易斯","","","Brigadier Mayor D Cesar Raul Ojeda Airport","サン・ルイス空港 (アルゼンチン)","聖路易斯機場","-33.2732","-66.3564","America/Argentina/San_Luis","0",""
"LUR","US","","Cape Lisburne","","","","","Cape Lisburne LRRS Airport","","","68.8751","-166.11","America/Nome","0",""
"LUV","ID","","Langgur","","","","","Karel Sadsuitubun Airport","","杜马图本机场","-5.7603","132.7594","Asia/Jayapura","0",""
"LUX","LU","룩셈부르크","Luxembourg","ルクセンブルク","盧森堡","","","Luxembourg-Findel International Airport","","","49.6268","6.2121","Europe/Luxembourg","0",""
"LUZ","PL","루블린","Lublin","ルブリン","盧布林","","루블린 공항","Lublin Airport","ルブリン空港","盧布林機場","51.2402","22.7135","Europe/Warsaw","0",""
"LVI","ZM","리빙스턴","Livingstone","リヴィングストン","利文斯敦","","","Harry Mwanga Nkumbula International Airport","ハリー・ムワンガ・ナンブラ国際空港","利文斯通","-17.8215","25.8196","Africa/Lusaka","0",""
"LWB","US","루이스버그","Lewisburg","ルイスバーグ","路易斯堡","","","Greenbrier Valley Airport","","格林布赖尔山谷机场","37.8579","-80.4004","America/New_York","0",""
"LWN","AM","귬리","Gyumri","ギュムリ","久姆里","","귬리 시라크 국제공항","Shirak International Airport","ギュムリ・シラク国際空港","希拉克機場","40.7504","43.8593","Asia/Yerevan","0",""
"LWS","US","루이스턴","Lewiston","ルイストン","劉易斯頓","","","Lewiston Nez Perce County Airport","Lewiston-Nez Perce郡空港","劉易斯頓-內茲珀斯縣機場","46.3745","-117.015","America/Los_Angeles","0",""
"LXA","CN","","Shannan (Gonggar)","","","","라싸 공가 공항","Lhasa Gonggar International Airport","ラサ・クンガ空港","拉萨贡嘎国际机场","29.298","90.912","Asia/Shanghai","0",""
"LXR","EG","룩소르","Luxor","ルクソール","路克索","","룩소르 국제공항","Luxor International Airport","ルクソール国際空港","盧克索國際機場","25.671","32.7064","Africa/Cairo","0",""
"LYA","CN","뤄양","Luoyang","洛陽","洛陽","Luoyang (Laocheng)","","Luoyang Beijiao Airport","洛陽北郊空港","洛陽北郊機場","34.7411","112.388","Asia/Shanghai","0",""
"LYC","SE","","Lycksele","","","","","Lycksele Airport","リュックセレ空港","呂克瑟勒機場","64.5483","18.7162","Europe/Stockholm","0",""
"LYG","CN","롄윈강","Lianyungang","連雲港","連雲港","","","Lianyungang Huaguoshan International Airport","連雲港白塔埠空港","連雲港白塔埠機場","34.4141","119.179","Asia/Shanghai","0",""
"LYH","US","린치버그","Lynchburg","リンチバーグ","林奇堡","","","Lynchburg Regional Airport - Preston Glenn Field","リンチバーグ地域空港","林奇堡地域机场","37.3267","-79.2004","America/New_York","0",""
"LYP","PK","파이살라바드","Faisalabad","ファイサラーバード","費薩拉巴德","","파이살라바드 국제공항","Faisalabad International Airport","ファイサラーバード国際空港","費薩拉巴德","31.3649","72.9953","Asia/Karachi","0",""
"LYR","NO","롱이어비엔","Longyearbyen","ロングイェールビーン","朗伊爾城","","스발바르 공항","Svalbard Airport, Longyear","スヴァールバル空港","斯瓦尔巴朗伊尔机场","78.2461","15.4656","Arctic/Longyearbyen","0",""
"LYS","FR","리옹","Lyon","リヨン","里昂","Colombier-Saugnieu, Rhône","생텍쥐페리 국제공항","Lyon Saint-Exupéry Airport","サン＝テグジュペリ国際空港","里昂聖埃克絮佩里機場","45.726","5.0901","Europe/Paris","0",""
"LZG","CN","랑중","Langzhong","閬中","閬中","Nanchong (Langzhong)","","Langzhong Gucheng Airport","","阆中古城机场","31.5019","106.0344","Asia/Shanghai","0",""
"LZH","CN","류저우","Liuzhou","柳州","柳州","Liuzhou (Liujiang)","","Liuzhou Bailian Airport / Bailian Air Base","柳州白蓮空港","柳州白蓮機場","24.2075","109.391","Asia/Shanghai","0",""
"LZN","TW","난간향","Nangan Township","南竿郷","南竿鄉","Matsu (Nangan)","","Matsu Nangan Airport","馬祖南竿空港","馬祖南竿機場","26.1597","119.9584","Asia/Shanghai","0",""
"LZO","CN","허페이","Hefei","合肥","合肥","Luzhou (Yunlong)","","Luzhou Yunlong Airport","瀘州雲龍空港","泸州云龙机场","29.0304","105.4684","Asia/Shanghai","0",""
"LZY","CN","린즈 지구","Nyingchi","ニンティ","林芝","Nyingchi (Mainling)","닝치 마인링 공항","Nyingchi Mainling Airport","ニンティ空港","林芝米林機場","29.3033","94.3353","Asia/Kolkata","0",""
"MAA","IN","","Chennai metropolitan area","チェンナイ都市圏","清奈大都會區","Chennai","첸나이 국제공항","Chennai International Airport","チェンナイ国際空港","清奈國際機場","12.99","80.1693","Asia/Kolkata","0",""
"MAB","BR","마라바","Marabá","マラバ (ブラジル)","馬拉巴","","","João Correa da Rocha Airport","マラバ空港","馬拉巴機場","-5.3686","-49.138","America/Belem","0",""
"MAF","US","","Midland","","","","","Midland International Air and Space Port","ミッドランド国際空港","米德蘭國際機場","31.9425","-102.202","America/Chicago","0",""
"MAG","PG","","Madang","","","","","Madang Airport","マダン空港","馬當機場","-5.2071","145.789","Pacific/Port_Moresby","0",""
"MAH","ES","마온","Maó","マオー","马翁","Mahón (Maó)","메노르카 공항","Menorca Airport","メノルカ空港","馬翁","39.8626","4.2187","Europe/Madrid","0",""
"MAJ","MH","마주로","Majuro","マジュロ","馬久羅","Majuro Atoll","마셜 제도 국제공항","Marshall Islands International Airport","マジュロ国際空港","馬紹爾群島國際機場","7.0651","171.2717","Pacific/Majuro","0",""
"MAK","SS","말라칼","Malakal","マラカル","馬拉卡爾","","","Malakal International Airport","マラカル空港","","9.5587","31.6519","Africa/Khartoum","0",""
"MAM","MX","마타모로스","Heroica Matamoros","マタモロス","馬塔莫羅斯","Matamoros","","General Servando Canales International Airport","ヘネラル・セルバンド・カナレス国際空港","","25.7699","-97.5253","America/Matamoros","0",""
"MAN","GB","맨체스터","Manchester","マンチェスター","曼徹斯特","Manchester, Greater Manchester","맨체스터 공항","Manchester Airport","マンチェスター空港","曼徹斯特機場","53.3494","-2.2795","Europe/London","0",""
"MAO","BR","마나우스","Manaus","マナウス","瑪瑙斯","","에두아르두 고메스 국제공항","Eduardo Gomes International Airport","エドワルド・ゴメス国際空港","马瑙斯－爱德华多·戈梅斯国际机场","-3.0386","-60.0497","America/Manaus","0",""
"MAQ","TH","매솟군","Mae Sot","メーソート郡","湄索縣","","매솟 공항","Mae Sot Airport","メーソート空港","美索機場","16.6999","98.5451","Asia/Bangkok","0",""
"MAR","VE","마라카이보","Maracaibo","マラカイボ","馬拉開波","","","La Chinita International Airport","ラ・チニタ国際空港","La Chinita國際機場","10.5575","-71.7293","America/Caracas","0",""
"MAS","PG","","Manus Island","","","","","Momote Airport","モモテ空港","莫莫特機場","-2.0619","147.424","Pacific/Port_Moresby","0",""
"MAU","PF","","Maupiti","マウピティ島","莫皮蒂島","","","Maupiti Airport","マウピティ空港","莫皮蒂机场","-16.4265","-152.244","Pacific/Tahiti","0",""
"MAZ","PR","마야궤스","Mayagüez","マヤグエス","馬亞圭斯","","","Eugenio Maria De Hostos Airport","エウジェニオ・マリア・デ・ホストス空港","馬亞圭斯（波多黎各）","18.2557","-67.1485","America/Puerto_Rico","0",""
"MBA","KE","몸바사","Mombasa","モンバサ","蒙巴薩","","모이 국제공항","Moi International Airport","モイ国際空港","莫伊國際機場","-4.0348","39.5942","Africa/Nairobi","0",""
"MBD","ZA","마피켕","Mahikeng","マフィケング","梅富根","Mafeking","","Mmabatho International Airport","マフィケング空港","姆馬巴托國際機場","-25.7984","25.548","Africa/Johannesburg","0",""
"MBE","JP","몬베쓰","Monbetsu","紋別","紋別","","몬베쓰 공항","Monbetsu Airport","紋別空港","紋別機場","44.3039","143.404","Asia/Tokyo","0",""
"MBI","TZ","","Mbeya","","","","","Songwe Airport","ムベヤ空港","","-8.9199","33.274","Africa/Dar_es_Salaam","0",""
"MBJ","JM","몬테고베이","Montego Bay","モンテゴ・ベイ","蒙特哥貝","","","Sangster International Airport","サングスター国際空港","蒙特哥貝","18.5034","-77.9132","America/Jamaica","0",""
"MBS","US","새기노","Saginaw","サギノー","萨吉诺","Freeland","","MBS International Airport","MBS国際空港","三城國際機場","43.5332","-84.0831","America/Detroit","0",""
"MBT","PH","마스바테주","Masbate","マスバテ","馬斯巴特","","","Moises R. Espinosa Airport","モイセス R. エスピノーサ空港","莫伊塞斯·R·埃斯皮諾薩機場","12.3697","123.6301","Asia/Manila","0",""
"MBW","AU","멜버른","Melbourne","メルボルン","墨爾本","","","Melbourne Moorabbin Airport","","","-37.9778","145.0998","Australia/Melbourne","0",""
"MBX","SI","마리보르","Maribor","マリボル","馬里博爾","","","Maribor Edvard Rusjan Airport","マリボル・エドヴァルト・ルスジャン空港","馬里博爾愛德華·魯斯揚機場","46.4799","15.6861","Europe/Ljubljana","0",""
"MCE","US","머세드","Merced","マーセド","美熹德","","","Merced Regional Macready Field","Merced市営空港","","37.2847","-120.514","America/Los_Angeles","0",""
"MCG","US","","McGrath","マクグラス","麦格拉思","","","McGrath Airport","","聖佐治","62.9529","-155.606","America/Anchorage","0",""
"MCI","US","캔자스시티","Kansas City","カンザス・シティ","堪薩斯城","","캔자스시티 국제공항","Kansas City International Airport","カンザスシティ国際空港","堪薩斯城","39.3017","-94.7139","America/Chicago","0",""
"MCK","US","매쿡","McCook","マクック","麥庫克","","","McCook Ben Nelson Regional Airport","McCook市営空港","","40.2078","-100.5928","America/Chicago","0",""
"MCN","US","메이컨","Macon","メイコン","梅肯","","","Middle Georgia Regional Airport","Middle Georgia地域空港","佐治亚州中部地区机场","32.6928","-83.6492","America/New_York","0",""
"MCO","US","올랜도","Orlando","オーランド","奧蘭多","","올랜도 국제공항","Orlando International Airport","オーランド国際空港","奧蘭多國際機場","28.4294","-81.309","America/New_York","0",""
"MCP","BR","마카파","Macapá","マカパ","馬卡帕","","","Macapá - Alberto Alcolumbre International Airport","マカパ","馬卡帕國際機場","0.0507","-51.0722","America/Belem","0",""
"MCT","OM","무스카트","Muscat","マスカット","馬斯喀特","Muscat/Seeb","무스카트 국제공항","Muscat International Airport","マスカット国際空港","馬斯喀特國際機場","23.6002","58.2853","Asia/Muscat","0",""
"MCW","US","메이슨시티","Mason City","メイソンシティ","梅森城","","","Mason City Municipal Airport","メイソンシティ市営空港","梅森城機場","43.1598","-93.3297","America/Chicago","0",""
"MCX","RU","마하치칼라","Makhachkala","マハチカラ","馬哈奇卡拉","","마하치칼라 우이타시 공항","Makhachkala Uytash International Airport","ウイタシ空港","馬哈奇卡拉機場","42.8168","47.6523","Europe/Moscow","0",""
"MCY","AU","선샤인코스트","Sunshine Coast","サンシャイン・コースト","陽光海岸","Maroochydore","선샤인코스트 공항","Sunshine Coast Airport","サンシャイン・コースト空港","陽光海岸機場","-26.5933","153.0832","Australia/Brisbane","0",""
"MCZ","BR","마세이오","Maceió","マセイオ","馬塞約","","","Zumbi dos Palmares International Airport","マセイオ","馬塞約","-9.5126","-35.7918","America/Maceio","0",""
"MDE","CO","메데인","Medellín","メデジン","麥德林","","","Jose Maria Córdova International Airport","ホセ・マリア・コルドバ国際空港","麥德林-科爾多瓦","6.1645","-75.4231","America/Bogota","0",""
"MDG","CN","무단장","Mudanjiang","牡丹江","牡丹江","","무단장 하이랑 공항","Mudanjiang Hailang International Airport","牡丹江海浪空港","牡丹江海浪機場","44.5252","129.5686","Asia/Shanghai","0",""
"MDI","NG","마쿠르디","Makurdi","マクルディ","馬庫爾迪","","","Makurdi Airport","マクルディ空軍基地","","7.7039","8.6139","Africa/Lagos","0",""
"MDK","CD","음반다카","Mbandaka","ムバンダカ","姆班達卡","","","Mbandaka Airport","ムバンダカ空港","","0.0226","18.2887","Africa/Kinshasa","0",""
"MDL","MM","만달레이","Mandalay","マンダレー","曼德勒","","만달레이 국제공항","Mandalay International Airport","マンダレー国際空港","曼德勒國際機場","21.7022","95.9779","Asia/Yangon","0",""
"MDQ","AR","마르델플라타","Mar del Plata","マル・デル・プラタ","馬德普拉塔","","","Ástor Piazzola International Airport","アスター・ピアソラ国際空港","阿斯托爾·皮亞佐拉國際機場","-37.9342","-57.5733","America/Argentina/Buenos_Aires","0",""
"MDT","US","해리스버그","Harrisburg","ハリスバーグ","哈里斯堡","","","Harrisburg International Airport","ハリスバーグ国際空港","哈里斯堡","40.1928","-76.7623","America/New_York","0",""
"MDU","PG","","Mendi","","","","","Mendi Airport","メンディ空港","","-6.1477","143.657","Pacific/Port_Moresby","0",""
"MDW","US","시카고","Chicago","シカゴ","芝加哥","","시카고 미드웨이 국제공항","Chicago Midway International Airport","シカゴ・ミッドウェー国際空港","芝加哥中途國際機場","41.786","-87.7524","America/Chicago","0",""
"MDZ","AR","멘도사","Mendoza","メンドーサ","門多薩","","고바노르 프란시스코 가브리엘리 국제공항","Governor Francisco Gabrielli International Airport","ゴベルナドール・フランシスコ・ガブリエリ国際空港","州長弗朗西斯科·加布里埃利國際機場","-32.8317","-68.7929","America/Argentina/Mendoza","0",""
"MEB","AU","멜버른","Melbourne","メルボルン","墨爾本","Essendon Fields","에센든 공항","Melbourne Essendon Airport","エッセンドン空港","埃森登機場","-37.7281","144.902","Australia/Melbourne","0",""
"MEC","EC","만타","Manta","マンタ","曼塔","","","Eloy Alfaro International Airport","マンタ空軍基地","埃洛伊·艾法罗国际机场","-0.9461","-80.6788","America/Guayaquil","0",""
"MED","SA","메디나","Medina","マディーナ","麥地那","","프린스 모하메드 빈 압둘아지즈 국제공항","Prince Mohammad Bin Abdulaziz Airport","プリンス・モハンマド・ビン・アブドゥルアズィーズ国際空港","穆罕默德·本·阿卜杜勒-阿齊茲親王國際機場","24.5534","39.7051","Asia/Riyadh","0",""
"MEE","NC","","Maré Island","マーレ","馬雷島","Maré","","Maré Airport","マレ空港","马雷机场","-21.4824","168.0385","Pacific/Noumea","0",""
"MEG","AO","","Malanje","","","","","Malanje Airport","マランジェ","","-9.5251","16.3124","Africa/Luanda","0",""
"MEH","NO","감비크","Gamvik Municipality","ガンヴィク","加姆維克","Mehamn","","Mehamn Airport","","","71.0297","27.8267","Europe/Oslo","0",""
"MEI","US","머리디언","Meridian","メリディアン","默爾迪恩","","","Key Field / Meridian Regional Airport","","默里迪恩地区机场","32.3326","-88.7519","America/Chicago","0",""
"MEL","AU","멜버른","Melbourne","メルボルン","墨爾本","","멜버른 공항","Melbourne Airport","メルボルン空港","墨爾本機場","-37.6707","144.8379","Australia/Melbourne","0",""
"MEM","US","멤피스","Memphis","メンフィス","曼非斯","","멤피스 국제공항","Frederick W. Smith International Airport","メンフィス国際空港","孟菲斯國際機場","35.0438","-89.9763","America/Chicago","0",""
"MEQ","ID","","Kuala Pesisir","","","","","Cut Nyak Dhien Airport","チュ・ニャ・ディン空港","朱月婷機場","4.041","96.2533","Asia/Jakarta","0",""
"MFE","US","매캘런","McAllen","マッカレン","麥卡倫","","","McAllen Miller International Airport","McAllen-Miller国際空港","麥卡倫","26.1761","-98.238","America/Chicago","0",""
"MFK","TW","베이간향","Beigan Township","北竿郷","北竿鄉","Matsu (Beigan)","","Matsu Beigan Airport","馬祖北竿空港","馬祖北竿機場","26.2241","120.0027","Asia/Shanghai","0",""
"MFR","US","메드퍼드","Medford","メドフォード","梅德福","","","Rogue Valley International-Medford Airport","ローグバレー国際メド空港","梅德福國際機場","42.3742","-122.873","America/Los_Angeles","0",""
"MFU","ZM","","Mfuwe","ムフウェ","姆富韋","","","Mfuwe International Airport","ムフウェ空港","姆富韋","-13.2589","31.9366","Africa/Lusaka","0",""
"MGA","NI","마나과","Managua","マナグア","馬納瓜","","아우구스토 C. 산디노 국제공항","Augusto C. Sandino (Managua) International Airport","アウグスト・C・サンディーノ国際空港","奧古斯托·C·桑地諾國際機場","12.1415","-86.1682","America/Managua","0",""
"MGB","AU","","Limestone Coast","ライムストーン・コースト","石灰岩海岸","Mount Gambier","","Mount Gambier Airport","マウントガンビア空港","甘比爾山機場","-37.7444","140.7806","Australia/Adelaide","0",""
"MGC","US","미시간시티","Michigan City","ミシガンシティ","密西根","","","Michigan City Municipal Airport","","","41.7033","-86.8212","America/Chicago","0",""
"MGF","BR","마링가","Maringá","マリンガ","馬林加","","","Regional de Maringá - Sílvio Name Júnior Airport","マリンガ","馬林加","-23.4761","-52.0162","America/Sao_Paulo","0",""
"MGH","ZA","","Margate","マルギット (南アフリカ共和国)","馬蓋特（誇祖魯-納塔爾）","","","Margate Airport","マルギット空港","馬蓋特機場","-30.8574","30.343","Africa/Johannesburg","0",""
"MGM","US","몽고메리","Montgomery","モンゴメリー","蒙哥馬利","","","Montgomery Regional (Dannelly Field) Airport","","","32.3006","-86.394","America/Chicago","0",""
"MGQ","SO","모가디슈","Mogadishu","モガディシュ","摩加迪休","","아덴 아데 국제공항","Aden Adde International Airport","アデン・アッデ国際空港","亚丁·阿德国际机场","2.0144","45.3047","Africa/Mogadishu","0",""
"MGW","US","모건타운","Morgantown","モーガンタウン","摩根敦","","","Morgantown Municipal Airport Walter L. (Bill) Hart Field","Morgantown市営空港","摩根敦市立機場","39.6433","-79.9176","America/New_York","0",""
"MGZ","MM","메르귀","Myeik","ミェイク","丹老","Mkeik","메르귀 공항","Myeik Airport","ベイ空港","丹老機場","12.4398","98.6215","Asia/Yangon","0",""
"MHD","IR","마슈하드","Mashhad","マシュハド","馬什哈德","","마슈하드 국제공항","Mashhad International Airport","マシュハド国際空港","沙希德·哈希米內賈德國際機場","36.2348","59.6429","Asia/Tehran","0",""
"MHG","DE","만하임","Mannheim","マンハイム","曼海姆","","","Mannheim-City Airport","マンハイム・シティ空港","曼海姆城市機場","49.4731","8.5142","Europe/Berlin","0",""
"MHH","BS","마시하버","Marsh Harbour","マーシュ・ハーバー","馬什港","","","Leonard M. Thompson International Airport","マーシュ・ハーバー空港","馬施港","26.5107","-77.0843","America/Nassau","0",""
"MHK","US","맨해튼","Manhattan","マンハッタン","曼哈頓","","","Manhattan Regional Airport","マンハッタン地域空港","曼哈頓地區機場","39.141","-96.6708","America/Chicago","0",""
"MHQ","FI","마리에함","Mariehamn","マリエハムン","玛丽港","","마리에함 공항","Mariehamn Airport","マリエハムン空港","瑪麗港機場","60.1222","19.8982","Europe/Mariehamn","0",""
"MHT","US","맨체스터","Manchester","マンチェスター","曼徹斯特","","","Manchester-Boston Regional Airport","マンチェスター・ボストン地域空港","曼徹斯特－波士頓地區機場","42.9326","-71.4357","America/New_York","0",""
"MHU","AU","","Mount Hotham","","","","","Mount Hotham Airport","","","-37.0475","147.334","Australia/Melbourne","0",""
"MIA","US","마이애미","Miami","マイアミ","邁阿密","","마이애미 국제공항","Miami International Airport","マイアミ国際空港","邁阿密國際機場","25.796","-80.2898","America/New_York","0",""
"MID","MX","메리다","Mérida","メリダ","梅里達","","","Manuel Crescencio Rejón International Airport","メリダ国際空港","梅里達","20.9305","-89.6455","America/Merida","0",""
"MIG","CN","몐양","Mianyang","綿陽","綿陽","Mianyang (Fucheng)","","Mianyang Nanjiao Airport","綿陽南郊空港","綿陽南郊機場","31.4281","104.741","Asia/Shanghai","0",""
"MII","BR","마릴리아","Marília","マリリア","馬里利亞","","","Frank Miloye Milenkowichi–Marília State Airport","フランク・ミロイェ ミレンコヴィシ空港","","-22.1969","-49.9265","America/Sao_Paulo","0",""
"MIM","AU","","Merimbula","","梅林布拉","","","Merimbula Airport","メリンブラ空港","梅林比拉机场","-36.9086","149.901","Australia/Sydney","0",""
"MIR","TN","모나스티르","Monastir","モナスティル","莫納斯提爾","","모나스티르 하비브 부르기바 국제공항","Monastir Habib Bourguiba International Airport","モナスティル国際空港","莫纳斯提尔哈比卜·布尔吉巴国际机场","35.7581","10.7547","Africa/Tunis","0",""
"MIU","NG","마이두구리","Maiduguri","マイドゥグリ","邁杜古里","","","Maiduguri International Airport","マイドゥグリ国際空港","","11.8542","13.0807","Africa/Lagos","0",""
"MJF","NO","","Mosjøen","モーシェーン","莫舍恩","","","Mosjøen Airport, Kjærstad","","","65.784","13.2149","Europe/Oslo","0",""
"MJI","LY","","Tripoli","","","","","Mitiga International Airport","ミティガ国際空港","的黎波里-米提加","32.8918","13.2879","Africa/Tripoli","0",""
"MJK","AU","","Denham","","","","","Shark Bay Airport","","","-25.8973","113.5758","Australia/Perth","0",""
"MJM","CD","음부지마이","Mbuji-Mayi","ムブジマイ","姆布吉馬伊","","","Mbuji Mayi Airport","ムブジマイ空港","","-6.1212","23.569","Africa/Lubumbashi","0",""
"MJN","MG","마하장가","Mahajanga","マジュンガ","馬哈贊加","","","Amborovy Airport","マハジャンガ","安博洛弗機場","-15.6668","46.3512","Indian/Antananarivo","0",""
"MJT","GR","미틸리니","Mytilene","ミティリーニ","米蒂利尼","","","Mytilene International Airport","ミティリーニ国際空港","米蒂利尼","39.0574","26.5986","Europe/Athens","0",""
"MJZ","RU","미르니","Mirny","ミールヌイ","米爾內","","","Mirny Airport","ミールヌイ空港","米爾內機場","62.5347","114.039","Asia/Yakutsk","0",""
"MKE","US","밀워키","Milwaukee","ミルウォーキー","密爾瓦基","","","General Mitchell International Airport","ジェネラル・ミッチェル国際空港","密爾沃基米切爾國際機場","42.9472","-87.8966","America/Chicago","0",""
"MKG","US","머스키건","Muskegon","マスキーゴン","馬斯基根","","","Muskegon County Airport","","马斯基根县机场","43.1695","-86.2382","America/Detroit","0",""
"MKK","US","","Kaunakakai","カウナカカイ","科納卡凱","","","Molokai Airport","モロカイ空港","","21.1529","-157.096","Pacific/Honolulu","0",""
"MKL","US","잭슨","Jackson","ジャクソン","傑克遜","","","McKellar-Sipes Regional Airport","マッケラー・サイプス地域空港","","35.5999","-88.9156","America/Chicago","0",""
"MKM","MY","","Mukah Division","ムカ省","沐膠省","Mukah","","Mukah Airport","ムカー空港","沐膠機場","2.8819","112.0433","Asia/Kuching","0",""
"MKP","PF","","Makemo","","","","","Makemo Airport","マケモ空港","马凯莫机场","-16.5839","-143.658","Pacific/Tahiti","0",""
"MKQ","ID","메라우케","Merauke","ムラウク","馬老奇","","","Mopah International Airport","モパ空港","莫帕国际机场","-8.5239","140.4197","Asia/Jayapura","0",""
"MKR","AU","","","","","","","Meekatharra Airport","","","-26.6117","118.548","Australia/Perth","0",""
"MKU","GA","","Makokou","","","","마코쿠 공항","Makokou Airport","マコクー空港","","0.5792","12.8909","Africa/Libreville","0",""
"MKW","ID","마녹와리","Manokwari","マノクワリ","曼諾瓦里","","","Rendani Airport","レンダニ空港","任代尼机场","-0.8918","134.049","Asia/Jayapura","0",""
"MKY","AU","매카이","Mackay","マッカイ","麥凱","","","Mackay Airport","マッカイ空港","麥凱機場","-21.1708","149.1826","Australia/Brisbane","0",""
"MKZ","MY","믈라카","Malacca","マラッカ","麻六甲","","믈라카 국제공항","Malacca International Airport","バトゥ・ブレンダム空港","馬六甲國際機場","2.2656","102.2528","Asia/Kuala_Lumpur","0",""
"MLA","MT","발레타","Valletta","バレッタ","法勒他","","몰타 국제공항","Malta International Airport","マルタ国際空港","馬耳他國際機場","35.8459","14.4915","Europe/Malta","0",""
"MLB","US","멜버른","Melbourne","メルボルン","墨爾本","","","Melbourne Orlando International Airport","メルボルン・オーランド国際空港","墨爾本（美國）","28.102","-80.6411","America/New_York","0",""
"MLE","MV","말레","Malé","マレ","馬利","","말레 국제공항","Velana International Airport","マレ国際空港","维拉纳国际机场","4.1918","73.5291","Indian/Maldives","0",""
"MLG","ID","말랑","Malang","マラン","瑪琅","","","Abdul Rachman Saleh Airport","マラン","阿卜杜勒·拉徹曼·薩利赫機場","-7.9291","112.7142","Asia/Jakarta","0",""
"MLI","US","몰린","Moline","モリーン","莫林","","","Quad City International Airport","Quad City国際空港","四城国际机场","41.4485","-90.5075","America/Chicago","0",""
"MLM","MX","모렐리아","Morelia","モレリア","莫雷利亞","","","General Francisco J. Mujica International Airport","フランシスコ・J・ムヒカ国際空港","莫雷利亞","19.8499","-101.025","America/Mexico_City","0",""
"MLN","ES","","Melilla","","","","멜리야 공항","Melilla Airport","メリリャ空港","梅利利亚机场","35.2798","-2.9563","Africa/Ceuta","0",""
"MLU","US","먼로","Monroe","モンロー","門羅","","","Monroe Regional Airport","モンロー地域空港 (ルイジアナ州)","門羅区域机场","32.5109","-92.0377","America/Chicago","0",""
"MLW","LR","몬로비아","Monrovia","モンロビア","蒙羅維亞","","","Spriggs Payne Airport","スプリッグ・ペイン空港","","6.2891","-10.7587","Africa/Monrovia","0",""
"MLX","TR","말라티아","Malatya","マラティヤ","馬拉蒂亞","","","Malatya Erhaç Airport","マラティヤ・エルハチ空港","馬拉蒂亞","38.4353","38.091","Europe/Istanbul","0",""
"MMB","JP","오조라정","Ozora","大空町","大空町","","메만베쓰 공항","Memanbetsu Airport","女満別空港","女滿別機場","43.8806","144.164","Asia/Tokyo","0",""
"MMD","JP","","Minamidaito","","","","미나미다이토 공항","Minamidaito Airport","南大東空港","南大東機場","25.8465","131.263","Asia/Tokyo","0",""
"MME","GB","노스이스트잉글랜드","North East England","ノース・イースト・イングランド","东北英格兰","Darlington, Durham","","Teesside International Airport","ダラム・ティーズ・バレー空港","蒂賽德","54.5092","-1.4294","Europe/London","0",""
"MMG","AU","","","","","","","Mount Magnet Airport","","","-28.1161","117.842","Australia/Perth","0",""
"MMH","US","매머드레이크스","Mammoth Lakes","マンモスレイクス","馬麥斯湖","","","Mammoth Yosemite Airport","マンモス・ヨセミテ空港","馬麥斯湖","37.6254","-118.8431","America/Los_Angeles","0",""
"MMJ","JP","마쓰모토","Matsumoto","松本","松本","","마쓰모토 공항","Shinshu-Matsumoto Airport","松本空港","松本機場","36.1668","137.923","Asia/Tokyo","0",""
"MMK","RU","무르만스크","Murmansk","ムルマンスク","摩爾曼斯克","","","Emperor Nicholas II Murmansk Airport","ムルマンスク空港","摩爾曼斯克機場","68.7817","32.7508","Europe/Moscow","0",""
"MMO","CV","빌라두마이우","Porto Inglês","ヴィーラ・ド・マイオ","馬尤城","Vila do Maio","","Maio Airport","マイオ空港","馬約機場","15.1559","-23.2137","Atlantic/Cape_Verde","0",""
"MMX","SE","말뫼","Malmö","マルメ","馬爾摩","","말뫼 공항","Malmö Sturup Airport","マルメ空港","馬爾默機場","55.5356","13.3763","Europe/Stockholm","0",""
"MMY","JP","미야코지마","Miyakojima","宮古島","宮古島","","미야코 공항","Miyako Airport","宮古空港","宮古機場","24.7828","125.295","Asia/Tokyo","0",""
"MNC","MZ","나칼라","Nacala","ナカラ","納卡拉","","","Nacala International Airport","ナカラ空港","","-14.4882","40.7122","Africa/Maputo","0",""
"MNG","AU","","Maningrida","マニングリダ","马宁格里达","","","Maningrida Airport","マニングリダ空港","馬寧里達","-12.0561","134.234","Australia/Darwin","0",""
"MNI","MS","플리머스","Plymouth","プリマス","普利茅斯","Gerald's Park","존 A. 오스본 공항","John A. Osborne Airport","ジョン・A・オズボーン空港","約翰·奧斯本機場","16.7918","-62.1932","America/Montserrat","0",""
"MNJ","MG","","Mananjary","マナンジャリー","馬南扎里","","","Mananjary Airport","マナンジャリー空港","马南扎里机场","-21.2018","48.3583","Indian/Antananarivo","0",""
"MNX","BR","","Manicoré","マニコレ","馬尼科雷","","","Manicoré Airport","マニコレ空港","","-5.8114","-61.2783","America/Manaus","0",""
"MOB","US","모빌","Mobile","モービル","莫比爾","","","Mobile Regional Airport","モービル地域空港","莫比爾地方機場","30.6912","-88.2428","America/Chicago","0",""
"MOC","BR","몬테스 클라로스","Montes Claros","モンテス・クラロス","蒙蒂斯克拉魯斯","","","Mário Ribeiro Airport","モンテス・クラロス空港","蒙蒂斯克拉魯斯機場","-16.7069","-43.8189","America/Sao_Paulo","0",""
"MOG","MM","","Mong Hsat","モンサット","孟萨","","","Mong Hsat Airport","モンサット空港","猛撒機場","20.5168","99.2568","Asia/Yangon","0",""
"MOL","NO","몰데","Molde Municipality","モルデ","莫爾德","Årø","","Molde Airport, Årø","モルデ空港","奥勒莫尔德机场","62.7447","7.2625","Europe/Oslo","0",""
"MOQ","MG","모론다바","Morondava","モロンダバ","穆龍達瓦","","","Morondava Airport","モロンダバ空港","莫倫達瓦機場","-20.2847","44.3176","Indian/Antananarivo","0",""
"MOT","US","마이놋","Minot","マイノット","邁諾特","","","Minot International Airport","マイノット国際空港","","48.258","-101.2791","America/Chicago","0",""
"MOV","AU","","Moranbah","","莫蘭巴","","","Moranbah Airport","モランバ空港","莫蘭巴機場","-22.0578","148.077","Australia/Brisbane","0",""
"MOZ","PF","","Moorea-Maiao","モーレア・メアオ","莫雷阿-馬伊奧","","","Moorea Temae Airport","モーレア空港","他梅爾機場","-17.4898","-149.7618","Pacific/Tahiti","0",""
"MPA","NA","카티마물릴로","Katima Mulilo","カティマ・ムリロ","卡蒂馬穆利洛","Mpacha","","Katima Mulilo Airport","カティマ・ムリロ空港","","-17.6343","24.1767","Africa/Gaborone","0",""
"MPH","PH","말라이","Caticlan","マライ","卡堤克蘭","","고도프레도 P. 라모스 공항","Godofredo P. Ramos Airport","ゴドフレド・P・ラモス空港","葛多菲多·洛莫斯機場","11.9245","121.954","Asia/Manila","0",""
"MPL","FR","몽펠리에","Montpellier","モンペリエ","蒙皮立","Montpellier/Méditerranée","몽펠리에 메디테라네 공항","Montpellier-Méditerranée Airport","モンペリエ・メディテラネ空港","蒙佩利爾地中海機場","43.5762","3.963","Europe/Paris","0",""
"MPM","MZ","마푸투","Maputo","マプト","馬布多","","마푸투 국제공항","Maputo Airport","マプト国際空港","马普托国际机场","-25.9208","32.5726","Africa/Maputo","0",""
"MPN","FK","","Mount Pleasant","","","","마운트플레전트 공군기지","Mount Pleasant Airport / RAF Mount Pleasant","マウント・プレザント空軍基地","快活嶺皇家空軍基地","-51.8226","-58.4458","Atlantic/Stanley","0",""
"MPY","GF","","Maripasoula","マリパスラ","马里帕苏拉","","","Maripasoula Airport","マリパスラ空港","马里帕苏拉机场","3.6559","-54.0394","America/Cayenne","0",""
"MQF","RU","마그니토고르스크","Magnitogorsk","マグニトゴルスク","馬格尼托哥爾斯克","","","Magnitogorsk International Airport","マグニトゴルスク空港","鋼城國際機場","53.392","58.7552","Asia/Yekaterinburg","0",""
"MQJ","RU","","Khonuu","ホヌウ","","","","Moma Airport","","","66.4509","143.2616","Asia/Srednekolymsk","0",""
"MQL","AU","밀두라","Mildura","ミルデューラ (ビクトリア州)","米爾杜拉","","","Mildura Airport","ミルデューラ空港","米爾杜拉機場","-34.2292","142.086","Australia/Melbourne","0",""
"MQM","TR","마르딘","Mardin","マルディン","馬爾丁","","","Mardin Airport","マルディン空港","馬爾丁機場","37.2233","40.6317","Europe/Istanbul","0",""
"MQN","NO","모이라나","Mo i Rana","モー・イ・ラーナ","摩城","","","Mo i Rana Airport, Røssvoll","モー・イ・ラーナ空港","","66.3639","14.3014","Europe/Oslo","0",""
"MQP","ZA","음봄벨라","Mbombela","ネルスプロイト","尼爾斯普魯特","","","Kruger Mpumalanga International Airport","ネルスプロイト","克魯格姆普馬蘭加國際機場","-25.3833","31.1053","Africa/Johannesburg","0",""
"MQS","VC","","Lovell","","","","","Mustique Airport","マスティク空港","","12.8879","-61.1802","America/Grenada","0",""
"MQT","US","마켓 (미시간 주)","Marquette","マーケット","馬凱特","Gwinn","","Marquette Sawyer Regional Airport","ソーヤー国際空港","","46.3515","-87.3959","America/Detroit","0",""
"MQX","ET","메켈레","Mekele","メックエル","默格萊","","","Mekele Alula Aba Nega Airport","アルラ・アバ・ネガ空港","","13.4674","39.5335","Africa/Addis_Ababa","0",""
"MRE","KE","마사이마라","Masai Mara","マサイマラ国立保護区","馬賽馬拉","Serena","","Mara Serena Lodge Airstrip","マーラ・セレナ空港","","-1.4046","35.0083","Africa/Nairobi","0",""
"MRI","US","앵커리지","Anchorage","アンカレッジ","安克拉治","","메릴 필드","Merrill Field","","","61.2128","-149.844","America/Anchorage","0",""
"MRS","FR","마르세유","Marseille","マルセイユ","馬賽","Marignane, Bouches-du-Rhône","마르세유 프로방스 공항","Marseille Provence Airport","マルセイユ・プロヴァンス空港","馬賽普羅旺斯機場","43.4381","5.2125","Europe/Paris","0",""
"MRU","MU","","Plaine Magnien","プレンヌ・マニェン","马尼安平原","","시우 사구르 람룰람경 국제공항","Sir Seewoosagur Ramgoolam International Airport","サー・シウサガル・ラングーラム国際空港","西沃萨古尔·拉姆古兰爵士国际机场","-20.4302","57.6836","Indian/Mauritius","0",""
"MRV","RU","체르케스크","Cherkessk","チェルケスク","切爾克斯克","Mineralnyye Vody","미네랄니예보디 공항","Mineralnye Vody Airport","ミネラーリヌィエ・ヴォードィ空港","礦水城機場","44.2251","43.0819","Europe/Moscow","0",""
"MRX","IR","","Mahshahr","バンダレ・マフシャフル","馬赫沙赫爾港","","","Mahshahr Airport","マーフシャフル","馬赫夏赫爾機場","30.5562","49.1519","Asia/Tehran","0",""
"MRY","US","몬터레이","Monterey","モントレー","蒙特雷","","","Monterey Regional Airport","モントレー地域空港","蒙特雷","36.5868","-121.8442","America/Los_Angeles","0",""
"MRZ","AU","","Moree","モーリー","莫里","","","Moree Airport","モリー空港","莫里機場","-29.4989","149.845","Australia/Sydney","0",""
"MSJ","JP","미사와","Misawa","三沢","三澤","","미사와 비행장","Misawa Airport / Misawa Air Base","三沢飛行場","三澤飛行場","40.7032","141.368","Asia/Tokyo","0",""
"MSL","US","머슬숄스","Muscle Shoals","マッスルショールズ","马斯尔肖尔斯","","","Northwest Alabama Regional Airport","Northwest Alabama地域空港","阿拉巴馬西北地方機場","34.7451","-87.613","America/Chicago","0",""
"MSN","US","매디슨","Madison","マディソン","麥迪遜","","","Dane County Regional Truax Field","デーン・カウンティ地方空港","戴恩縣區域機場","43.1399","-89.3375","America/Chicago","0",""
"MSO","US","미줄라","Missoula","ミズーラ","米蘇拉","","","Missoula Montana Airport","ミズーラ国際空港","米蘇拉","46.9158","-114.0911","America/Denver","0",""
"MSQ","BY","민스크","Minsk","ミンスク","明斯克","","민스크 국제공항","Minsk National Airport","ミンスク・ナショナル空港","明斯克國際機場","53.8881","28.04","Europe/Minsk","0",""
"MSR","TR","무슈","Muş","ムシュ","木什","","","Muş Airport","ムシュ空港","穆什機場","38.7478","41.6612","Europe/Istanbul","0",""
"MSS","US","","Massena","","馬塞納 (紐約州村)","","","Massena International Airport Richards Field","Massena国際空港","","44.9362","-74.8443","America/New_York","0",""
"MST","NL","마스트리흐트","Maastricht","マーストリヒト","馬斯特里赫特","","마스트리흐트 아헨 공항","Maastricht Aachen Airport","マーストリヒト・アーヘン空港","馬斯特里赫特/亞琛機場","50.9111","5.7694","Europe/Amsterdam","0",""
"MSU","LS","마세루","Maseru","マセル","馬塞盧","Maseru(Mazenod)","","Moshoeshoe I International Airport","モショエショエ1世国際空港","莫舒舒一世國際機場","-29.4563","27.5545","Africa/Maseru","0",""
"MSY","US","뉴올리언스","New Orleans","ニューオーリンズ","紐奧良","","루이 암스트롱 뉴올리언스 국제공항","Louis Armstrong New Orleans International Airport","ルイ・アームストロング・ニューオーリンズ国際空港","紐奧良路易斯阿姆斯特朗國際機場","29.9934","-90.2647","America/Chicago","0",""
"MSZ","AO","모사메드스","Moçâmedes","モザメデス","木薩米迪什","","","Welwitschia Mirabilis International Airport","ナミベ","納米貝機場","-15.2612","12.1468","Africa/Luanda","0",""
"MTJ","US","몬트로즈","Montrose","モントローズ","蒙特羅斯","","","Montrose Regional Airport","Montrose地域空港","蒙特羅斯","38.5098","-107.894","America/Denver","0",""
"MTR","CO","몬테리아","Montería","モンテリア","蒙特里亞","","","Los Garzones Airport","ロス・ガルソネス空港","洛斯·加尔佐内斯机场","8.8237","-75.8258","America/Bogota","0",""
"MTT","MX","코아트사코알코스","Coatzacoalcos","コアツァコアルコス","夸察夸爾科斯","Cosoleacaque","","Minatitlán/Coatzacoalcos International Airport","ミナティトラン・コアツァコアルコス国際空港","","18.1034","-94.5807","America/Mexico_City","0",""
"MUA","SB","","Munda","","","","","Munda Airport","ムンダ空港","蒙達機場","-8.328","157.263","Pacific/Guadalcanal","0",""
"MUB","BW","마운","Maun","マウン","馬翁","","","Maun International Airport","マウン","馬翁","-19.9705","23.4314","Africa/Gaborone","0",""
"MUE","US","","Waimea","ワイメア","懷梅阿","Waimea (Kamuela)","","Waimea Kohala Airport","ワイメア・コハラ空港","","20.0013","-155.668","Pacific/Honolulu","0",""
"MUH","EG","메르사마트루","Marsa Matruh","マルサ・マトルー","馬特魯港","","","Mersa Matruh International Airport","マルサ・マトルーフ空港","馬特魯港國際機場","31.3243","27.2223","Africa/Cairo","0",""
"MUN","VE","마투린","Maturín","マトゥリン","馬圖林","","","José Tadeo Monagas International Airport","ホセ・タデオ・モナガス国際空港","馬圖林","9.749","-63.1533","America/Caracas","0",""
"MUR","MY","","Marudi","マルディ郡","馬魯帝","","","Marudi Airport","マルディ空港","馬魯帝機場","4.1787","114.3303","Asia/Kuching","0",""
"MUX","PK","물탄","Multan","ムルターン","木爾坦","","물탄 국제공항","Multan International Airport","ムルターン国際空港","木尔坦国际机场","30.2032","71.4191","Asia/Karachi","0",""
"MVB","GA","프랑스빌","Franceville","フランスヴィル","弗朗斯維爾","","","M'Vengue El Hadj Omar Bongo Ondimba International Airport","ムブング・エル・ハジ・オマー・ボンゴ・オンディンバ国際空港","弗朗斯維爾機場","-1.6562","13.438","Africa/Libreville","0",""
"MVD","UY","몬테비데오","Montevideo","モンテビデオ","蒙特維多","Ciudad de la Costa","카라사코 국제공항","Carrasco General Cesáreo L. Berisso International Airport","カラスコ国際空港","卡拉斯科国际机场","-34.8356","-56.0265","America/Montevideo","0",""
"MVF","BR","모소로","Mossoró","モソロー","莫索羅","","","Dix-Sept Rosado Airport","モッソロー空港","","-5.2019","-37.3643","America/Fortaleza","0",""
"MVP","CO","미투","Mitú","ミトゥー","米圖","","","Fabio Alberto Leon Bentley Airport","ファビオ・アルベルト・レオン・ベントレイ空港","","1.2537","-70.2339","America/Bogota","0",""
"MVQ","BY","마힐료우","Mahilyow","マヒリョウ","莫吉廖夫","Mogilev","마힐료우 공항","Mogilev Airport","マヒリョウ空港","莫吉廖夫機場","53.9549","30.0951","Europe/Minsk","0",""
"MVR","CM","마루아","Maroua","マルア","馬魯阿","","","Salak Airport","サラック空港","馬魯阿","10.4514","14.2574","Africa/Douala","0",""
"MVT","PF","마타이바 환초","Mataiva","マタイヴァ環礁","馬塔伊瓦環礁","","","Mataiva Airport","マタイヴァ空港","","-14.8681","-148.717","Pacific/Tahiti","0",""
"MWA","US","","Marion","マリオン","馬里昂","","","Veterans Airport of Southern Illinois","","","37.7512","-89.0166","America/Chicago","0",""
"MWL","US","미네랄웰스","Mineral Wells","ミネラル・ウェルズ","礦泉井城","","","Mineral Wells Regional Airport","ミネラル・ウェルズ空港","","32.7816","-98.0602","America/Chicago","0",""
"MWX","KR","전라남도","South Jeolla","全羅南道","全羅南道","Muan (Piseo-ri)","무안국제공항","Muan International Airport","務安国際空港","務安國際機場","34.9914","126.3828","Asia/Seoul","0",""
"MWZ","TZ","므완자","Mwanza","ムワンザ","姆萬紮","","","Mwanza International Airport","ムワンザ空港","姆萬紮機場","-2.4466","32.936","Africa/Dar_es_Salaam","0",""
"MXL","MX","멕시칼리","Mexicali","メヒカリ (バハ・カリフォルニア州)","墨西卡利","","","General Rodolfo Sánchez Taboada International Airport","ヘネラル・ロドルフォ・サンチェス・タボアダ国際空港","墨西卡利國際機場","32.6306","-115.2428","America/Tijuana","0",""
"MXV","MN","므릉","Mörön","ムルン","木倫","","므른 공항","Mörön Airport","ムルン空港","木倫機場","49.6637","100.1","Asia/Ulaanbaatar","0",""
"MXX","SE","모라","Mora","ムーラ市 (スウェーデン)","穆拉","","","Mora Airport","ムーラ・シリヤン空港","莫拉-錫利揚機場","60.9579","14.5114","Europe/Stockholm","0",""
"MYA","AU","","Moruya","","莫魯亞","","","Moruya Airport","モルヤ空港","","-35.8978","150.144","Australia/Sydney","0",""
"MYD","KE","말린디","Malindi","マリンディ","馬林迪","","","Malindi International Airport","マリンディ空港","马林迪机场","-3.2293","40.1017","Africa/Nairobi","0",""
"MYE","JP","미야케섬","Miyakejima","三宅島","三宅島","","","Miyakejima Airport","三宅島空港","三宅島機場","34.0736","139.56","Asia/Tokyo","0",""
"MYG","BS","","Abraham Bay Settlement","","","","","Mayaguana Airport","マヤグアナ空港","","22.3795","-73.0135","America/Grand_Turk","0",""
"MYL","US","매콜","McCall","","麦考尔","","","McCall Municipal Airport","","","44.8888","-116.1011","America/Boise","0",""
"MYP","TM","마리","Mary","マル","馬利","","","Mary International Airport","マル空港","馬雷國際機場","37.6235","61.8957","Asia/Ashgabat","0",""
"MYQ","IN","마이소르","Mysore","マイスール","邁索爾","","","Mysore Airport","マイソール空港","邁索爾機場","12.2298","76.6537","Asia/Kolkata","0",""
"MYR","US","머틀비치","Myrtle Beach","マートルビーチ","默特爾比奇","","","Myrtle Beach International Airport","マートルビーチ国際空港","默特爾比奇國際機場","33.6797","-78.9283","America/New_York","0",""
"MYT","MM","미치나","Myitkyina","ミッチーナー","密支那","","","Myitkyina Airport","ミッチーナー空港","密支那機場","25.3836","97.3519","Asia/Yangon","0",""
"MYU","US","메코류크","Mekoryuk","メコリャック","梅科尤克","","","Mekoryuk Airport","","","60.3723","-166.2698","America/Nome","0",""
"MYW","TZ","므트와라","Mtwara","ムトワラ","姆特瓦拉","","","Mtwara Airport","ムトワラ空港","姆特瓦拉机场","-10.3362","40.182","Africa/Dar_es_Salaam","0",""
"MYY","MY","미리","Miri","ミリ","美里","","미리 공항","Miri Airport","ミリ空港","美里機場","4.322","113.987","Asia/Kuching","0",""
"MZG","TW","펑후현","Penghu County","澎湖県","澎湖縣","Huxi","마궁 공항","Penghu Magong Airport","澎湖空港","澎湖機場","23.5687","119.628","Asia/Taipei","0",""
"MZH","TR","아마시아","Amasya","アマスィヤ","阿馬西亞","","","Amasya Merzifon Airport","アマスィヤ・メルズィフォン空港","阿馬西亞-梅爾濟豐機場","40.8294","35.522","Europe/Istanbul","0",""
"MZI","ML","몹티","Mopti","モプティ","莫普提","Sévaré","","Mopti Airport","モプティ空港","","14.5128","-4.0796","Africa/Bamako","0",""
"MZL","CO","마니살레스","Manizales","マニサレス","馬尼薩萊斯","","","La Nubia Airport","ラ・ヌビア空港","","5.0296","-75.4647","America/Bogota","0",""
"MZO","CU","만사니요","Manzanillo","マンサニヨ","曼薩尼約","","","Sierra Maestra International Airport","シエラ・マエストラ空港","","20.2886","-77.0875","America/Havana","0",""
"MZQ","ZA","","Mkuze","","","","","Mkuze Airport","","","-27.6261","32.0443","Africa/Johannesburg","0",""
"MZR","AF","마자르이샤리프","Mazar-i-Sharif","マザーリ・シャリーフ","馬扎里沙里夫","","마자르이샤리프 국제공항","Mazar-i-Sharif International Airport","マザーリシャリーフ国際空港","馬扎里沙里夫","36.7041","67.2105","Asia/Kabul","0",""
"MZS","IN","","Moradabad","","","","","Moradabad Airport","","","28.8175","78.9219","Asia/Kolkata","0",""
"MZT","MX","마사틀란","Mazatlán","マサトラン","馬薩特蘭","","","General Rafael Buelna International Airport","マサトラン","拉法爾布埃爾納將軍機場","23.1628","-106.2645","America/Mazatlan","0",""
"MZV","MY","구능물루 국립공원","Gunung Mulu National Park","グヌン・ムル国立公園","姆鲁山国家公园","Mulu","","Mulu Airport","ムル空港","姆魯機場","4.0483","114.805","Asia/Kuching","0",""
"MZW","DZ","","Mécheria","メシェリア","麥克里亞","","","Mecheria Airport","メシェリア空港","","33.5359","-0.2424","Africa/Algiers","0",""
"NAA","AU","","Narrabri","ナラブライ","纳拉布赖","","","Narrabri Airport","ナラブリ空港","納拉布賴機場","-30.3192","149.827","Australia/Sydney","0",""
"NAG","IN","나그푸르","Nagpur","ナーグプル","那格浦爾","","","Dr. Babasaheb Ambedkar International Airport","ドクター・バーバーサーヒブ・アンベードカル国際空港","巴巴薩海布·阿姆倍伽爾博士國際機場","21.0922","79.0472","Asia/Kolkata","0",""
"NAH","ID","","Tabukan Utara, Sangihe Islands","","","","","Naha Airport","ナハ空港","纳哈机场","3.6848","125.5272","Asia/Makassar","0",""
"NAJ","AZ","","Nakhchivan","","","","","Nakhchivan International Airport","ナヒチェヴァン空港","納希切萬國際機場","39.1888","45.4584","Asia/Baku","0",""
"NAL","RU","날치크","Nalchik","ナリチク","納利奇克","","","Nalchik Airport","ナリチク空港","納爾奇克機場","43.5129","43.6366","Europe/Moscow","0",""
"NAM","ID","","Namniwel","","","","","Namniwel Airport","","楠勒阿机场","-3.1432","126.9765","Asia/Jayapura","0",""
"NAN","FJ","난디","Nadi","ナンディ","楠迪","","난디","Nadi International Airport","ナンディ","楠迪","-17.7618","177.4378","Pacific/Fiji","0",""
"NAP","IT","나폴리","Naples","ナポリ","拿坡里","Napoli","나폴리 국제공항","Naples International Airport","ナポリ・カポディキーノ国際空港","那不勒斯國際機場","40.886","14.2908","Europe/Rome","0",""
"NAQ","GL","카낙","Qaanaaq","カーナーク","卡納克","","","Qaanaaq Airport","カーナーク空港","卡納克機場","77.4886","-69.3887","America/Thule","0",""
"NAS","BS","나소","Nassau","ナッソー","拿騷","","린든 핀들링 국제공항","Lynden Pindling International Airport","リンデン・ピンドリング国際空港","拿騷 (巴哈馬)","25.039","-77.4662","America/Nassau","0",""
"NAT","BR","나타우","Natal","ナタール","納塔爾","","","Rio Grande do Norte/São Gonçalo do Amarante–Governador Aluízio Alves International Airport","ナタール","大納塔爾國際機場","-5.7698","-35.3666","America/Fortaleza","0",""
"NAV","TR","네브셰히르","Nevşehir","ネヴシェヒル","內夫謝希爾","","네브셰히르 카파도키아 공항","Nevşehir Kapadokya Airport","ネヴシェヒル・カッパドキア空港","卡帕多細亞機場","38.7719","34.5345","Europe/Istanbul","0",""
"NAW","TH","","","","","","나라티왓 공항","Narathiwat Airport","ナラーティワート空港","那拉提瓦機場","6.5199","101.743","Asia/Bangkok","0",""
"NBC","RU","니즈네캄스크","Nizhnekamsk","ニジネカムスク","下卡姆斯克","","","Begishevo Airport","ベギシェヴォ空港","貝吉捨沃機場","55.5647","52.0925","Europe/Moscow","0",""
"NBE","TN","","Enfidha","エンフィダ","恩菲達維爾防線","","","Enfidha - Hammamet International Airport","エンフィダ・ハンマメット国際空港","安菲達-哈馬馬特國際機場","36.0758","10.4386","Africa/Tunis","0",""
"NBJ","AO","루안다","Luanda","ルアンダ","魯安達","Luanda (Ícolo e Bengo)","","Dr. Antonio Agostinho Neto International Airport","アンゴラ国際空港","","-9.0507","13.4991","Africa/Luanda","0",""
"NBO","KE","나이로비","Nairobi","ナイロビ","奈洛比","","조모 케냐타 국제공항","Jomo Kenyatta International Airport","ジョモ・ケニヤッタ国際空港","乔莫·肯雅塔国际机场","-1.3189","36.9282","Africa/Nairobi","0",""
"NBS","CN","백두산","Baekdu Mountain","白頭山","長白山","Baishan","백두산 공항","Changbaishan Airport","長白山空港","長白山機場","42.0669","127.6022","Asia/Shanghai","0",""
"NCA","TC","노스 케이커스","North Caicos","北カイコス島","北凱科斯島","","","North Caicos Airport","ニュー・リバー海兵隊航空基地","新河海軍陸戰隊航空基地","21.9161","-71.943","America/Grand_Turk","0",""
"NCE","FR","니스","Nice","ニース","尼斯","Nice, Alpes-Maritimes","니스 코트다쥐르 공항","Nice-Côte d'Azur Airport","コート・ダジュール空港","尼斯蔚藍海岸機場","43.6584","7.2159","Europe/Paris","0",""
"NCL","GB","타인 위어주","Tyne and Wear","タイン・アンド・ウィア","泰恩-威爾郡","Newcastle upon Tyne, Tyne and Wear","","Newcastle International Airport","","","55.038","-1.6896","Europe/London","0",""
"NCU","UZ","누쿠스","Nukus","ヌクス","努庫斯","","","Nukus International Airport","ヌクス空港","努庫斯機場","42.4884","59.6233","Asia/Samarkand","0",""
"NCY","FR","안시","Annecy","アヌシー","阿訥西","","","Annecy Meythet airport","","阿訥西上薩瓦勃朗峰機場","45.9289","6.0987","Europe/Paris","0",""
"NDB","MR","누아디부","Nouadhibou","ヌアディブ","努瓦迪布","","","Nouadhibou International Airport","ヌアディブ国際空港","努瓦迪布國際機場","20.9324","-17.0302","Africa/Nouakchott","0",""
"NDC","IN","난데드","Nanded","ナーンデード","楠代德","","","Nanded Airport","ナーンデード空港","Aeropuerto Shri Guru Gobind Singh Ji","19.1833","77.3167","Asia/Kolkata","0",""
"NDG","CN","치치하얼","Qiqihar","チチハル","齊齊哈爾","","치치하얼 싼자쯔 공항","Qiqihar Sanjiazi Airport","チチハル三家子空港","齊齊哈爾三家子機場","47.23","123.9142","Asia/Shanghai","0",""
"NDJ","TD","은자메나","N'Djamena","ンジャメナ","恩將納","","","N'Djamena International Airport","ンジャメナ国際空港","恩贾梅纳国际机场","12.1337","15.034","Africa/Ndjamena","0",""
"NDR","MA","나도르","Nador","ナドール","納祖爾","Al Aaroui","","Nador Al Aaroui International Airport","ナドール国際空港","納祖爾","34.9888","-3.0282","Africa/Casablanca","0",""
"NDU","NA","룬두","Rundu","ルンドゥ","龍杜","","","Rundu Airport","ルンドゥ空港","","-17.9565","19.7194","Africa/Luanda","0",""
"NEC","AR","","Necochea","ネコチェア","內科切阿","","","Necochea Airport","ネコチェア空港","內科切阿機場","-38.4907","-58.8163","America/Argentina/Buenos_Aires","0",""
"NER","RU","","Chulman","チュリマン","丘利曼","Neryungri","","Chulman Airport","チュリマン空港","涅留格林","56.9139","124.914","Asia/Yakutsk","0",""
"NEV","KN","","Charlestown","","","","","Vance W. Amory International Airport","バンス・W・アモリー国際空港","尼維斯","17.2057","-62.5899","America/St_Kitts","0",""
"NGE","CM","응가운데레","Ngaoundéré","ヌガウンデレ","恩岡代雷","","","N'Gaoundéré Airport","ヌガウンデレ空港","恩岡代雷","7.357","13.5592","Africa/Douala","0",""
"NGQ","CN","시크안","Shiquanhe","獅泉河","狮泉河镇","","","Ngari Gunsa Airport","ガリ空港","阿里昆莎机场","32.0979","80.054","Asia/Shanghai","0",""
"NHV","PF","","Taiohae","タイオハエ","泰奧哈埃","Nuku Hiva","","Nuku Hiva Airport","ヌク・ヒバ空港","","-8.7956","-140.229","Pacific/Marquesas","0",""
"NIM","NE","니아메","Niamey","ニアメ","尼阿美","","디오리 하마니 국제공항","Diori Hamani International Airport","ディオリ・アマニ国際空港","迪奥里·哈马尼国际机场","13.4815","2.1836","Africa/Niamey","0",""
"NJC","RU","니즈네바르톱스크","Nizhnevartovsk","ニジネヴァルトフスク","下瓦爾托夫斯克","","","Nizhnevartovsk Airport","ニジネヴァルトフスク空港","下瓦爾托夫斯克機場","60.9493","76.4836","Asia/Yekaterinburg","0",""
"NJF","IQ","나자프","Najaf","ナジャフ","納傑夫","","알 나자프 국제공항","Al Najaf International Airport","アル・ナジャフ空港","納賈夫","31.9911","44.405","Asia/Baghdad","0",""
"NKC","MR","누악쇼트","Nouakchott","ヌアクショット","諾克少","","","Nouakchott–Oumtounsy International Airport","ヌアクショット・オムタウンシー国際空港","諾克少","18.31","-15.9697","Africa/Nouakchott","0",""
"NKM","JP","나고야","Nagoya","名古屋","名古屋","","나고야 비행장","Nagoya Airport / JASDF Komaki Air Base","名古屋飛行場","名古屋飛行場","35.2558","136.9241","Asia/Tokyo","0",""
"NKT","TR","시르나크주","Şırnak Province","シュルナク県","舍爾納克省","Şırnak","","Şırnak Şerafettin Elçi Airport","シュルナク空港","捨爾納克機場","37.3647","42.0582","Europe/Istanbul","0",""
"NLA","ZM","은돌라","Ndola","ンドラ","恩多拉","","","Simon Mwansa Kapwepwe International Airport","ンドラ","恩多拉机场","-12.9651","28.5156","Africa/Lusaka","0",""
"NLD","MX","누에보라레도","Nuevo Laredo","ヌエボ・ラレド","新拉雷多","","","Quetzalcóatl International Airport","ケツァルコアトル国際空港","","27.4439","-99.5705","America/Matamoros","0",""
"NLH","CN","닝랑 이족 자치현","Ninglang Yi Autonomous County","寧ロウイ族自治県","寧蒗彝族自治縣","Ninglang","닝랑루구호공항","Ninglang Luguhu Airport","寧蒗瀘沽湖空港","宁蒗泸沽湖机场","27.5403","100.7593","Asia/Shanghai","0",""
"NLI","RU","니콜라옙스크나아무레","Nikolayevsk-on-Amur","ニコラエフスク・ナ・アムーレ","廟街","Nikolayevsk-na-Amure Airport","","Nikolayevsk-na-Amure Airport","ニコラエフスク・ナ・アムーレ空港","阿穆尔河畔尼古拉耶夫斯克机场","53.155","140.65","Asia/Sakhalin","0",""
"NLK","NF","킹스턴","Kingston","キングストン","金斯敦","Burnt Pine","노퍽섬 공항","Norfolk Island International Airport","ノーフォーク島空港","諾福克島機場","-29.0418","167.9395","Pacific/Norfolk","0",""
"NLT","CN","신위안현","Künes County","キュネス県","新源县","Xinyuan","","Xinyuan Nalati Airport","那拉提機場","新源那拉提機場","43.4318","83.3786","Asia/Urumqi","0",""
"NLU","MX","숨팡고","Zumpango Municipality","スンパンゴ","孫潘戈","Mexico City","펠리페 앙헬레스 국제공항","Felipe Ángeles International Airport","フェリペ・アンヘレス国際空港","墨西哥城圣塔卢西亚机场","19.7438","-99.0151","America/Mexico_City","0",""
"NMA","UZ","","Namangan","","","","","Namangan International Airport","ナマンガン空港","納曼干機場","40.9846","71.5578","Asia/Tashkent","0",""
"NMF","MV","","Maafaru","","","Noonu Atoll","","Maafaru International Airport","","馬法盧國際機場","5.8174","73.4684","Indian/Maldives","0",""
"NMI","IN","나비뭄바이","Navi Mumbai","ナビムンバイ","新孟買","","","Navi Mumbai International Airport","ナビムンバイ国際空港","新孟買國際機場","18.9846","73.0653","Asia/Kolkata","0",""
"NNG","CN","난닝","Nanning","南寧","南寧","Nanning (Jiangnan)","난닝 우수 국제공항","Nanning Wuxu International Airport","南寧呉圩国際空港","南寧吳圩國際機場","22.5981","108.1819","Asia/Shanghai","0",""
"NNM","RU","나리얀마르","Naryan-Mar","ナリヤン・マル","纳里扬马尔","","","Naryan Mar Airport","ナリヤン・マル空港","納里揚馬爾機場","67.64","53.1219","Europe/Moscow","0",""
"NNT","TH","므앙난군","Mueang Nan","ムアンナーン郡","難府府治縣","","난 나콘 공항","Nan Airport","ナーンナコーン空港","楠府機場","18.8079","100.783","Asia/Bangkok","0",""
"NOB","CR","","Nosara","ノサラ","諾薩拉區","Nicoya","","Nosara Airport","ノサラ空港","","9.9765","-85.653","America/Costa_Rica","0",""
"NOC","IE","시계","clock","時計","時鐘","Charlestown","","Ireland West Airport Knock","アイルランド・ウェスト空港","西愛爾蘭機場","53.9104","-8.817","Europe/Dublin","0",""
"NOJ","RU","노야브리스크","Noyabrsk","ノヤブリスク","諾亞布里斯克","","","Noyabrsk Airport","ノヤブリスク空港","諾亞布林斯克機場","63.1833","75.27","Asia/Yekaterinburg","0",""
"NOP","TR","시노프","Sinop","スィノプ","錫諾普","","","Sinop Airport","スィノプ空港","錫諾普機場","42.0183","35.0718","Europe/Istanbul","0",""
"NOS","MG","","Nosy Be","","","","","Nosy Be International Airport","ファセヌ空港","法先機場","-13.3121","48.3148","Indian/Antananarivo","0",""
"NOU","NC","누메아","Nouméa","ヌメア","努美阿","Nouméa (La Tontouta)","","La Tontouta International Airport","第186ヌメア空軍基地","","-22.0146","166.213","Pacific/Noumea","0",""
"NOV","AO","우암부","Huambo","ウアンボ","萬博","","","Albano Machado Airport","ノバ・リスボア空港","新里斯本機場","-12.8089","15.7605","Africa/Luanda","0",""
"NOZ","RU","노보쿠즈네츠크","Novokuznetsk","ノヴォクズネツク","新庫茲涅茨克","","","Spichenkovo Airport","スピチェンコヴォ空港","新庫茲涅茨克","53.8114","86.8772","Asia/Novokuznetsk","0",""
"NPE","NZ","네이피어","Napier","ネーピア","內皮爾","","","Hawke's Bay Airport","ホークス・ベイ空港","","-39.4658","176.87","Pacific/Auckland","0",""
"NPL","NZ","뉴플리머스","New Plymouth","ニュー・プリマス","新普利茅斯","","","New Plymouth Airport","ニュープリマス空港","","-39.0086","174.179","Pacific/Auckland","0",""
"NPO","ID","","Nanga Pinoh-Borneo Island","","","","","Nanga Pinoh Airport","","","-0.3486","111.7462","Asia/Pontianak","0",""
"NPT","US","뉴포트","Newport","ニューポート","纽波特","","","Newport State Airport","ニューポート州空港 (ロードアイランド州)","","41.5322","-71.281","America/New_York","0",""
"NQN","AR","네우켄","Neuquén","ネウケン","內烏肯","","","Presidente Perón International Airport","プレシデンテ・ペロン国際空港","貝隆總統機場","-38.949","-68.1557","America/Argentina/Salta","0",""
"NQY","GB","뉴키","Newquay","ニューキー","紐基","","","Cornwall Airport Newquay","ニューキー空港","紐基-哥和老機場","50.4406","-4.9954","Europe/London","0",""
"NRA","AU","","Narrandera","ナランデラ","納蘭德拉","","","Narrandera Airport","ナランデラ空港","","-34.7022","146.512","Australia/Sydney","0",""
"NRK","SE","노르셰핑","Norrköping","ノーショーピング","北雪平","","","Norrköping Airport","ノーショーピング空港","北雪平國際機場","58.5863","16.2506","Europe/Stockholm","0",""
"NRN","DE","클레베군","Kleve","クレーヴェ郡","克莱沃县","Weeze","베체공항","Weeze (Niederrhein) Airport","ヴェーツェ空港","韋策機場","51.6014","6.1412","Europe/Berlin","0",""
"NRR","PR","","Ceiba","セイバ","塞瓦","","","José Aponte de la Torre Airport","ホセ・アポンテ・デ・ラ・トーレ空港","","18.2473","-65.6398","America/Puerto_Rico","0",""
"NSH","IR","","Nowshahr","","瑙沙赫爾","","","Nowshahr Airport","ノウシャルフ","諾沙爾機場","36.6643","51.4627","Asia/Tehran","0",""
"NSI","CM","야운데","Yaoundé","ヤウンデ","雅溫德","","","Yaoundé Nsimalen International Airport","ヤウンデ・ンシマレン国際空港","雅溫得-恩西馬蘭國際機場","3.7226","11.5533","Africa/Douala","0",""
"NSK","RU","노릴스크","Norilsk","ノリリスク","諾里爾斯克","","","Alykel International Airport","ノリリスク空港","諾里爾斯克機場","69.308","87.3259","Asia/Krasnoyarsk","0",""
"NSN","NZ","넬슨","Nelson","ネルソン","尼爾森","","","Nelson Airport","ネルソン空港","尼爾森機場 (紐西蘭)","-41.2967","173.2243","Pacific/Auckland","0",""
"NST","TH","나콘시탐마랏","Nakhon Si Thammarat","ナコーンシータンマラート","那空是貪瑪叻","","나콘시탐마랏 공항","Nakhon Si Thammarat Airport","ナコーンシータンマラート空港","洛坤機場","8.5396","99.9447","Asia/Bangkok","0",""
"NTE","FR","낭트","Nantes","ナント","南特","","낭트 아틀랑티크 공항","Nantes Atlantique Airport","ナント・アトランティック空港","南特大西洋機場","47.1532","-1.6107","Europe/Paris","0",""
"NTG","CN","난퉁","Nantong","南通","南通","Nantong (Tongzhou)","난퉁 싱동 공항","Nantong Xingdong International Airport","南通興東空港","南通興東國際機場","32.0736","120.9801","Asia/Shanghai","0",""
"NTL","AU","뉴캐슬","Newcastle","ニューカッスル","紐卡索","Williamtown","뉴캐슬 공항","Newcastle Airport","ニューカッスル空港 (ニューサウスウェールズ州)","紐卡索機場","-32.7961","151.835","Australia/Sydney","0",""
"NTN","AU","","Normanton","","","","","Normanton Airport","ノーマントン空港","","-17.6841","141.0697","Australia/Brisbane","0",""
"NTQ","JP","와지마","Wajima","輪島","輪島","","노토 공항","Noto Satoyama Airport","能登空港","能登機場","37.2931","136.962","Asia/Tokyo","0",""
"NTX","ID","","Ranai-Natuna Besar Island","","","","","Ranai Airport","","拉奈机场","3.9087","108.388","Asia/Jakarta","0",""
"NUE","DE","뉘른베르크","Nuremberg","ニュルンベルク","紐倫堡","","뉘른베르크 공항","Nuremberg Airport","ニュルンベルク空港","纽伦堡机场","49.4987","11.0781","Europe/Berlin","0",""
"NUI","US","","Nuiqsut","ナイーキュース","諾伊克索特","","","Nuiqsut Airport","ナイーキュース空港","","70.21","-151.006","America/Anchorage","0",""
"NUM","SA","","Sharma","","","","","Neom Bay Airport","ネオム空港","尼奧機場","27.9243","35.2936","Asia/Riyadh","0",""
"NUX","RU","노비우렌고이","Novy Urengoy","ノヴィ・ウレンゴイ","新乌连戈伊","","","Novy Urengoy Airport","ノーヴィ・ウレンゴイ空港","新烏連戈伊機場","66.0694","76.5203","Asia/Yekaterinburg","0",""
"NVA","CO","네이바","Neiva","ネイバ","內瓦","","","Benito Salas Airport","ベニート・サラス空港","","2.9501","-75.294","America/Bogota","0",""
"NVI","UZ","나보이","Navoiy","ナヴァーイー","纳沃伊","Navoi","나보이 국제공항","Navoi International Airport","ナボイ空港","納沃伊國際機場","40.1176","65.1727","Asia/Samarkand","0",""
"NVT","BR","","Navegantes","ナヴェガンテス","纳韦甘蒂斯","","","Ministro Victor Konder International Airport","ナヴェガンテス","納韋甘蒂斯","-26.8794","-48.651","America/Sao_Paulo","0",""
"NWI","GB","노리치","Norwich","ノリッジ","諾威治","Norwich, Norfolk","노리치 공항","Norwich Airport","ノリッジ空港","諾維奇機場","52.6758","1.2828","Europe/London","0",""
"NYA","RU","냐간","Nyagan","ニャガン","尼亞甘","","","Nyagan Airport","ソヴェツキー空港","","62.11","65.615","Asia/Yekaterinburg","0",""
"NYI","GH","수니아니","Sunyani","スンヤニ","蘇尼亞尼","","","Sunyani Airport","スンヤニ空港","蘇尼亞尼","7.3618","-2.3288","Africa/Accra","0",""
"NYK","KE","","Gathiuru","","","","","Nanyuki Civil Airport","ナニュキ空港","","-0.0624","37.0413","Africa/Nairobi","0",""
"NYM","RU","나딤","Nadym","ナディム","納德姆","","","Nadym Airport","ナディム空港","納德姆機場","65.4809","72.6989","Asia/Yekaterinburg","0",""
"NYO","SE","스톡홀름","Stockholm","ストックホルム","斯德哥爾摩","Nyköping","스톡홀름 스카브스타 공항","Stockholm Skavsta Airport","ストックホルム・スカブスタ空港","斯德哥爾摩斯卡夫斯塔機場","58.7897","16.9115","Europe/Stockholm","0",""
"NYT","MM","네피도","Naypyidaw","ネピドー","奈比多","Naypyitaw","네피도 국제공항","Nay Pyi Taw International Airport","ネピドー国際空港","奈比多國際機場","19.6235","96.201","Asia/Yangon","0",""
"NZC","PE","나스카","Nazca","ナスカ","納斯卡","","","Maria Reiche Neuman Airport","マリア・レイチェ・ネウマン空港","","-14.854","-74.9615","America/Lima","0",""
"NZH","CN","","Manzhouli","","","","","Manzhouli Xijiao Airport","満洲里西郊空港","滿洲里西郊機場","49.5667","117.33","Asia/Shanghai","0",""
"NZL","CN","자란툰","Zalantun","ジャラントン","扎兰屯","Zhalantun","","Zhalantun Genghis Khan Airport","ジャラントンチンギスカン空港","扎兰屯成吉思汗机场","47.8659","122.7687","Asia/Shanghai","0",""
"OAJ","US","잭슨빌","Jacksonville","ジャクソンビル","傑克遜維爾","Richlands","","Albert J Ellis Airport","","","34.8292","-77.6121","America/New_York","0",""
"OAK","US","샌프란시스코 베이 에어리어","San Francisco Bay Area","サンフランシスコ・ベイエリア","舊金山灣區","Oakland","오클랜드 국제공항","Oakland San Francisco Bay Airport","オークランド・サンフランシスコ・ベイ空港","舊金山灣奧克蘭國際機場","37.7201","-122.2212","America/Los_Angeles","0",""
"OAX","MX","오아하카","Oaxaca de Juárez","オアハカ","瓦哈卡","Oaxaca","","Xoxocotlán International Airport","ソソコトラン国際空港","索索科特蘭國際機場","16.9988","-96.7261","America/Mexico_City","0",""
"OBO","JP","오비히로","Obihiro","帯広","帶廣","","오비히로 공항","Tokachi-Obihiro Airport","帯広空港","帶廣機場","42.7333","143.217","Asia/Tokyo","0",""
"OCC","EC","푸에르토프란시스코데오레야나","Coca","プエルト・フランシスコ・デ・オレジャーナ","奧雷亞納省弗朗西斯科港","","","Francisco De Orellana Airport","コカ","科卡機場","-0.4629","-76.9868","America/Guayaquil","0",""
"OCE","US","오션시티","Ocean City","オーシャンシティ","大洋城","","","Ocean City Municipal Airport","オーシャンシティ市営空港 (メリーランド州)","","38.3104","-75.124","America/New_York","0",""
"OCJ","JM","","Ocho Rios","オーチョ・リオス","歐丘里歐","Boscobel","","Ian Fleming International Airport","イアン・フレミング国際空港","","18.4041","-76.9698","America/Jamaica","0",""
"OCS","GQ","코리스코섬","Corisco","コリスコ島","科里斯科岛","Corisco Island","","Corisco International Airport","","科里斯科國際機場","0.9109","9.3303","Africa/Libreville","0",""
"ODB","ES","","Córdoba","","","","","Córdoba Airport","コルドバ空港","","37.842","-4.8489","Europe/Madrid","0",""
"ODE","DK","오덴세","Odense","オーデンセ","歐登塞","","","Odense Hans Christian Andersen Airport","ハンス・クリスチャン・アンデルセン空港","奧登斯","55.4753","10.3272","Europe/Copenhagen","0",""
"OEC","TL","","Oecussi-Ambeno","","","","","Oecusse Route of the Sandalwood International Airport","オエクシ空港","","-9.1984","124.3379","Asia/Makassar","0",""
"OER","SE","외른셸스비크","Örnsköldsvik","エルンシェルツビク","恩舍爾茲維克","","","Örnsköldsvik Airport","エルンシェルツビク","恩舍爾茲維克機場","63.4083","18.99","Europe/Stockholm","0",""
"OGD","US","","Ogden–Clearfield metropolitan area","","","Ogden","","Ogden Hinckley Airport","","","41.1959","-112.012","America/Denver","0",""
"OGG","US","카훌루이","Kahului","カフルイ","卡胡盧伊","","","Kahului International Airport","カフルイ空港","卡胡盧伊機場","20.8963","-156.4318","Pacific/Honolulu","0",""
"OGL","GY","조지타운","Georgetown","ジョージタウン","喬治城","Ogle","","Eugene F. Correia International Airport","オーグル空港","德梅拉拉-馬海卡","6.8059","-58.1077","America/Guyana","0",""
"OGN","JP","요나구니정","Yonaguni","与那国町","與那國町","","요나구니 공항","Yonaguni Airport","与那国空港","與那國機場","24.4673","122.9798","Asia/Tokyo","0",""
"OGS","US","","Ogdensburg","オグデンスベルグ","奧格登斯堡","","","Ogdensburg International Airport","Ogdensburg国際空港","奥格登斯堡国际机场","44.6819","-75.4655","America/New_York","0",""
"OGU","TR","오르두","Ordu","オルドゥ","奧爾杜","","","Ordu–Giresun Airport","オルドゥ・ギレスン空港","奧爾杜-吉雷鬆","40.9669","38.086","Europe/Istanbul","0",""
"OGX","DZ","와르글라","Ouargla","ワルグラ","瓦爾格拉","","","Ain Beida Airport","アイン・エル・ベイダ空港","","31.9172","5.4128","Africa/Algiers","0",""
"OGZ","RU","블라디캅카스","Vladikavkaz","ウラジカフカス","弗拉季高加索","Beslan","","Vladikavkaz Beslan International Airport","ベスラン空港","弗拉季高加索国际机场","43.2051","44.6066","Europe/Moscow","0",""
"OHD","MK","오흐리드","Ohrid","オフリド","奧赫里德","","오흐리드 사도 성 바울로 공항","Ohrid St. Paul the Apostle Airport","オフリド空港","奧赫里德聖使徒保羅機場","41.18","20.7423","Europe/Skopje","0",""
"OHE","CN","모허","Mohe City","漠河","漠河","Mohe","","Mohe Gulian Airport","漠河空港","漠河機場","52.9169","122.4228","Asia/Shanghai","0",""
"OHO","RU","오호츠크","Okhotsk","オホーツク","鄂霍次克","","","Okhotsk Airport","オホーツク空港","鄂霍次克","59.4101","143.0565","Asia/Vladivostok","0",""
"OHS","OM","소하르","Sohar","ソハール","蘇哈爾","Suhar","","Suhar International Airport","ソハール","蘇哈爾","24.386","56.6254","Asia/Muscat","0",""
"OIM","JP","오시마 지청","Ōshima Subprefecture","大島支庁","大島支廳","Izu Oshima","오시마 공항","Oshima Airport","大島空港","大島機場","34.782","139.36","Asia/Tokyo","0",""
"OIR","JP","","Okushiri Island","","","","오쿠시리 공항","Okushiri Airport","奥尻空港","奧尻機場","42.0717","139.433","Asia/Tokyo","0",""
"OKC","US","오클라호마시티","Oklahoma City","オクラホマシティ","奧克拉荷馬","","윌 로저스 월드 공항","OKC Will Rogers World Airport","ウィル・ロジャース・ワールド空港","威尔·罗杰斯世界机场","35.3934","-97.5982","America/Chicago","0",""
"OKD","JP","삿포로","Sapporo","札幌","札幌","","삿포로 비행장","Sapporo Okadama Airport","札幌飛行場","札幌飛行場","43.1174","141.3813","Asia/Tokyo","0",""
"OKE","JP","","Wadomari","","","","","Okinoerabu Airport","沖永良部空港","沖永良部機場","27.4316","128.7056","Asia/Tokyo","0",""
"OKI","JP","오키노시마정","Okinoshima","隠岐の島町","隱岐之島町","","오키 공항","Oki Global Geopark Airport","隠岐空港","隱岐機場","36.1784","133.3236","Asia/Tokyo","0",""
"OKL","ID","","Oksibil","","","","","Oksibil Airport","オクシビル空港","奥克西比尔机场","-4.9071","140.6277","Pacific/Port_Moresby","0",""
"OKY","AU","","","","","","","Oakey Army Aviation Centre","","","-27.4093","151.7367","Australia/Brisbane","0",""
"OLA","NO","","Ørland Municipality","オーランド","歐蘭","Ørland","","Ørland Airport","オーランド空港","奥兰机场","63.6989","9.604","Europe/Oslo","0",""
"OLB","IT","올비아","Olbia","オルビア","奧爾比亞","Olbia (SS)","","Olbia Costa Smeralda Airport","オルビア","奧爾比亞","40.899","9.5185","Europe/Rome","0",""
"OLF","US","","Wolf Point","ウルフポイント","沃尔夫波因特","","","L M Clayton Airport","","","48.0945","-105.575","America/Denver","0",""
"OLM","US","올림피아","Olympia","オリンピア","奧林匹亞","","","Olympia Regional Airport","オリンピア空港","奥林匹亚区域机场","46.9694","-122.903","America/Los_Angeles","0",""
"OLZ","RU","올료크민스크","Olyokminsk","オリョークミンスク","奥廖克明斯克","","","Olyokminsk Airport","オリョークミンスク空港","","60.4018","120.4761","Asia/Yakutsk","0",""
"OMA","US","오마하","Omaha","オマハ","奧馬哈","","","Eppley Airfield","エプリー・エアフィールド","奧哈瑪","41.3032","-95.8941","America/Chicago","0",""
"OMD","NA","","Oranjemund","オラニエムント","奥兰治蒙德","","","Oranjemund Airport","オラニエムント空港","","-28.5853","16.4464","Africa/Windhoek","0",""
"OME","US","놈","Nome","ノーム","諾姆","","","Nome Airport","ノーム空港","诺姆机场","64.5122","-165.445","America/Nome","0",""
"OMH","IR","오루미예","Urmia","オルーミーイェ","烏爾米耶","","","Urmia Airport","オルーミーイェ空港","烏爾米耶機場","37.6681","45.0687","Asia/Tehran","0",""
"OMN","UZ","","Zomin","","","","","Zomin Airport","","","40.014","68.411","Asia/Tashkent","0",""
"OMO","BA","모스타르","Mostar","モスタル","莫斯塔爾","","","Mostar International Airport","モスタル国際空港","莫斯塔爾","43.2825","17.8461","Europe/Sarajevo","0",""
"OMR","RO","오라데아","Oradea","オラデア","奧拉迪亞","","","Oradea International Airport","オラデア国際空港","奧拉迪亞國際機場","47.0253","21.9025","Europe/Bucharest","0",""
"OMS","RU","","Omsk","","","","","Omsk Central Airport","オムスク中央空港","鄂木斯克機場","54.9631","73.3124","Asia/Omsk","0",""
"OND","NA","","Ondangwa","オンダングワ","翁丹瓜","","","Ondangwa Airport","オンダングワ空港","","-17.8782","15.9526","Africa/Windhoek","0",""
"ONJ","JP","기타아키타","Kitaakita","北秋田","北秋田","","오다테 노시로 공항","Odate Noshiro Airport","大館能代空港","大館能代機場","40.1919","140.371","Asia/Tokyo","0",""
"ONQ","TR","카라데니즈에렐리","Karadeniz Ereğli","カラデニズ・エレーリ","卡拉代尼茲埃雷利","Zonguldak","","Zonguldak Çaycuma Airport","","","41.5064","32.0886","Europe/Istanbul","0",""
"ONT","US","온타리오","Ontario","オンタリオ","安大略","","온타리오 국제공항","Ontario International Airport","オンタリオ国際空港","安大略国际机场","34.056","-117.601","America/Los_Angeles","0",""
"ONX","PA","","Colón","","","","","Enrique Adolfo Jimenez Airport","エンリケ・アドルフォ・ヒメネス空港","科隆機場","9.3566","-79.8674","America/Panama","0",""
"OOL","AU","골드코스트","Gold Coast","ゴールドコースト","黃金海岸","","골드코스트 공항","Gold Coast Airport","ゴールドコースト空港","黃金海岸機場","-28.166","153.5066","Australia/Brisbane","0",""
"OOM","AU","","Cooma","","","","","Cooma Snowy Mountains Airport","クーマ・スノーウィー・マウンテンズ空港","","-36.3004","148.9724","Australia/Sydney","0",""
"OPF","US","마이애미","Miami","マイアミ","邁阿密","","","Miami-Opa Locka Executive Airport","オパ＝ロッカ空港","邁阿密-奧帕克洛克行政機場","25.907","-80.2784","America/New_York","0",""
"OPO","PT","포르투","Porto","ポルト","波多","","프란시스쿠 드 사 카르네이루 공항","Francisco de Sá Carneiro Airport","フランシスコ・サ・カルネイロ空港","费尔南多·萨·卡内罗机场","41.2481","-8.6814","Europe/Lisbon","0",""
"OPU","PG","","Balimo","","","","","Balimo Airport","バリモ空港","","-8.05","142.933","Pacific/Port_Moresby","0",""
"ORB","SE","외레브로","Örebro","エレブルー","厄勒布魯","","","Örebro Airport","エレブルー空港","厄勒布魯機場","59.2237","15.038","Europe/Stockholm","0",""
"ORF","US","노퍽","Norfolk","ノーフォーク","諾福克","","","Norfolk International Airport","ノーフォーク国際空港","諾福克國際機場","36.8953","-76.201","America/New_York","0",""
"ORH","US","","Worcester","","","","","Worcester Regional Airport","Worcester地域空港","伍斯特機場","42.2673","-71.8757","America/New_York","0",""
"ORK","IE","코크","Cork","コーク","科克","","코크 공항","Cork International Airport","コーク空港","科克國際機場","51.8413","-8.4911","Europe/Dublin","0",""
"ORN","DZ","오랑","Oran","オラン","瓦赫蘭","Es-Sénia","","Oran Es-Sénia (Ahmed Ben Bella) International Airport","オラン・エス・セニア空港","奥兰艾哈迈德·本·贝拉机场","35.6206","-0.6225","Africa/Algiers","0",""
"ORT","US","","Northway","","諾斯韋","","","Northway Airport","","","62.9613","-141.929","America/Anchorage","0",""
"ORU","BO","오루로","Oruro","オルロ","奥鲁罗","","","Juan Mendoza International Airport","ホアン・メンドーザ空港","胡安·門多薩機場","-17.9562","-67.0758","America/La_Paz","0",""
"ORY","FR","파리","Paris","パリ","巴黎","Paris (Orly, Val-de-Marne)","파리 오를리 공항","Paris-Orly Airport","パリ＝オルリー空港","巴黎－奧利機場","48.7295","2.359","Europe/Paris","0",""
"OSD","SE","외스테르순드","Östersund","エステルスンド","厄斯特松德","","","Åre Östersund Airport","オーレ・エステルスン空港","奧勒-厄斯特鬆德機場","63.1935","14.5042","Europe/Stockholm","0",""
"OSI","HR","오시예크","Osijek","オシエク","奧西耶克","Osijek(Klisa)","","Osijek Airport","オシエク空港","奧西耶克機場","45.4624","18.8113","Europe/Zagreb","0",""
"OSL","NO","외스틀란데트","Eastern Norway","エストラン","東挪威","Oslo (Gardermoen)","오슬로 가르데르모엔 공항","Oslo-Gardermoen International Airport","オスロ空港","奧斯陸加勒穆恩機場","60.1939","11.1004","Europe/Oslo","0",""
"OSR","CZ","오스트라바","Ostrava","オストラヴァ","奧斯特拉瓦","Mošnov","레오시 야나체크 오스트라바 공항","Leoš Janáček Airport Ostrava","オストラヴァ・レオシュ・ヤナーチェク空港","俄斯特拉發","49.6963","18.1111","Europe/Prague","0",""
"OSS","KG","오시","Osh","オシ","奧什","","","Osh International Airport","オシ空港","奧什機場","40.609","72.7933","Asia/Bishkek","0",""
"OST","BE","브뤼허","Bruges","ブルッヘ","布魯日","Oostende","","Ostend-Bruges International Airport","オーステンデ/ブリュージュ","奧斯坦德-布呂赫機場","51.1998","2.8747","Europe/Brussels","0",""
"OSW","RU","오르스크","Orsk","オルスク","奧爾斯克","","","Orsk Airport","オルスク空港","奥尔斯克机场","51.0725","58.5956","Asia/Yekaterinburg","0",""
"OTH","US","","North Bend","","","","","Southwest Oregon Regional Airport","North Bend市営空港","北本德","43.4171","-124.246","America/Los_Angeles","0",""
"OTP","RO","부쿠레슈티","Bucharest","ブカレスト","布加勒斯特","Otopeni","헨리 코안더 국제공항","Bucharest Henri Coandă International Airport","アンリ・コアンダ国際空港","布加勒斯特奥托佩尼－亨利·科安德国际机场","44.5718","26.1033","Europe/Bucharest","0",""
"OTZ","US","코체부","Kotzebue","コッツビュー","科策布","","","Ralph Wien Memorial Airport","コッツェブエ","拉尔夫·温纪念机场","66.8847","-162.599","America/Nome","0",""
"OUA","BF","와가두구","Ouagadougou","ワガドゥグー","瓦加杜古","","토마 상카라 와가두구 국제공항","Ouagadougou Thomas Sankara International Airport","ワガドゥグー空港","瓦加杜古國際機場","12.3532","-1.5124","Africa/Ouagadougou","0",""
"OUD","MA","우지다","Oujda","ウジダ","烏季達","Ahl Angad","","Oujda Angads Airport","ウジダ・アンガデス空港","烏季達","34.7896","-1.926","Africa/Casablanca","0",""
"OUL","FI","오울루","Oulu","オウル","奧盧","Oulu / Oulunsalo","오울루 공항","Oulu Airport","オウル空港","奧盧機場","64.9301","25.3546","Europe/Helsinki","0",""
"OUZ","MR","주에라트","Zouérat","ズエラット","祖埃拉特","Zouérate","","Tazadit Airport","タザディット空港","祖埃拉特","22.7573","-12.4822","Africa/Nouakchott","0",""
"OVB","RU","","Novosibirsk","","","","톨마초보 국제공항","Novosibirsk Tolmachevo Airport","トルマチョーヴォ空港","托爾馬切沃機場","55.0198","82.6187","Asia/Novosibirsk","0",""
"OVD","ES","오비에도","Oviedo","オビエド","奧維埃多","Ranón","아스투리아스 공항","Asturias Airport","アストゥリアス空港","奧維耶多","43.5636","-6.0346","Europe/Madrid","0",""
"OVS","RU","소베츠키","Sovetsky","ソヴィエツキー","蘇維埃茨基","Sovetskiy","","Sovetskiy Airport","ソヴェツキー空港","","61.3266","63.6019","Asia/Yekaterinburg","0",""
"OWB","US","오웬즈버러","Owensboro","オーエンズボロ","歐文斯伯勒","","","Owensboro Daviess County Airport","Owensboro-Daviess County地域空港","","37.7401","-87.1668","America/Chicago","0",""
"OXB","GW","비사우","Bissau","ビサウ","比紹","","오스발도 비에이라 국제공항","Osvaldo Vieira International Airport","オスヴァルド・ヴィエイラ国際空港","奧斯瓦爾多·維埃拉國際機場","11.8943","-15.6536","Africa/Bissau","0",""
"OYE","GA","","Oyem","","","","","Oyem Airport","オイェム空港","奧耶姆機場","1.5431","11.5814","Africa/Libreville","0",""
"OZC","PH","오사미스","Ozamiz","オザミス","奧三棉示","","","Labo Airport","ラボ空港","歐薩米茲","8.1785","123.842","Asia/Manila","0",""
"OZG","MA","","Zagora","ザゴラ","札戈拉","","","Zagora Airport","ザゴラ空港","扎古拉","30.2658","-5.8608","Africa/Casablanca","0",""
"OZZ","MA","와르자자트","Ouarzazate","ワルザザート","瓦爾扎扎特","","","Ouarzazate International Airport","ワルザザート空港","瓦爾扎扎特","30.9391","-6.9094","Africa/Casablanca","0",""
"PAB","IN","","Bilaspur","","","","","Bilaspur Airport","ビラースプル空港","","21.9884","82.111","Asia/Kolkata","0",""
"PAC","PA","파나마시티","Panama City","パナマ","巴拿馬城","Albrook","","Marcos A. Gelabert International Airport","アルブロオク ""マルコス A. ヘラベルト""国際空港","阿爾布魯克「Marcos A. Gelabert」國際機場","8.9733","-79.5556","America/Panama","0",""
"PAD","DE","파더보른","Paderborn","パーダーボルン","帕特伯恩","Büren","","Paderborn Lippstadt Airport","パーダーボルン・リップシュタット空港","帕德博恩/利普施塔特机场","51.6125","8.6175","Europe/Berlin","0",""
"PAE","US","에버렛","Everett","エバレット","埃弗里特","","페인 필드","Seattle Paine Field International Airport","ペイン・フィールド","佩恩机场","47.9063","-122.282","America/Los_Angeles","0",""
"PAG","PH","","Pagadian","","","","","Pagadian Airport","パガディアン空港","帕加迪安","7.8256","123.4596","Asia/Manila","0",""
"PAH","US","퍼듀카","Paducah","パデューカ","帕迪尤卡","","","Barkley Regional Airport","","","37.0608","-88.7738","America/Chicago","0",""
"PAP","HT","포르토프랭스","Port-au-Prince","ポルトープランス","太子港","","","Toussaint Louverture International Airport","ポルトープランス国際空港","杜桑·卢维杜尔国际机场","18.58","-72.2926","America/Port-au-Prince","0",""
"PAT","IN","파트나","Patna","パトナ","巴特那","","","Jay Prakash Narayan Airport","パトナ","傑伊·普拉卡什·納拉揚機場","25.5913","85.088","Asia/Kolkata","0",""
"PAV","BR","파울루 아폰수","Paulo Afonso","パウロ・アフンソ","保罗·阿方索城","","","Paulo Afonso Airport","パウロ・アフンソ","","-9.4009","-38.2506","America/Bahia","0",""
"PAZ","MX","","Poza Rica de Hidalgo","ポサ・リカ・デ・イダルゴ","波薩里卡","Poza Rica","","El Tajín National Airport","エル・タヒン国営空港","波薩里卡機場","20.6027","-97.4608","America/Mexico_City","0",""
"PBC","MX","푸에블라","Heroica Puebla de Zaragoza","プエブラ","普埃布拉","Puebla","","Hermanos Serdán International Airport","","","19.1585","-98.3716","America/Mexico_City","0",""
"PBD","IN","포르반다르","Porbandar","ポールバンダル","坡爾班達爾","","","Porbandar Airport","ポルバンダル空港","","21.6495","69.6564","Asia/Kolkata","0",""
"PBG","US","플랫스버그","Plattsburgh","プラッツバーグ","普拉茨堡","","","Plattsburgh International Airport","プラッツバーグ国際空港","普拉茨堡國際機場","44.6509","-73.4681","America/New_York","0",""
"PBH","BT","팀부","Thimphu","ティンプー","辛布","Paro","파로 공항","Paro International Airport","パロ空港","帕羅機場","27.4032","89.4246","Asia/Thimphu","0",""
"PBM","SR","파라마리보","Paramaribo","パラマリボ","巴拉馬利波","","요한 아돌프 펜겔 국제공항","Johan Adolf Pengel International Airport","ヨハン・ペンヘル国際空港","約翰·阿道夫·彭格爾國際機場","5.4528","-55.1878","America/Paramaribo","0",""
"PBO","AU","","Paraburdoo","パラバデュー","","","","Paraburdoo Airport","パラバドゥー 空港","","-23.1711","117.745","Australia/Perth","0",""
"PBR","GT","푸에르토바리오스","Puerto Barrios","プエルト・バリオス","巴里奧斯港","","","Puerto Barrios Airport","プエルト・バリオス空港","","15.7309","-88.5838","America/Guatemala","0",""
"PBU","MM","","Putao","","","","","Putao Airport","プータオ空港","葡萄機場","27.3299","97.4263","Asia/Yangon","0",""
"PCL","PE","푸칼파","Pucallpa","プカルバ","普蘭爾帕","","","Cap FAP David Abenzur Rengifo International Airport","FAP・カピタン・ダビ・アベンスール・レンヒーフォ国際空港","普卡爾帕國際機場","-8.3781","-74.5745","America/Lima","0",""
"PCP","ST","프린시페섬","Príncipe","プリンシペ島","普林西比島","São Tomé & Príncipe","","Principe Airport","プリンシペ空港","普林西比機場","1.6612","7.4111","Africa/Sao_Tome","0",""
"PCR","CO","푸에르토카레뇨","Puerto Carreño","プエルト・カレーニョ","卡雷尼奧港","","","German Olano Airport","ヘルマン・オラノ空港","赫曼·奧拉諾機場","6.1847","-67.4932","America/Caracas","0",""
"PDA","CO","인리다","Inírida","イニーリダ","伊尼里達","Puerto Inírida","","Obando Cesar Gaviria Trujillo Airport","","","3.8535","-67.9062","America/Bogota","0",""
"PDG","ID","파당","Padang","パダン","巴塘","Padang (Katapiang)","미낭카바우 국제공항","Minangkabau International Airport","ミナンカバウ国際空港","巴東","-0.786","100.2804","Asia/Jakarta","0",""
"PDK","US","애틀랜타","Atlanta","アトランタ","亞特蘭大","","","DeKalb Peachtree Airport","ディカルブ・ピーチツリー空港","","33.8763","-84.3021","America/New_York","0",""
"PDL","PT","폰타델가다","Ponta Delgada","ポンタ・デルガダ","蓬塔德爾加達","","요한 바오로 2세 공항","João Paulo II Airport","ポンタ・デルガダ空港","蓬塔德爾加達機場","37.7412","-25.6979","Atlantic/Azores","0",""
"PDO","ID","","Talang Gudang-Sumatra Island","","","","","Pendopo Airport","","","-3.2861","103.88","Asia/Jakarta","0",""
"PDP","UY","푼타델에스테","Punta del Este","プンタ・デル・エステ","埃斯特角城","","","Capitan Corbeta CA Curbelo International Airport","カピタン・デ・コルベタ・カルロス・A・クルベロ国際空港","埃斯特角城","-34.8551","-55.0943","America/Montevideo","0",""
"PDS","MX","피에드라스 네그라스","Piedras Negras","ピエドラスネグラス","彼德拉斯內格拉斯","","","Piedras Negras International Airport","ピエドラス・ネグラス国際空港","彼德拉斯內格拉斯","28.6279","-100.5352","America/Matamoros","0",""
"PDT","US","펜들턴","Pendleton","ペンドルトン","彭德尔顿","","","Eastern Oregon Regional Airport at Pendleton","東オレゴン地域空港","东俄勒冈区域机场","45.6951","-118.841","America/Los_Angeles","0",""
"PDV","BG","플로브디프","Plovdiv","プロヴディフ","普羅夫迪夫","","","Plovdiv International Airport","プロヴディフ空港","普羅夫迪夫機場","42.0678","24.8508","Europe/Sofia","0",""
"PDX","US","포틀랜드","Portland","ポートランド","波特蘭","","포틀랜드 국제공항","Portland International Airport","ポートランド国際空港","波特蘭國際機場","45.5887","-122.598","America/Los_Angeles","0",""
"PED","CZ","파르두비체","Pardubice","パルドゥビツェ","帕爾杜比采","","파르두비체 공항","Pardubice Airport","パルドゥビツェ空港","帕爾杜比採機場","50.015","15.7398","Europe/Prague","0",""
"PEE","RU","페름","Perm","ペルミ","彼爾姆","","","Perm International Airport","ペルミ国際空港","彼爾姆","57.9145","56.0212","Asia/Yekaterinburg","0",""
"PEG","IT","페루자","Perugia","ペルージャ","佩魯賈","Perugia (PG)","","Perugia San Francesco d'Assisi – Umbria International Airport","ペルージャ","佩魯賈","43.0959","12.5132","Europe/Rome","0",""
"PEI","CO","페레이라","Pereira","ペレイラ (コロンビア)","佩雷拉","","","Matecaña International Airport","マテカーニャ国際空港","佩雷拉","4.8127","-75.7395","America/Bogota","0",""
"PEM","PE","푸에르토말도나도","Puerto Maldonado","プエルト・マルドナド","馬爾多納多港","","","Padre Aldamiz International Airport","パードレ・アルダミス国際空港","馬爾多納多港","-12.6136","-69.2286","America/La_Paz","0",""
"PEN","MY","피낭주","Penang","ペナン州","檳城","","피낭 국제공항","Penang International Airport","ペナン国際空港","檳城國際機場","5.2963","100.2762","Asia/Kuala_Lumpur","0",""
"PER","AU","퍼스","Perth","パース","伯斯","","퍼스 공항","Perth International Airport","パース空港","珀斯機場","-31.9403","115.967","Australia/Perth","0",""
"PES","RU","페트로자보츠크","Petrozavodsk","ペトロザヴォーツク","彼得羅扎沃茨克","","","Petrozavodsk Airport","ペトロザヴォーツク空港","羅扎沃茨克機場","61.8852","34.1547","Europe/Moscow","0",""
"PET","BR","펠로타스","Pelotas","ペロタス","佩洛塔斯","","","João Simões Lopes Neto International Airport","ペロタス国際空港","","-31.7172","-52.3278","America/Sao_Paulo","0",""
"PEV","HU","페치","Pécs","ペーチ","佩奇","","페치 포가니 국제공항","Pécs-Pogány International Airport","ペーチ＝ポガーニー国際空港","","45.9889","18.242","Europe/Budapest","0",""
"PEW","PK","페샤와르","Peshawar","ペシャーワル","白沙瓦","","바드샤 칸 국제공항","Bacha Khan International Airport","バシャ・カーン国際空港","白沙瓦國際機場","33.9939","71.5146","Asia/Karachi","0",""
"PEX","RU","페초라","Pechora","ペチョラ","伯朝拉","","","Pechora Airport","ペチョラ空港","","65.1211","57.1308","Europe/Moscow","0",""
"PEZ","RU","펜자","Penza","ペンザ","朋札","","","Penza Airport","ペンザ空港","奔薩機場","53.1106","45.0211","Europe/Moscow","0",""
"PFB","BR","파소 풍두","Passo Fundo","パッソ・フンド","帕索豐多","","","Lauro Kurtz Airport","パッソフンド","","-28.244","-52.3278","America/Sao_Paulo","0",""
"PFO","CY","파포스","Paphos","パフォス","帕福斯","","파포스 국제공항","Paphos International Airport","パフォス国際空港","帕福斯國際機場","34.718","32.4857","Asia/Nicosia","0",""
"PGA","US","페이지","Page","ページ","佩吉","","KPGA","Page Municipal Airport","Page市営空港","","36.9242","-111.4477","America/Phoenix","0",""
"PGD","US","푼타 고르다","Punta Gorda","プンタ・ゴルダ","蓬塔戈爾達","","","Punta Gorda Airport","Charlotte郡空港","蓬塔戈爾達機場","26.9202","-81.9905","America/New_York","0",""
"PGF","FR","페르피냥","Perpignan","ペルピニャン","佩皮尼昂","Perpignan/Rivesaltes","","Perpignan-Rivesaltes (Llabanère) Airport","ペルピニャン＝リヴザルト空港","佩皮尼昂-里沃薩爾特機場","42.7404","2.8707","Europe/Paris","0",""
"PGH","IN","","Pantnagar","","","","","Pantnagar Airport","パントナガル空港","","29.0334","79.4737","Asia/Kolkata","0",""
"PGK","ID","팡칼피낭","Pangkal Pinang","パンカルピナン","檳港","","","Depati Amir Airport","デパティ・アミール空港","德帕蒂·阿米尔机场","-2.1622","106.139","Asia/Jakarta","0",""
"PGU","IR","","Asaluyeh","アサルーイェ","阿薩盧耶","Khiyaroo","","Persian Gulf International Airport","ペルシア湾空港","阿薩盧耶","27.3796","52.7377","Asia/Tehran","0",""
"PGV","US","","Greenville","","","","","Pitt-Greenville Airport","ピット＝グリーンビル空港","","35.6355","-77.3843","America/New_York","0",""
"PGZ","BR","폰타그로사","Ponta Grossa","ポンタ・グロッサ","蓬塔格羅薩","","","Ponta Grossa Airport - Comandante Antonio Amilton Beraldo","ポンタグロッサ空港","","-25.1845","-50.1438","America/Sao_Paulo","0",""
"PHB","BR","파르나이바","Parnaíba","パルナイバ","巴纳伊巴","","","Parnaíba - Prefeito Doutor João Silva Filho International Airport","パルナイバ国際空港","","-2.8937","-41.732","America/Fortaleza","0",""
"PHC","NG","포트하커트","Port Harcourt","ポートハーコート","哈科特港","","","Port Harcourt International Airport","ポートハーコート国際空港","哈科特港機場","5.0155","6.9496","Africa/Lagos","0",""
"PHE","AU","포트헤들랜드","Port Hedland","ポートヘッドランド (西オーストラリア州)","黑德蘭港姆","","포트헤들랜드 국제공항","Port Hedland International Airport","ポートヘッドランド国際空港","黑德蘭港國際機場","-20.3828","118.6298","Australia/Perth","0",""
"PHF","US","버지니아 반도","Virginia Peninsula","バージニア半島","維吉尼亞半島","Newport News","뉴포트뉴스/윌리엄스버그 국제공항","Newport News Williamsburg International Airport","Newport News/Williamsburg国際空港","紐波特紐斯","37.1319","-76.493","America/New_York","0",""
"PHG","NG","","Port Harcourt NAF Base","ポートハーコート空軍基地","","Port Harcourt","","Port Harcourt City Airport / Port Harcourt Air Force Base","","","4.8461","7.0214","Africa/Lagos","0",""
"PHH","NP","포카라","Pokhara","ポカラ","博卡拉","","포카라 국제공항","Pokhara International Airport","ポカラ国際空港","博卡拉国际机场","28.1838","84.0147","Asia/Kathmandu","0",""
"PHL","US","필라델피아","Philadelphia","フィラデルフィア","費城","","필라델피아 국제공항","Philadelphia International Airport","フィラデルフィア国際空港","費城國際機場","39.8719","-75.2411","America/New_York","0",""
"PHS","TH","핏사눌록","Phitsanulok","ピッサヌローク","彭世洛","","핏사눌록 공항","Phitsanulok Airport","ピッサヌローク空港","彭世洛機場","16.7829","100.279","Asia/Bangkok","0",""
"PHW","ZA","","Phalaborwa","ファラボルワ","帕拉博魯瓦","","","Hendrik Van Eck Airport","ファラボルワ","亨德里凡埃克機場","-23.9372","31.1554","Africa/Johannesburg","0",""
"PHX","US","피닉스","Phoenix","フェニックス","鳳凰城","","피닉스 스카이 하버 국제공항","Phoenix Sky Harbor International Airport","フェニックス・スカイハーバー国際空港","鳳凰城天港國際機場","33.4353","-112.0059","America/Phoenix","0",""
"PHY","TH","펫차분","Phetchabun","","","","펫차분 공항","Phetchabun Airport","ペッチャブーン空港","","16.676","101.195","Asia/Bangkok","0",""
"PIA","US","피오리아","Peoria","ピオリア","皮奧里亞","","","General Wayne A. Downing Peoria International Airport","Greater Peoria地域空港","大皮奧里亞地區機場","40.6638","-89.6926","America/Chicago","0",""
"PIB","US","해티즈버그","Hattiesburg","ハッティズバーグ","哈蒂斯堡","Moselle","","Hattiesburg Laurel Regional Airport","Hattiesburg-Laurel地域空港","","31.4671","-89.3371","America/Chicago","0",""
"PIE","US","세인트피터즈버그","St. Petersburg","セントピーターズバーグ","聖彼德斯堡","Pinellas Park","","St. Petersburg Clearwater International Airport","St. Petersburg-Clearwater国際空港","聖彼得-克利爾沃特國際機場","27.9102","-82.6874","America/New_York","0",""
"PIH","US","포커텔로","Pocatello","ポカテッロ","波卡特洛","","","Pocatello Regional Airport","ポカテッロ地域空港","","42.9098","-112.596","America/Boise","0",""
"PIK","GB","글래스고","Glasgow","グラスゴー","格拉斯哥","Prestwick, South Ayrshire","글래스고 프레스트윅 공항","Glasgow Prestwick Airport","グラスゴー・プレストウィック空港","格拉斯哥普雷斯蒂克国际机场","55.5015","-4.5772","Europe/London","0",""
"PIR","US","피어","Pierre","ピア","皮爾","","","Pierre Regional Airport","Pierre地域空港","皮埃爾地區機場","44.3827","-100.286","America/Chicago","0",""
"PIS","FR","푸아티에","Poitiers","ポワチエ","普瓦捷","Poitiers/Biard","","Poitiers-Biard Airport","ポワチエ","普瓦捷-比亞爾機場","46.5877","0.3067","Europe/Paris","0",""
"PIT","US","피츠버그","Pittsburgh","ピッツバーグ","匹茲堡","","피츠버그 국제공항","Pittsburgh International Airport","ピッツバーグ国際空港","匹茲堡","40.4915","-80.2329","America/New_York","0",""
"PIU","PE","피우라","Piura","ピウラ","皮烏拉","","","PAF Captain Guillermo Concha Iberico International Airport","カピタン・FAP・ギジェルモ・コンチャ・イベリコ国際空港","皮烏拉機場","-5.2058","-80.6164","America/Lima","0",""
"PIX","PT","라즈스두피쿠","Lajes do Pico","ラジェス・ド・ピコ","拉日什-杜皮庫","Pico Island","","Pico Airport","ピコ空港","皮庫機場","38.5543","-28.4413","Atlantic/Azores","0",""
"PIZ","US","","Point Lay","","","","","Point Lay LRRS Airport","","","69.7329","-163.005","America/Nome","0",""
"PJM","CR","","Puerto Jiménez","プエルト・ヒメネス","希门尼斯港","","","Puerto Jimenez Airport","プエルト・ヒメネス空港","希门尼斯港机场","8.5333","-83.3","America/Costa_Rica","0",""
"PKB","US","파커즈버그","Parkersburg","パーカーズバーグ","帕克斯堡","Parkersburg (Williamstown)","","Mid Ohio Valley Regional Airport","Mid-Ohio Valley地域空港","俄亥俄谷中部地區機場","39.3451","-81.4392","America/New_York","0",""
"PKC","RU","페트로파블롭스크캄차츠키","Petropavlovsk-Kamchatsky","ペトロパブロフスク・カムチャツキー","堪察加彼得羅巴甫洛夫斯克","","페트로파블롭스크캄차즈키 공항","Yelizovo Airport","エリゾヴォ空港","堪察加彼得羅巴夫洛夫斯克機場","53.1687","158.4511","Asia/Kamchatka","0",""
"PKE","AU","","Parkes","パークス (ニューサウスウェールズ州)","帕克斯","","","Parkes Airport","パークス空港","","-33.1314","148.239","Australia/Sydney","0",""
"PKR","NP","포카라","Pokhara","ポカラ","博卡拉","","","Pokhara Domestic Airport","ポカラ空港","博卡拉機場","28.2006","83.9812","Asia/Kathmandu","0",""
"PKU","ID","프칸바루","Pekanbaru","プカンバル","北干巴魯","","","Sultan Syarif Kasim II International Airport / Roesmin Nurjadin AFB","スルタン・シャリフ・カシムII国際空港","北乾巴魯","0.4586","101.4443","Asia/Jakarta","0",""
"PKV","RU","프스코프","Pskov","プスコフ","普斯科夫","","","Princess Olga Pskov International Airport","プスコフ空港","","57.7813","28.3938","Europe/Moscow","0",""
"PKY","ID","팔랑카라야","Palangka Raya","パランカラヤ","帕朗卡拉亚","","","Tjilik Riwut Airport","トゥジリク・リウトゥ空港","吉利里乌机场","-2.2271","113.9434","Asia/Pontianak","0",""
"PKZ","LA","빡세","Pāksē","パークセー郡","巴色","","팍세 국제공항","Pakse International Airport","パークセー国際空港","巴色國際機場","15.134","105.7799","Asia/Vientiane","0",""
"PLJ","BZ","","Placencia","プラセンシア","","","","Placencia Airport","プラセンシア空港","普拉森捨機場","16.537","-88.3615","America/Guatemala","0",""
"PLM","ID","팔렘방","Palembang","パレンバン","巨港","","","Sultan Mahmud Badaruddin II Airport","スルタン・ムハンマド・バダルディン2世国際空港","巨港","-2.8977","104.6981","Asia/Jakarta","0",""
"PLN","US","","Pellston","","佩爾斯頓","","","Pellston Regional Airport of Emmet County Airport","","","45.5709","-84.7967","America/Detroit","0",""
"PLO","AU","포트링컨","Port Lincoln","ポートリンカーン","林肯港","","","Port Lincoln Airport","ポートリンカーン空港","林肯港飛機場","-34.6053","135.88","Australia/Adelaide","0",""
"PLQ","LT","팔랑가","Palanga","パランガ","帕兰加","","팔랑가 국제공항","Palanga International Airport","パランガ国際空港","帕蘭加國際機場","55.9732","21.0939","Europe/Vilnius","0",""
"PLS","TC","","Providenciales","プロビデンシアレス島","普羅維登西亞萊斯島","","","Providenciales International Airport","プロビデンシアレス国際空港","普羅維登西亞萊斯國際機場","21.7737","-72.2683","America/Grand_Turk","0",""
"PLW","ID","팔루","Palu","パル","帕盧","","","Mutiara - SIS Al-Jufrie Airport","ムティアラ・SIS・アル・ジュフリー空港","穆提亚拉西斯朱弗里机场","-0.9165","119.9086","Asia/Makassar","0",""
"PLX","KZ","세메이","Semey","セメイ","塞米伊","","","Semei International Airport","セメイ空港","塞米伊機場","50.3513","80.2344","Asia/Almaty","0",""
"PLZ","ZA","게베하","Gqeberha","ポート・エリザベス","格貝哈","Gqeberha (Port Elizabeth)","치프 다위드 스터먼 국제공항","Chief Dawid Stuurman International Airport","ポートエリザベス国際空港","伊麗莎白港機場","-33.9897","25.6174","Africa/Johannesburg","0",""
"PMC","CL","","Puerto Montt","","","","","El Tepual International Airport","エル・テプアル空港","特珀國際機場","-41.4431","-73.0941","America/Santiago","0",""
"PMF","IT","파르마","Parma","パルマ","帕馬","Parma (PR)","","Parma Airport","パルマ空港","帕尔马机场 (意大利)","44.8264","10.2971","Europe/Rome","0",""
"PMG","BR","폰타포랑","Ponta Porã","ポンタ・ポラン","蓬塔波朗","","","Ponta Porã Airport","ポンタ・ポラン空港","","-22.5496","-55.7026","America/Campo_Grande","0",""
"PMI","ES","","Palma de Mallorca","","","","팔마데마요르카 공항","Palma de Mallorca Airport","パルマ・デ・マヨルカ空港","馬略卡島帕爾馬機場","39.5517","2.7388","Europe/Madrid","0",""
"PMO","IT","팔레르모","Palermo","パレルモ","巴勒摩","","팔코네 보르셀리노 공항","Falcone–Borsellino Airport","ファルコーネ・ボルセリーノ国際空港","帕勒莫","38.176","13.091","Europe/Rome","0",""
"PMQ","AR","","Perito Moreno","ペリート・モレーノ","佩里托莫雷諾 (聖克魯斯省)","","","Perito Moreno Jalil Hamer Airport","ペリート・モレノ空港","佩里托莫雷諾機場","-46.5379","-70.9787","America/Argentina/Rio_Gallegos","0",""
"PMR","NZ","파머스턴노스","Palmerston North","パーマストン・ノース","北帕默斯頓","","","Palmerston North Airport","パーマストンノース空港","北帕莫斯頓國際機場","-40.3206","175.617","Pacific/Auckland","0",""
"PMV","VE","포를라마르","Porlamar","マルガリータ島","波拉马尔","Isla Margarita","","Del Caribe Santiago Mariño International Airport","デル・カリベ・サンティアゴ・マリノ国際空港","聖地亞哥馬里諾將軍機場","10.9126","-63.9666","America/Caracas","0",""
"PMW","BR","파우마스","Palmas","パルマス","帕爾馬斯","","","Brigadeiro Lysias Rodrigues Airport","パルマス","帕爾馬斯機場","-10.2915","-48.357","America/Araguaina","0",""
"PMY","AR","푸에르토마드린","Puerto Madryn","プエルト・マドリン","馬德林港","","","El Tehuelche Airport","エル・テウェルチェ空港","特韋爾切機場","-42.7592","-65.1027","America/Argentina/Catamarca","0",""
"PNA","ES","팜플로나","Pamplona","パンプローナ","潘普洛納","","","Pamplona Airport","パンプローナ空港","潘普洛纳机场","42.77","-1.6463","Europe/Madrid","0",""
"PNI","FM","폰페이섬","Pohnpei","ポンペイ島","波納佩","Pohnpei Island","폰페이 국제공항","Pohnpei International Airport","ポンペイ国際空港","波纳佩国际机场","6.9851","158.2099","Pacific/Pohnpei","0",""
"PNK","ID","폰티아낙","Pontianak","ポンティアナック","坤甸","","수파디오 국제공항","Supadio International Airport","スパディオ空港","蘇巴迪奧國際機場","-0.1523","109.4045","Asia/Pontianak","0",""
"PNL","IT","판텔레리아","Pantelleria","パンテッレリーア","潘泰萊里亞","Pantelleria (TP)","","Pantelleria Airport","パンテッレーリア空港","潘泰萊裏亞機場","36.8165","11.9689","Europe/Rome","0",""
"PNP","PG","포폰데타","Popondetta","ポポンデッタ","波蓬德塔","","","Girua Airport","ドボヅラ","日魯阿機場","-8.8045","148.309","Pacific/Port_Moresby","0",""
"PNQ","IN","푸네","Pune","プネー","浦納","","","Pune International Airport","プネー国際空港","浦那国际机场","18.5821","73.9197","Asia/Kolkata","0",""
"PNR","CG","푸앵트누아르","Pointe-Noire","ポワントノワール","黑角","","","Antonio Agostinho-Neto International Airport","ポワントノワール空港","安東尼奧·阿戈什蒂紐·內圖國際機場","-4.816","11.8866","Africa/Brazzaville","0",""
"PNS","US","펜서콜라","Pensacola","ペンサコーラ","彭薩科拉","","","Pensacola International Airport","ペンサコーラ国際空港","彭薩科拉區域機場","30.4727","-87.1866","America/Chicago","0",""
"PNT","CL","푸에르토나탈레스","Puerto Natales","プエルト・ナターレス","納塔萊斯港","","","Lieutenant Julio Gallardo Airport","テニエンテ・フリオ・ガヤルド空港","納塔萊斯港機場","-51.6707","-72.5291","America/Punta_Arenas","0",""
"PNY","IN","퐁디셰리","Pondicherry","ポンディシェリ","本地治里","Puducherry (Pondicherry)","","Pondicherry Airport","ポンディシェリ空港","本地治里機場","11.968","79.812","Asia/Kolkata","0",""
"PNZ","BR","페트롤리나","Petrolina","ペトロリーナ","彼得羅利納","","","Senador Nilo Coelho Airport","レシフェ","彼得羅利納","-9.3624","-40.5691","America/Recife","0",""
"POA","BR","포르투알레그리","Porto Alegre","ポルト・アレグレ","阿雷格裏港","","살가두 필류 국제공항","Porto Alegre-Salgado Filho International Airport","サルガド・フィーリョ国際空港","小萨尔加多国际机场","-29.994","-51.1675","America/Sao_Paulo","0",""
"POG","GA","포르장티","Port-Gentil","ポールジャンティ","讓蒂爾港","","","Port Gentil International Airport","ポート＝ジェンティール国際空港","讓蒂爾港國際機場","-0.7117","8.7544","Africa/Libreville","0",""
"POL","MZ","펨바","Pemba","ペンバ","彭巴","","","Pemba Airport","ペンバ空港","奔巴機場","-12.9933","40.5249","Africa/Maputo","0",""
"POM","PG","포트모르즈비","Port Moresby","ポートモレスビー","莫士比港","","잭슨 국제공항","Port Moresby Jacksons International Airport","ポートモレスビー・ジャクソン国際空港","傑克遜斯國際機場","-9.4434","147.22","Pacific/Port_Moresby","0",""
"POP","DO","","Puerto Plata","","","","","Gregorio Luperon International Airport","プエルト・プラタ空港","聖斐利-銀港","19.7579","-70.57","America/Santo_Domingo","0",""
"POR","FI","포리","Pori","ポリ","波里","","포리공항","Pori Airport","ポリ空港","波里机场","61.4617","21.8","Europe/Helsinki","0",""
"POS","TT","포트오브스페인","Port of Spain","ポートオブスペイン","西班牙港","","","Piarco International Airport","ピアルコ国際空港","西班牙港","10.5953","-61.3376","America/Port_of_Spain","0",""
"POZ","PL","포즈난","Poznań","ポズナン","波茲南","","포즈난 와비차 공항","Poznań-Ławica Airport","ポズナン・ワビサ空港","波茲南-拉威卡機場","52.4216","16.8234","Europe/Warsaw","0",""
"PPB","BR","프레지덴치프루덴치","Presidente Prudente","プレジデンチ・プルデンチ","普魯登特總統城","","","Presidente Prudente Airport","プレジデンテ・プルデンテ","","-22.1751","-51.4246","America/Sao_Paulo","0",""
"PPG","AS","팡오팡오","Pago Pago","パゴパゴ","帕果帕果","","","Pago Pago International Airport","パゴパゴ国際空港","帕果帕果國際機場","-14.331","-170.71","Pacific/Apia","0",""
"PPK","KZ","페트로파블","Petropavl","ペトロパブル","彼得羅巴甫爾","","","Petropavl International Airport","ペトロパブル空港","彼得羅巴甫爾","54.7756","69.1874","Asia/Almaty","0",""
"PPN","CO","포파얀","Popayán","ポパヤン","波帕揚","","","Guillermo León Valencia Airport","ギジェルモ・レオン・バレンシア空港","","2.4544","-76.6093","America/Bogota","0",""
"PPP","AU","","Proserpine","プロセルピナ","普拉瑟潘","","","Proserpine Whitsunday Coast Airport","ウィットサンデー・コースト空港","降靈島海岸機場","-20.4944","148.5536","Australia/Brisbane","0",""
"PPS","PH","푸에르토프린세사","Puerto Princesa","プエルト・プリンセサ","普林塞薩港","","푸에르토프린세사 국제공항","Puerto Princesa International Airport / PAF Antonio Bautista Air Base","プエルト・プリンセサ国際空港","公主港國際機場","9.742","118.7591","Asia/Manila","0",""
"PPT","PF","파페에테","Papeete","パペーテ","巴比提","","파아아 국제공항","Fa'a'ā International Airport","パペーテ・タヒチ国際空港","法阿國際機場","-17.5535","-149.6069","Pacific/Tahiti","0",""
"PQI","US","프레스크아일","Presque Isle","プレスク・アイル","普雷斯克艾爾","","","Presque Isle International Airport","","普雷斯克島空軍基地","46.689","-68.0448","America/New_York","0",""
"PQQ","AU","","Port Macquarie","ポートマッコリー","麥覺理港","","","Port Macquarie Airport","ポートマクォーリー空港","麥覺里港機場","-31.4358","152.863","Australia/Sydney","0",""
"PRA","AR","파라나","Paraná","パラナ","巴拉那","","","General Urquiza Airport","ヘネラル・フスト・ホセ・デ・ウルキサ空港","胡斯托·何塞·德·烏爾基薩將軍機場","-31.7948","-60.4804","America/Argentina/Cordoba","0",""
"PRC","US","프레스콧","Prescott","プレスコット","普雷斯科特","","","Prescott Regional Airport - Ernest A. Love Field","Prescott市営空港","普雷斯特科機場","34.6535","-112.4199","America/Phoenix","0",""
"PRI","SC","","Praslin Island","","","","","Praslin Island Airport","プララン島空港","","-4.3193","55.6916","Indian/Mahe","0",""
"PRM","PT","포르티망","Portimão","ポルティマン","波爾蒂芒","","","Portimão Airport","","","37.1493","-8.584","Europe/Lisbon","0",""
"PRN","XK","프리슈티나","Pristina","プリシュティナ","普里斯提納","Prishtina","프리슈티나 국제공항","Priština Adem Jashari International Airport","プリシュティナ国際空港","普里斯提納國際機場","42.5728","21.0358","Europe/Belgrade","0",""
"PSA","IT","피사","Pisa","ピサ","比薩","Pisa (PI)","피사 국제공항","Pisa International Airport","ピサ空港","比薩伽利略·伽利萊機場","43.6839","10.3927","Europe/Rome","0",""
"PSC","US","파스코","Pasco","パスコ","帕斯科","","","Tri Cities Airport","トリシティ空港","三城机场","46.2647","-119.119","America/Los_Angeles","0",""
"PSD","EG","포트사이드","Port Said","ポートサイド","塞得港","","","Port Said International Airport","ポートサイド空港","","31.2793","32.2406","Africa/Cairo","0",""
"PSE","PR","폰세","Ponce","ポンセ","龐塞","","","Mercedita International Airport","メルセディタ空港","龐塞","18.0083","-66.563","America/Puerto_Rico","0",""
"PSG","US","","Petersburg","アラスカ州ピータースバーグ","彼得斯堡","","","Petersburg James A Johnson Airport","","彼得堡詹姆士·A·约翰逊机场","56.8017","-132.945","America/Vancouver","0",""
"PSM","US","포츠머스","Portsmouth","ポーツマス","朴次茅斯","","","Portsmouth International Airport at Pease","","朴茨茅斯國際機場","43.0779","-70.8233","America/New_York","0",""
"PSO","CO","인조잔디","artificial turf","人工芝","人工草坪","Chachagüí","","Antonio Nariño Airport","アントニオ・ナリーニョ空港","","1.3967","-77.2909","America/Bogota","0",""
"PSP","US","팜스프링스","Palm Springs","パーム・スプリングズ","棕櫚泉","","팜스프링스 국제공항","Palm Springs International Airport","パームスプリングス国際空港","棕櫚泉國際機場","33.8297","-116.507","America/Los_Angeles","0",""
"PSR","IT","페스카라","Pescara","ペスカーラ","佩斯卡拉","","","Abruzzo Airport","アブルッツォ空港","阿布鲁佐国际机场","42.4311","14.183","Europe/Rome","0",""
"PSS","AR","포사다스","Posadas","ポサーダス","波薩達斯","","","Libertador Gral D Jose De San Martin Airport","リベルタドール・ヘネラル・ホセ・デ・サン・マルティン空港","胡塞·德·聖馬丁解放者將軍機場","-27.3858","-55.9707","America/Argentina/Cordoba","0",""
"PSU","ID","","Putussibau-Borneo Island","","","","","Pangsuma Airport","","庞苏马机场","0.8346","112.9402","Asia/Pontianak","0",""
"PSZ","BO","푸에르토수아레스","Puerto Suárez","プエルト・スアーレス","蘇亞雷斯港","","","Capitán Av. Salvador Ogaya G. airport","プエルト・スアレス国際空港","","-18.9753","-57.8206","America/La_Paz","0",""
"PTG","ZA","폴로콰네","Polokwane","ポロクワネ","波洛夸內","","","Polokwane International Airport","","","-23.8453","29.4586","Africa/Johannesburg","0",""
"PTH","US","","Port Heiden","","波特海登","","","Port Heiden Airport","ポート・ヘイデン","","56.9579","-158.6302","America/Anchorage","0",""
"PTJ","AU","빅토리아","Victoria","ヴィクトリア","維多利亞","","","Portland Airport","ポートランド","","-38.3181","141.471","Australia/Melbourne","0",""
"PTP","GP","푸앵타피트르","Pointe-à-Pitre","ポワンタピートル","皮特爾角城","","푸앵타피트르 국제공항","Maryse Condé International Airport","ポワンタピートル国際空港","皮特爾角城國際機場","16.2654","-61.5328","America/Guadeloupe","0",""
"PTU","US","","Platinum","プラティナム","普拉蒂纳姆","","","Platinum Airport","","","59.0177","-161.8279","America/Anchorage","0",""
"PTY","PA","파나마시티","Panama City","パナマ","巴拿馬城","Tocumen","토쿠멘 국제공항","Tocumen International Airport","トクメン国際空港","托庫門國際機場","9.0714","-79.3835","America/Panama","0",""
"PUB","US","푸에블로","Pueblo","プエブロ","普韋布洛","","","Pueblo Memorial Airport","プエブロ記念空港","普韦布洛纪念机场","38.2891","-104.497","America/Denver","0",""
"PUD","AR","","Puerto Deseado","プエルト・デセアド","德塞阿多港","","","Puerto Deseado Airport","プエルト・デセアド空港","德塞阿多港機場","-47.7353","-65.9041","America/Argentina/Rio_Gallegos","0",""
"PUF","FR","포","Pau","ポー","波城","Pau/Pyrénées (Uzein)","포 피레네 공항","Pau Pyrénées Airport","ポー・ピレネー空港","波城比利牛斯機場","43.38","-0.4186","Europe/Paris","0",""
"PUG","AU","포트오거스타","Port Augusta","ポート・オーガスタ","奧古斯塔港","","","Port Augusta Airport","ポートオーガスタ空港","奧古斯塔港機場","-32.5069","137.717","Australia/Adelaide","0",""
"PUJ","DO","푼타카나","Punta Cana","プンタ・カナ","蓬塔卡納","","푼타카나 국제공항","Punta Cana International Airport","プンタ・カナ国際空港","蓬塔卡納國際機場","18.5671","-68.3646","America/Puerto_Rico","0",""
"PUQ","CL","푼타아레나스","Punta Arenas","プンタ・アレーナス","蓬塔阿雷納斯","","","President Carlos Ibáñez International Airport","プレジデンテ・カルロス・イバニェス・デル・カンポ国際空港","卡洛斯·伊巴涅斯·德爾坎普總統國際機場","-53.0026","-70.8546","America/Punta_Arenas","0",""
"PUU","CO","푸에르토아시스","Puerto Asís","プエルト・アシス","阿西斯港","","","Tres De Mayo Airport","トレス・デ・マヨ空港","","0.5052","-76.5008","America/Bogota","0",""
"PUW","US","풀만","Pullman","プルマン","普爾曼","","","Pullman-Moscow Regional Airport","プルマン・モスクワ地域空港","普尔曼-莫斯科区域机场","46.7416","-117.1116","America/Los_Angeles","0",""
"PUY","HR","풀라","Pula","プーラ","普拉","","풀라 공항","Pula Airport","プーラ空港","普拉機場","44.8935","13.9222","Europe/Zagreb","0",""
"PUZ","NI","","Puerto Cabezas","","","","","Puerto Cabezas Airport","プエルト・カベサス空港","","14.0472","-83.3867","America/Managua","0",""
"PVA","CO","","Providencia","","","","","El Embrujo Airport","エル・エンブルホ空港","","13.3575","-81.358","America/Bogota","0",""
"PVD","US","프로비던스","Providence","プロヴィデンス","普洛威頓斯","Providence/Warwick","로드아일랜드 T. F. 그린 국제공항","Rhode Island T. F. Green International Airport","ロードアイランド・T・F・グリーン国際空港","羅德島T·F·格林國際機場","41.725","-71.4257","America/New_York","0",""
"PVH","BR","포르투벨류","Porto Velho","ポルト・ヴェーリョ","韋柳港","","","Governador Jorge Teixeira de Oliveira International Airport","ポルトベリョ","豪爾赫·特謝拉·德奧利韋拉州長國際機場","-8.7085","-63.9023","America/Porto_Velho","0",""
"PVK","GR","프레베자","Preveza","プレヴェザ県","普雷韋扎","","","Aktion National Airport","アクティオ空港","普雷韋扎","38.9255","20.7653","Europe/Athens","0",""
"PVR","MX","푸에르토바야르타","Puerto Vallarta","プエルト・バヤルタ","巴亞爾塔港","","","Puerto Vallarta International Airport","プエルト・バヤルタ国際空港","巴亞爾塔港","20.6799","-105.2544","America/Mexico_City","0",""
"PVU","US","프로보","Provo","プロヴォ","普羅沃","","","Provo Municipal Airport","Provo市営空港","","40.2189","-111.7224","America/Denver","0",""
"PWE","RU","페베크","Pevek","ペヴェク","佩韦克","Apapelgino","","Pevek Airport","ペヴェク空港","","69.7833","170.597","Asia/Anadyr","0",""
"PWM","US","포틀랜드","Portland","ポートランド","波特蘭","","포틀랜드 국제 제트포트","Portland International Jetport","ポートランド国際ジェットポート","波特兰国际喷射机机场","43.6462","-70.3093","America/New_York","0",""
"PWQ","KZ","파블로다르","Pavlodar","パヴロダル","巴甫洛達爾","","","Pavlodar International Airport","パヴロダル空港","巴甫洛達爾國際機場","52.195","77.0731","Asia/Almaty","0",""
"PXM","MX","푸에르토에스콘디도","Puerto Escondido","プエルト・エスコンディード","埃斯孔迪多港","","","Puerto Escondido International Airport","プエルト・エスコンディド国際空港","埃斯孔迪多港","15.8768","-97.0891","America/Mexico_City","0",""
"PXO","PT","","Vila Baleira","ヴィラ・バレイラ","巴莱拉镇","","포르투산투 공항","Porto Santo Airport","ポルト・サント","聖港機場","33.0734","-16.35","Atlantic/Madeira","0",""
"PXR","TH","","Surin","","","","","Surin Airport","スリン空港","","14.8683","103.498","Asia/Bangkok","0",""
"PXU","VN","쁠래이꾸","Pleiku","プレイク","波來古","","플레이꾸 공항","Pleiku Airport","プレイク空港","波來古機場","14.0045","108.017","Asia/Ho_Chi_Minh","0",""
"PYJ","RU","우다치니","Udachny","ウダーチヌイ","乌达奇内","Yakutia","","Polyarny Airport","ポリャールヌイ空港","","66.4004","112.03","Asia/Yakutsk","0",""
"PYK","IR","","Karaj","","","","","Payam International Airport","パヤム国際空港","帕亞姆國際機場","35.7761","50.8267","Asia/Tehran","0",""
"PZB","ZA","피터마리츠버그","Pietermaritzburg","ピーターマリッツバーグ","彼得馬利茲堡","","","Pietermaritzburg Airport","ピーターマリッツバーグ","彼得馬里茨堡機場","-29.649","30.3987","Africa/Johannesburg","0",""
"PZH","PK","","Zhob Valley Railway","ゾブバレー鉄道","","Fort Sandeman","","Zhob Airport","ゾーブ","佐布","31.3584","69.4636","Asia/Karachi","0",""
"PZI","CN","판즈화","Panzhihua","攀枝花","攀枝花","Panzhihua (Renhe)","","Panzhihua Bao'anying Airport","攀枝花保安営空港","攀枝花保安營機場","26.54","101.7985","Asia/Shanghai","0",""
"PZO","VE","시우다드과야나","Ciudad Guayana","シウダーグアヤナ","蓋亞那城","Guyana City","","General Manuel Carlos Piar International Airport","マヌエル・カルロス・ピアル・グアヤナ空港","圭亞那城機場","8.2885","-62.7604","America/Caracas","0",""
"PZU","SD","포트수단","Port Sudan","ポートスーダン","蘇丹港","","","Port Sudan New International Airport","ポート・スーダン新国際空港","蘇丹港機場","19.4346","37.2341","Africa/Khartoum","0",""
"QBC","CA","","Bella Coola","","","","","Bella Coola Airport","","贝拉库拉机场","52.3875","-126.596","America/Vancouver","0",""
"QOW","NG","","Owerri","","","","","Sam Mbakwe International Cargo Airport","サム・ムバクウェ空港","馬拉維航空","5.4271","7.206","Africa/Lagos","0",""
"QRO","MX","케레타로주","Querétaro","ケレタロ州","克雷塔羅州","","","Querétaro Intercontinental Airport","ケレタロ国際空港","克雷塔羅國際機場","20.6188","-100.1864","America/Mexico_City","0",""
"QRW","NG","","Warri","","","Okpe","","Warri Airport","ワリ空港","瓦里機場","5.5982","5.8187","Africa/Lagos","0",""
"QSF","DZ","세티프","Sétif","セティフ","塞提夫","","","Ain Arnat Airport","アイン・アルナト空港","塞提夫","36.1785","5.3299","Africa/Algiers","0",""
"QSR","IT","살레르노","Salerno","サレルノ","薩萊諾","","","Salerno Costa d'Amalfi Airport","サレルノ空港","薩萊諾—阿瑪菲海岸機場","40.6204","14.9113","Europe/Rome","0",""
"QSZ","CN","야르칸드현","Yarkant County","ヤルカンド県","莎車縣","Shache","","Shache Airport","ヤルカンド叶尔羌空港","莎車機場","38.2454","77.0561","Asia/Urumqi","0",""
"QUO","NG","우요","Uyo","ウヨ","烏約","","","Akwa Ibom International Airport","アクワ・イボム空港","烏約","4.8725","8.093","Africa/Lagos","0",""
"RAB","PG","라바울","Rabaul","ラバウル","拉包爾","Kokopo","","Tokua Airport","ラバウル空港","拉包爾","-4.3405","152.38","Pacific/Port_Moresby","0",""
"RAE","SA","아라르","Arar","アルアル","阿尔阿尔","","","Arar Domestic Airport","アラール","","30.9066","41.1382","Asia/Riyadh","0",""
"RAH","SA","","Rafha","ラーファ","","","","Rafha Domestic Airport","ラフハ","","29.6264","43.4906","Asia/Riyadh","0",""
"RAI","CV","프라이아","Praia","プライア","培亞","","","Nelson Mandela International Airport","フランシスコ・メンデス国際空港","弗朗西斯科·門德斯國際機場","14.9411","-23.4847","Atlantic/Cape_Verde","0",""
"RAK","MA","마라케","Marrakech","マラケシュ","馬拉喀什","Marrakesh","마라케시메나라 공항","Marrakesh Menara Airport","マラケシュ・メナラ空港","马拉喀什－迈纳拉国际机场","31.6048","-8.0358","Africa/Casablanca","0",""
"RAO","BR","히베이랑프레투","Ribeirão Preto","リベイラン・プレト","里貝朗普雷圖","","","Leite Lopes Airport","リベイラン・プレト","里貝朗普雷圖","-21.1343","-47.7741","America/Sao_Paulo","0",""
"RAP","US","래피드시티","Rapid City","ラピッド・シティ","拉皮德城","","","Rapid City Regional Airport","Rapid City地域空港","拉皮德城地區機場","44.0453","-103.057","America/Denver","0",""
"RAR","CK","아바루아","Avarua","アバルア","阿瓦魯阿","","라로통가 국제공항","Rarotonga International Airport","ラロトンガ国際空港","拉罗汤加国际机场","-21.2027","-159.806","Pacific/Rarotonga","0",""
"RAS","IR","라슈트","Rasht","ラシュト","拉什特","","","Sardar-e-Jangal Airport","ラシュト","拉什特機場","37.3233","49.6178","Asia/Tehran","0",""
"RBA","MA","라바트","Rabat","ラバト","拉巴特","","","Rabat-Salé Airport","ラバト＝サレ空港","拉巴特－塞拉国际机场","34.0515","-6.7515","Africa/Casablanca","0",""
"RBR","BR","히우브랑쿠","Rio Branco","リオブランコ","里約布蘭科","","","Rio Branco-Plácido de Castro International Airport","リオブランコ国際空港","里奧布蘭科國際機場","-9.869","-67.894","America/Rio_Branco","0",""
"RBY","US","","Ruby","ルビー","鲁比","","","Ruby Airport","","","64.7272","-155.47","America/Anchorage","0",""
"RCB","ZA","","Richards Bay","","","","","Richards Bay Airport","リチャーズ・ベイ空港","里查茲貝機場","-28.741","32.0921","Africa/Johannesburg","0",""
"RCH","CO","리오아차","Riohacha","リオアチャ","里奧阿查","","","Almirante Padilla Airport","アルミランテ・パディーヤ空港","","11.5262","-72.926","America/Bogota","0",""
"RDD","US","레딩","Redding","レディング","雷丁","","","Redding Municipal Airport","レディング市営空港","雷丁","40.509","-122.293","America/Los_Angeles","0",""
"RDM","US","","Central Oregon","セントラル・オレゴン","俄勒岡州","Redmond","","Roberts Field","ロバーツ・フィールド空港","雷德蒙德","44.2541","-121.15","America/Los_Angeles","0",""
"RDO","PL","라돔","Radom","ラドム","拉多姆","","바르샤바 라돔 공항","Warsaw Radom Airport","ラドム空港","拉多姆","51.3894","21.2147","Europe/Warsaw","0",""
"RDP","IN","두르가푸르","Durgapur","ドゥルガプル","杜爾加布爾","","","Kazi Nazrul Islam Airport","","杜爾加布林機場","23.6225","87.243","Asia/Kolkata","0",""
"RDU","US","롤리","Raleigh","ローリー","羅利","Raleigh/Durham","롤리 더럼 공항","Raleigh-Durham International Airport","ローリー・ダーラム国際空港","萊利都林國際機場","35.8787","-78.7873","America/New_York","0",""
"RDZ","FR","로데즈","Rodez","ロデーズ","羅德茲","Rodez/Marcillac","","Rodez–Aveyron Airport","ロデーズ・マルシャック空港","羅德茲-阿韋龍機場","44.4079","2.4827","Europe/Paris","0",""
"REC","BR","헤시피","Recife","レシフェ","勒西菲","","","Recife/Guararapes - Gilberto Freyre International Airport","レシフェ/グアララペス・ジルベルト・フレイレ国際空港","累西腓/瓜拉拉皮斯－吉尔贝托·弗雷雷国际机场","-8.1275","-34.923","America/Recife","0",""
"REG","IT","레조디칼라브리아","Reggio Calabria","レッジョ・ディ・カラブリア","雷焦卡拉布里亞","","","Reggio Calabria Airport","レッジョ・ディ・カラブリア空港","雷焦卡拉布裏亞機場","38.0712","15.6516","Europe/Rome","0",""
"REL","AR","트렐레우","Trelew","トレレウ","特雷利烏","Rawson","","Almirante Marco Andres Zar Airport","アルミランテ・マルコス・A・ツァール空港","馬科斯·扎爾海軍上將機場","-43.2105","-65.2703","America/Argentina/Catamarca","0",""
"REN","RU","오렌부르크","Orenburg","オレンブルク","奧倫堡","","오렌부르크 첸트랄니 공항","Orenburg Central Airport","オレンブルク中央空港","奧倫堡特森特拉尼機場","51.7927","55.4572","Asia/Yekaterinburg","0",""
"RER","GT","","Retalhuleu","","","","","Retalhuleu Airport","レタルレウ空港","","14.5214","-91.697","America/Guatemala","0",""
"RES","AR","레시스텐시아","Resistencia","レシステンシア","雷西斯滕西亞","","","Resistencia International Airport","レシステンシア国際空港","雷西斯滕西亞國際機場","-27.4499","-59.0561","America/Argentina/Cordoba","0",""
"REU","ES","레우스","Reus","レウス","雷烏斯","","레우스 공항","Reus Airport","レウス空港","雷烏斯","41.1475","1.1684","Europe/Madrid","0",""
"REW","IN","","Rewa","","","","","Rewa Airport, Chorhata, REWA","","","24.5034","81.2203","Asia/Kolkata","0",""
"REX","MX","레이노사","Reynosa","レイノサ","雷諾薩","","","General Lucio Blanco International Airport","ヘネラル・ルチオ・ブランコ国際空港","","26.0089","-98.2285","America/Matamoros","0",""
"RFD","US","록퍼드","Rockford","ロックフォード","羅克福德","Chicago/Rockford","시카고 록퍼드 국제공항","Chicago Rockford International Airport","シカゴ・ロックフォード国際空港","芝加哥/羅克福德國際機場","42.1954","-89.0972","America/Chicago","0",""
"RFP","PF","라이아테아섬","Raiatea","ライアテア島","賴阿特阿島","Uturoa","","Raiatea Airport","ライアテア空港","","-16.7229","-151.466","Pacific/Tahiti","0",""
"RGA","AR","리오그란데","Río Grande","リオ・グランデ (アルゼンチン)","里奧格蘭德","","","Gobernador Ramón Trejo Noel International Airport","エルメス・キハーダ国際空港","大河市-愛馬仕·基爾哈特國際機場","-53.7777","-67.7494","America/Argentina/Ushuaia","0",""
"RGI","PF","랑이로아 환초","Rangiroa","ランギロア環礁","朗伊羅阿環礁","","","Rangiroa Airport","ランギロア空港","","-14.9543","-147.661","Pacific/Tahiti","0",""
"RGL","AR","리오가예고스","Río Gallegos","リオ・ガジェゴス","里奥加耶戈斯","","","Piloto Civil Norberto Fernández International Airport","ピロト・シヴィル・ノルベルト・フェルナンデス国際空港","諾韋爾托·費爾南德斯民事飛行員國際機場","-51.6088","-69.3089","America/Argentina/Rio_Gallegos","0",""
"RGO","KP","청진","Chongjin","清津","清津","Hoemun-ri","청진공항","Orang (Chongjin) Airport","清津空港","清津機場","41.4285","129.6476","Asia/Pyongyang","0",""
"RHD","AR","테르마스데리오온도","Termas de Río Hondo","テルマス・デ・リオ・オンド","特馬斯德里奧翁多","","","Termas de Río Hondo international Airport","ラス・テルマス空港","洛特馬斯機場","-27.4966","-64.936","America/Argentina/Tucuman","0",""
"RHI","US","","Rhinelander","ラインランダー","萊茵蘭德","","","Rhinelander Oneida County Airport","","","45.6312","-89.4675","America/Chicago","0",""
"RHO","GR","로도스섬","Rhodes","ロドス島","羅得島","","로도스 국제공항","Rhodes International Airport ""Diagoras""","ロドス国際空港","羅得島迪亞戈拉斯國際機場","36.4054","28.0862","Europe/Athens","0",""
"RIA","BR","산타마리아","Santa Maria","サンタマリア (リオグランデ・ド・スル州)","聖瑪麗亞","","","Santa Maria Airport","サンタ・マリア空軍基地","","-29.7114","-53.6882","America/Sao_Paulo","0",""
"RIB","BO","리베랄타","Riberalta","リベラルタ","里韋拉爾塔","","","Capitán Av. Selin Zeitun Lopez Airport","リベラルタ空港","里韋拉爾塔機場","-11.0094","-66.0755","America/La_Paz","0",""
"RIC","US","리치먼드","Richmond","リッチモンド","里奇蒙","","","Richmond International Airport","リッチモンド国際空港","列治文國際機場","37.5052","-77.3197","America/New_York","0",""
"RIS","JP","리시리정","Rishiri","利尻町","利尻町","","리시리 공항","Rishiri Airport","利尻空港","利尻機場","45.242","141.186","Asia/Tokyo","0",""
"RIW","US","리버턴","Riverton","リバートン","里弗頓","","","Central Wyoming Regional Airport","Riverton地域空港","","43.0642","-108.46","America/Denver","0",""
"RIX","LV","리가","Riga","リガ","里加","","리가 국제공항","Riga International Airport","リガ国際空港","里加國際機場","56.9208","23.9707","Europe/Riga","0",""
"RIY","YE","무칼라","Mukalla","ムカッラー","穆卡拉","Mukalla(Riyan)","","Riyan International Airport","ムカッラー","里揚機場","14.6622","49.3753","Asia/Aden","0",""
"RIZ","CN","르자오","Rizhao","日照","日照","Rizhao (Donggang)","","Rizhao Shanzihe Airport","日照山字河空港","日照機場","35.405","119.3244","Asia/Shanghai","0",""
"RJA","IN","라자문드리","Rajahmundry","ラージャムンドリー","拉賈赫穆恩德爾伊","Madhurapudi","","Rajahmundry Airport","ラージャムンドリー空港","拉加穆迪利機場","17.1058","81.8132","Asia/Kolkata","0",""
"RJH","BD","라지샤히","Rajshahi","ラジシャヒ","拉傑沙希","","","Shah Makhdum Airport","シャー・マクダム空港","沙馬赫杜機場","24.4372","88.6165","Asia/Dhaka","0",""
"RJK","HR","리예카","Rijeka","リエカ","里耶卡","Rijeka(Omišalj)","리예카 공항","Rijeka Airport","リエカ空港","里耶卡機場","45.2164","14.5709","Europe/Zagreb","0",""
"RJL","ES","로그로뇨","Logroño","ログローニョ","洛格羅尼奧","","","Logroño-Agoncillo Airport","ログローニョ＝アゴンシージョ空港","洛格羅尼奧","42.461","-2.3222","Europe/Madrid","0",""
"RJN","IR","라프산잔","Rafsanjan","ラフサンジャーン","拉夫桑詹","","","Rafsanjan Airport","","拉夫桑賈機場","30.2983","56.049","Asia/Tehran","0",""
"RKD","US","록랜드","Rockland","ロックランド","羅克蘭","","","Knox County Regional Airport","Knox County地域空港","","44.0601","-69.0992","America/New_York","0",""
"RKE","DK","로스킬레","Roskilde","ロスキレ","羅斯基勒","","","Copenhagen Roskilde Airport","ロスキレ空港","","55.5856","12.1314","Europe/Copenhagen","0",""
"RKS","US","락 스프링스","Rock Springs","ロック・スプリングズ","罗克斯普林","","","Southwest Wyoming Regional Airport","Rock Springs – Sweetwater郡空港","","41.5942","-109.065","America/Denver","0",""
"RKT","AE","","Ras Al Khaimah","","","","라스알카이마 국제공항","Ras Al Khaimah International Airport","ラアス・アル＝ハイマ国際空港","哈伊馬角國際機場","25.6135","55.9388","Asia/Dubai","0",""
"RKV","IS","레이캬비크","Reykjavík","レイキャヴィーク","雷克雅維克","","레이캬비크 공항","Reykjavík Domestic Airport","レイキャヴィーク空港","雷克雅未克機場","64.1287","-21.9376","Atlantic/Reykjavik","0",""
"RKZ","CN","쌍주쯔구","Samzhubzê District","サムドゥプツェ区","桑珠孜區","Xigazê (Samzhubzê)","시가체 평화 공항","Xigaze Peace Airport / Shigatse Air Base","シガツェ平和空港","日喀則和平機場","29.3509","89.2992","Asia/Shanghai","0",""
"RLG","DE","로스토크","Rostock","ロストック","羅斯托克","Laage","로스토크-라게 공항","Rostock-Laage Airport","ロストック＝ラーゲ空港","罗斯托克－拉格机场","53.9182","12.2783","Europe/Berlin","0",""
"RLK","CN","바옌나오얼","Bayannur","バヤンノール","巴彥淖爾","","바얀나오얼 톈지타이 공항","Bayannur Tianjitai Airport","バヤンノール天吉泰空港","巴彦淖尔天吉泰机场","40.9264","107.7409","Asia/Shanghai","0",""
"RMA","AU","","Roma","ローマ","羅馬","","","Roma Airport","ローマ空港(オーストラリア)","羅馬機場","-26.545","148.775","Australia/Brisbane","0",""
"RMF","EG","마사 알람","Marsa Alam","マルサ・アラム","馬薩阿拉姆","","마르사알람 국제공항","Marsa Alam International Airport","マルサ・アラム国際空港","阿萊姆港國際機場","25.5555","34.5924","Africa/Cairo","0",""
"RMI","IT","리미니","Rimini","リミニ","里米尼","Rimini (RN)","페데리코 펠리니 국제공항","Federico Fellini International Airport","リミニ空港","費德里柯·費里尼國際機場","44.02","12.6122","Europe/Rome","0",""
"RML","LK","콜롬보","Colombo","コロンボ","可倫坡","","","Colombo Ratmalana International Airport","ラトゥマラナ空港","拉特馬拉納機場","6.8216","79.8859","Asia/Colombo","0",""
"RMO","MD","키시너우","Chișinău","キシナウ","奇西瑙","","키시너우 국제공항","Chişinău International Airport","キシナウ国際空港","基希訥烏國際機場","46.9277","28.9317","Europe/Chisinau","0",""
"RMU","ES","무르시아 지방","Region of Murcia","ムルシア州","穆爾西亞自治區","Corvera","레히온데무르시아 국제공항","Region of Murcia International Airport","レギオン・デ・ムルシア国際空港","穆尔西亚地区国际机场","37.8029","-1.1249","Europe/Madrid","0",""
"RMZ","RU","","Tobolsk","","","","","Tobolsk Remezov Airport","トボリスク・レメゾフ空港","","58.0597","68.348","Asia/Yekaterinburg","0",""
"RNB","SE","론네뷔","Ronneby","ロンネビー","龙讷比","","","Ronneby Airport","ロンネビー空港","龍訥比機場","56.2667","15.265","Europe/Stockholm","0",""
"RNJ","JP","","Yoron","","","","","Yoron Airport","与論空港","與論機場","27.0438","128.4016","Asia/Tokyo","0",""
"RNN","DK","보른홀름섬","Bornholm","ボーンホルム島","波恩霍姆島","Rønne","","Bornholm Airport","ボーンホルム空港","波恩霍姆島機場","55.0633","14.7596","Europe/Copenhagen","0",""
"RNO","US","리노","Reno","リノ","雷諾","","리노-타호 국제공항","Reno Tahoe International Airport","リノ・タホ国際空港","里諾","39.4991","-119.768","America/Los_Angeles","0",""
"RNS","FR","렌","Rennes","レンヌ","雷恩","Saint-Jacques-de-la-Lande, Ille-et-Vilaine","","Rennes-Saint-Jacques Airport","レンヌ＝サン・ジャック空港","雷恩","48.0695","-1.7348","Europe/Paris","0",""
"ROA","US","로어노크","Roanoke","ロアノーク","洛亞諾克","","","Roanoke–Blacksburg Regional Airport","ロアノーク・ブラックスバーグ地方空港","羅阿諾克-布萊克斯堡地區機場","37.3255","-79.9754","America/New_York","0",""
"ROB","LR","몬로비아","Monrovia","モンロビア","蒙羅維亞","","","Roberts International Airport","モンロビア・ロバーツ国際空港","羅伯茨國際機場","6.2338","-10.3623","Africa/Monrovia","0",""
"ROC","US","로체스터","Rochester","ロチェスター","羅徹斯特","","","Frederick Douglass Greater Rochester International Airport","グレーター・ロチェスター国際空港","羅徹斯特 (紐約州)","43.1189","-77.6724","America/New_York","0",""
"ROI","TH","타왓부리군","Thawat Buri","タワットブリー郡","塔瓦武里縣","Roi Et","로이엣 공항","Roi Et Airport","ローイエット空港","黎逸機場","16.1168","103.774","Asia/Bangkok","0",""
"ROK","AU","록햄프턴","Rockhampton","ロックハンプトン","洛坎普頓","","","Rockhampton Airport","ロックハンプトン空港","羅克漢普頓機場","-23.38","150.4754","Australia/Brisbane","0",""
"ROO","BR","론도노폴리스","Rondonópolis","ロンドノーポリス","龙多诺波利斯","","","Maestro Marinho Franco Airport","マエストロ・マリノ・フランコ空港","","-16.5843","-54.7248","America/Cuiaba","0",""
"ROP","MP","","Rota Island","","","","로타 국제공항","Rota International Airport","ロタ国際空港","羅塔國際機場","14.1733","145.2411","Pacific/Guam","0",""
"ROR","PW","","Airai","","","Babelthuap Island","팔라우 국제공항","Roman Tmetuchl International Airport","パラオ国際空港","羅曼·莫圖國際機場","7.367","134.5441","Pacific/Palau","0",""
"ROS","AR","로사리오","Rosario","ロサリオ","羅薩里奧","","","Rosario Islas Malvinas International Airport","ロサリオ","罗萨里奥—马尔维纳斯群岛国际机场","-32.9036","-60.785","America/Argentina/Cordoba","0",""
"ROT","NZ","로토루아","Rotorua","ロトルア","羅托魯瓦","","로토루아 국제공항","Rotorua Regional Airport","ロトルア国際空港","羅托路亞國際機場","-38.1092","176.317","Pacific/Auckland","0",""
"ROW","US","로스웰","Roswell","ロズウェル","羅斯韋爾","","","Roswell Air Center Airport","ロズウェル国際航空センター","羅斯威爾國際航空中心","33.3016","-104.531","America/Denver","0",""
"RPR","IN","라이푸르","Raipur","ラーイプル","賴布爾","","","Swami Vivekananda Airport","ラーイプル空港","賴布林","21.1804","81.7388","Asia/Kolkata","0",""
"RQA","CN","뤄창현","Ruoqiang County","チャルクリク県","若羌縣","Ruoqiang Town","","Ruoqiang Loulan Airport","若羌楼蘭空港","若羌楼兰机场","38.9747","88.0083","Asia/Urumqi","0",""
"RRG","MU","","Port Mathurin","","","","","Sir Charles Gaetan Duval Airport","サー・ゲイタン・ドゥバル空港","伽堂·杜瓦爾爵士機場","-19.7567","63.3593","Indian/Mauritius","0",""
"RRS","NO","뢰로스","Røros Municipality","レーロース","勒羅斯","Røros","","Røros Airport","レーロース空港","","62.5784","11.3423","Europe/Stockholm","0",""
"RSA","AR","산타로사","Santa Rosa","サンタローサ","聖羅莎","","","Santa Rosa Airport","サンタローサ空港 (アルゼンチン)","聖羅莎機場","-36.5883","-64.2757","America/Argentina/Salta","0",""
"RSD","BS","","Rock Sound","","","","","Rock Sound International Airport","ロック・サウンド国際空港","羅克桑德","24.8916","-76.1776","America/Nassau","0",""
"RSI","SA","","Hanak","","","","홍해 국제공항","Red Sea International Airport","","","25.628","37.0889","Asia/Riyadh","0",""
"RST","US","","Rochester","","","","","Rochester International Airport","ロチェスター国際空港","羅徹斯特","43.9083","-92.5","America/Chicago","0",""
"RSU","KR","여수","Yeosu","麗水","麗水","","여수공항","Yeosu Airport","麗水空港","麗水機場","34.8423","127.617","Asia/Seoul","0",""
"RSW","US","포트마이어스","Fort Myers","フォートマイヤーズ","邁爾斯堡","","사우스웨스트 플로리다 국제공항","Southwest Florida International Airport","サウスウエスト・フロリダ国際空港","麥爾茲堡","26.5347","-81.7528","America/New_York","0",""
"RTB","HN","로아탄섬","Roatán","ロアタン島","羅阿坦島","Coxen Hole","","Juan Manuel Gálvez International Airport","フアン・マヌエル・ガルベス国際空港","羅阿坦島國際機場","16.3168","-86.523","America/Tegucigalpa","0",""
"RTM","NL","로테르담","Rotterdam","ロッテルダム","鹿特丹","","로테르담-헤이그 공항","Rotterdam The Hague Airport","ロッテルダム・ハーグ空港","鹿特丹機場","51.9569","4.4372","Europe/Amsterdam","0",""
"RUA","UG","아루아","Arua","アルア","阿魯阿","","","Arua Airport","アルア空港","阿魯阿","3.0492","30.9117","Africa/Lubumbashi","0",""
"RUH","SA","리야드","Riyadh","リヤド","利雅德","","킹 칼리드 국제공항","King Khalid International Airport","キング・ハーリド国際空港","哈立德国王国际机场","24.9576","46.6988","Asia/Riyadh","0",""
"RUN","RE","생드니","Saint-Denis","サン＝ドニ","聖但尼","Sainte-Marie","롤랑 가로 공항","Roland Garros Airport","ローラン・ギャロス空港","羅蘭加洛斯機場","-20.8901","55.5189","Indian/Reunion","0",""
"RUR","PF","","Rurutu","ルルツ島","魯魯圖島","","","Rurutu Airport","ルルツ空港","","-22.4341","-151.361","Pacific/Tahiti","0",""
"RUT","US","러틀랜드","Rutland","ラトランド","拉特蘭","","","Rutland - Southern Vermont Regional Airport","ラトランド郡空港","","43.5294","-72.9496","America/New_York","0",""
"RVK","NO","","Rørvik","","勒尔维克","","","Rørvik Airport, Ryum","","","64.8383","11.1461","Europe/Oslo","0",""
"RVN","FI","로바니에미","Rovaniemi","ロヴァニエミ","羅瓦涅米","","","Rovaniemi Airport","ロヴァニエミ空港","羅瓦涅米機場","66.5633","25.8298","Europe/Helsinki","0",""
"RVY","UY","리베라","Rivera","リベラ","里韋拉","Rivera/Santana do Livramento","","Pres. Gral. Óscar D. Gestido Binational Airport","リベラ国際空港","","-30.9746","-55.4762","America/Montevideo","0",""
"RXS","PH","로하스","Roxas City","ロハス","羅哈斯","","","Roxas Airport","ロハス空港","羅克薩斯","11.5977","122.752","Asia/Manila","0",""
"RYK","PK","라힘 야르 칸","Rahim Yar Khan","ラヒームヤール・ハーン","拉希姆亞爾汗","","","Shaikh Zaid Airport","ラヒーム・ヤール・ハーン","謝赫扎耶德國際機場","28.3839","70.2796","Asia/Karachi","0",""
"RZE","PL","제슈프","Rzeszów","ジェシュフ","熱舒夫","Jasionka","제슈프 야시온카 공항","Rzeszów-Jasionka Airport","ジェシュフ＝ヤションカ空港","熱舒夫-亞西翁卡機場","50.1098","22.0242","Europe/Warsaw","0",""
"RZR","IR","람사르","Ramsar","ラームサル","拉姆薩爾","","","Ramsar Airport","ラームサル空港","拉姆薩爾國際機場","36.907","50.6873","Asia/Tehran","0",""
"RZV","TR","아르트빈주","Artvin Province","アルトヴィン県","阿尔特温省","Rize","","Rize–Artvin Airport","リゼ・アルトヴィン空港","里泽-阿尔特温机场","41.1798","40.8488","Europe/Istanbul","0",""
"SAB","BQ","보텀","The Bottom","ボトム","博坦","Zion's Hill","후안초 E. 이라우스퀸 공항","Juancho E. Yrausquin Airport","ファンチョ・E・ヨラウスクィン飛行場","胡安徹·亞拉斯奎恩機場","17.6453","-63.2205","America/Kralendijk","0",""
"SAF","US","샌타페이","Santa Fe","サンタ・フェ","聖塔菲","","","Santa Fe Municipal Airport","Santa Fe市営空港","圣菲市立机场","35.6171","-106.089","America/Denver","0",""
"SAG","IN","","Shirdi","","舍地","Kakadi","","Shirdi International Airport","","捨地機場","19.6892","74.3737","Asia/Kolkata","0",""
"SAH","YE","사나","Sanaa","サヌア","沙那","","사나 국제공항","Sanaa International Airport","サヌア国際空港","薩那國際機場","15.4763","44.2197","Asia/Aden","0",""
"SAI","KH","","Siem Reap","","","","시엠립 앙코르 국제공항","Siem Reap-Angkor International Airport","シェムリアップ・アンコール国際空港","暹粒吳哥國際機場","13.3697","104.2238","Asia/Phnom_Penh","0",""
"SAL","SV","엘살바도르","El Salvador","エルサルバドル","薩爾瓦多","San Salvador (San Luis Talpa)","","El Salvador International Airport Saint Óscar Arnulfo Romero y Galdámez","","","13.4445","-89.0558","America/El_Salvador","0",""
"SAN","US","샌디에고","San Diego","サン・ディエゴ","聖地牙哥","","샌디에고 국제공항","San Diego International Airport","サンディエゴ国際空港","聖地牙哥國際機場","32.7336","-117.19","America/Los_Angeles","0",""
"SAP","HN","산페드로술라","San Pedro Sula","サン・ペドロ・スーラ","聖佩德羅蘇拉","","라몬 비예다 모랄레스 국제공항","Ramón Villeda Morales International Airport","ラモン・ビジェダ・モラレス国際空港","聖佩德羅蘇拉","15.4526","-87.9236","America/Tegucigalpa","0",""
"SAQ","BS","","Nicholls Town","ニコルズ・タウン","尼科尔斯镇","Andros Island","","San Andros Airport","サン・アンドロス空港","尼科爾斯鎮","25.0538","-78.049","America/Nassau","0",""
"SAT","US","샌안토니오","San Antonio","サン・アントニオ","聖安東尼奧","","샌안토니오 국제공항","San Antonio International Airport","サンアントニオ国際空港","聖安東尼奧國際機場","29.5337","-98.4698","America/Chicago","0",""
"SAV","US","서배너","Savannah","サヴァンナ","薩凡納","","","Savannah Hilton Head International Airport","Savannah/Hilton Head国際空港","薩凡納","32.1266","-81.2","America/New_York","0",""
"SAW","TR","이스탄불","Istanbul","イスタンブール","伊斯坦堡","Pendik, Istanbul","사비하 괵첸 국제공항","Istanbul Sabiha Gökçen International Airport","サビハ・ギョクチェン国際空港","薩比哈·格克琴國際機場","40.8986","29.3092","Europe/Istanbul","0",""
"SBA","US","샌타바버라","Santa Barbara","サンタ・バーバラ","聖塔芭芭拉","","","Santa Barbara Municipal Airport","サンタバーバラ空港","聖芭芭拉","34.4262","-119.84","America/Los_Angeles","0",""
"SBD","US","샌버너디노","San Bernardino","サンバーナディーノ","聖博納迪諾","","","San Bernardino International Airport","サンバーナディーノ国際空港","圣贝纳迪诺国际机场","34.0967","-117.2366","America/Los_Angeles","0",""
"SBH","BL","생바르텔레미","Saint Barthélemy","サン・バルテルミー島","聖巴瑟米","Gustavia","구스타프 III 공항","St. Jean Airport","グスタフ3世飛行場","聖巴泰勒米","17.9044","-62.8433","America/St_Barthelemy","0",""
"SBN","US","사우스벤드","South Bend","サウス・ベンド","南本德","","","South Bend International Airport","サウスベンド国際空港","南本德國際機場","41.7083","-86.3169","America/Indiana/Indianapolis","0",""
"SBP","US","샌루이스오비스포","San Luis Obispo","サン・ルイス・オビスポ","聖路易歐比斯波","","","San Luis County Regional Airport","サンルイスオビスポ郡地域空港","聖路易斯奧比斯堡","35.2368","-120.642","America/Los_Angeles","0",""
"SBT","RU","","Sabetta","","","","","Sabetta International Airport","サベッタ国際空港","薩別塔國際機場","71.2192","72.0522","Asia/Yekaterinburg","0",""
"SBW","MY","","Bintangor","","民丹莪","Sibu","","Sibu Airport","シブ空港","诗巫机场","2.2616","111.985","Asia/Kuching","0",""
"SBY","US","솔즈베리","Salisbury","ソールズベリー","索爾茲伯里","","","Salisbury Ocean City Wicomico Regional Airport","Wicomico地域空港","索爾茲伯里地區機場","38.3405","-75.5103","America/New_York","0",""
"SBZ","RO","시비우","Sibiu","シビウ","錫比烏","","","Sibiu International Airport","シビウ国際空港","錫比烏","45.7858","24.0867","Europe/Bucharest","0",""
"SCC","US","","Deadhorse","","","","데드호스 공항","Deadhorse Airport","デッドホース空港","戴德霍斯机场","70.1947","-148.465","America/Anchorage","0",""
"SCE","US","스테이트칼리지","State College","ステートカレッジ","斯泰特科利奇","","","State College Regional Airport","ユニバーシティパーク空港","州學院（賓夕法尼亞州）","40.8494","-77.8485","America/New_York","0",""
"SCK","US","스톡턴","Stockton","ストックトン","史塔克頓","","","Stockton Metropolitan Airport","ストックトン都市空港","斯托克頓機場","37.8933","-121.2381","America/Los_Angeles","0",""
"SCL","CL","산티아고","Santiago","サンティアゴ","聖地牙哥","","코모도로 아르투로 메리노 베니테스 국제공항","Comodoro Arturo Merino Benítez International Airport","アルトゥーロ・メリノ・ベニテス国際空港","阿图罗·梅里诺·贝尼特斯准将国际机场","-33.393","-70.7858","America/Santiago","0",""
"SCN","DE","자르브뤼켄","Saarbrücken","ザールブリュッケン","薩爾布魯根","","자르브뤼켄 공항","Saarbrücken Airport","ザールブリュッケン空港","薩爾布呂肯機場","49.2145","7.1097","Europe/Berlin","0",""
"SCO","KZ","악타우","Aktau","アクタウ","阿克套","","악타우 국제공항","Aktau International Airport","アクタウ空港","阿克套機場","43.8601","51.0909","Asia/Aqtau","0",""
"SCQ","ES","산티아고데콤포스텔라","Santiago de Compostela","サンティアゴ・デ・コンポステーラ","聖地牙哥-德孔波斯特拉","","","Santiago-Rosalía de Castro Airport","サンティアゴ軍用飛行場","","42.8963","-8.4151","Europe/Madrid","0",""
"SCR","SE","","Trysil Municipality","ヘードマルク県","特呂西爾","Malung-Sälen","","Scandinavian Mountains Airport","セーレン・トリシル空港","","61.1651","12.8335","Europe/Stockholm","0",""
"SCT","YE","소코트라섬","Socotra","ソコトラ島","索科特拉島","Mori","","Socotra Airport","ソコトラ空港","索科特拉機場","12.6321","53.9062","Asia/Aden","0",""
"SCU","CU","산티아고데쿠바","Santiago de Cuba","サンティアゴ・デ・クーバ","聖地牙哥","Santiago","","Antonio Maceo International Airport","アントニオマセオ空港（サンティアーゴ・デ・クーバ）","安東尼奧馬賽奧機場","19.9747","-75.8355","America/Havana","0",""
"SCV","RO","수체아바","Suceava","スチャヴァ","蘇齊化","","","Suceava Ștefan cel Mare International Airport","スチャヴァ空港","蘇恰瓦","47.6875","26.3541","Europe/Bucharest","0",""
"SCW","RU","식팁카르","Syktyvkar","スィクティフカル","瑟克特夫卡爾","","","Syktyvkar Airport","スィクティフカル空港","瑟克特夫卡爾機場","61.647","50.8451","Europe/Moscow","0",""
"SDD","AO","루방구","Lubango","ルバンゴ","盧班戈","","","Lubango Mukanka International Airport","ルバンゴ","盧班戈機場","-14.9248","13.5767","Africa/Luanda","0",""
"SDE","AR","산티아고델에스테로","Santiago del Estero","サンティアゴ・デル・エステロ","聖地牙哥愛沙泰羅","","","Vicecomodoro Angel D. La Paz Aragonés Airport","ビセコモドーロ・アンヘル・デ・ラ・パス・アラゴネス空港","聖地亞哥·德爾埃斯特羅-阿拉貢和平天使機場","-27.7656","-64.31","America/Argentina/Cordoba","0",""
"SDF","US","루이빌","Louisville","ルイヴィル","路易維爾","","루이빌 국제공항","Louisville Muhammad Ali International Airport","ルイビル・モハメド・アリ国際空港","路易維爾國際機場","38.1706","-85.7351","America/Kentucky/Louisville","0",""
"SDG","IR","사난다즈","Sanandaj","サナンダージ","薩南達季","","","Sanandaj Airport","サナンダジュ空港","","35.2459","47.0092","Asia/Tehran","0",""
"SDK","MY","","Sandakan District","サンダカン郡","山打根縣","Sandakan","산다칸 공항","Sandakan Airport","サンダカン空港","山打根国际机场","5.9009","118.059","Asia/Kuching","0",""
"SDL","SE","팀로","Timrå Municipality","ティムラ","蒂姆羅市鎮","Sundsvall/ Härnösand","","Sundsvall-Härnösand Airport","サンズヴァル","鬆茲瓦爾-蒂姆羅機場","62.5281","17.4439","Europe/Stockholm","0",""
"SDP","US","","Sand Point","","桑德波因特","","","Sand Point Airport","サンド・ポイント","沙點","55.3139","-160.5221","America/Anchorage","0",""
"SDQ","DO","산토도밍고","Santo Domingo","サント・ドミンゴ","聖多明哥","","라스아메리카스 국제공항","Las Américas International Airport","ラス・アメリカス国際空港","聖多明各","18.4297","-69.6689","America/Santo_Domingo","0",""
"SDR","ES","산탄데르","Santander","サンタンデール","聖坦德","","산탄데르 공항","Seve Ballesteros-Santander Airport","サンタンデール空港","桑坦德","43.4271","-3.82","Europe/Madrid","0",""
"SDS","JP","사도","Sado","佐渡","佐渡","","사도 공항","Sado Airport","佐渡空港","佐渡機場","38.0602","138.414","Asia/Tokyo","0",""
"SDU","BR","리우데자네이루","Rio de Janeiro","リオデジャネイロ","里約熱內盧","","리우데자네이루 산투스 두몬트 공항","Santos Dumont Airport","サントス・ドゥモン空港","聖杜蒙特機場","-22.9104","-43.1628","America/Sao_Paulo","0",""
"SDW","IN","","Sindhudurg Fort","シンドゥドゥルグ城","","Chipi","","Sindhudurg Airport","","","16.0026","73.5298","Asia/Kolkata","0",""
"SDY","US","","Sidney","シドニー","西德尼","","","Sidney - Richland Regional Airport","Sidney-Richland市営空港","","47.7051","-104.1944","America/Denver","0",""
"SEB","LY","세바","Sabha","セブハ","薩巴赫","","","Sabha Airport","セブハ空港","塞蔔哈機場","26.9925","14.4662","Africa/Tripoli","0",""
"SEK","RU","스레드네콜림스크","Srednekolymsk","スレドネコリムスク","中科雷姆斯克","","","Srednekolymsk Airport","","","67.4805","153.7364","Asia/Srednekolymsk","0",""
"SEN","GB","런던","London","ロンドン","倫敦","Southend-on-Sea, Essex","런던 사우스엔드 공항","London Southend Airport","ロンドン・サウスエンド空港","倫敦紹森德機場","51.5706","0.6936","Europe/London","0",""
"SEZ","SC","빅토리아","Victoria","ヴィクトリア","維多利亞","","세이셸 국제공항","Seychelles International Airport","セイシェル国際空港","塞舌尔国际机场","-4.6743","55.5218","Indian/Mahe","0",""
"SFA","TN","스팍스","Sfax","スファックス","斯法克斯","","","Sfax Thyna International Airport","スファックス","斯法克斯","34.718","10.691","Africa/Tunis","0",""
"SFB","US","올랜도","Orlando","オーランド","奧蘭多","","올랜도샌퍼드 국제공항","Orlando Sanford International Airport","オーランド・サンフォード国際空港","奧蘭多桑福德國際機場","28.7743","-81.2346","America/New_York","0",""
"SFG","MF","세인트마틴섬","Saint Martin","セント・マーチン島","圣马丁岛","Grand Case","","Grand Case-l'Espérance Airport","グランカーズ・エスペランサ飛行場","","18.1001","-63.0474","America/Marigot","0",""
"SFJ","GL","칸게를루수악","Kangerlussuaq","カンゲルルススアーク","康埃卢苏阿克","","","Kangerlussuaq International Airport","カンゲルルススアーク空港","坎克爾路斯斯雅克機場","67.0104","-50.7153","America/Godthab","0",""
"SFN","AR","산타페","Santa Fe","サンタフェ","聖菲","","","Sauce Viejo Airport","サウセ・ビエホ空港","紹塞維耶荷機場","-31.7117","-60.8117","America/Argentina/Cordoba","0",""
"SFS","PH","잠발레스주","Olongapo","サンバレス","三描禮士省","","","Subic Bay International Airport / Naval Air Station Cubi Point","スービック・ベイ国際空港","蘇比克灣國際機場","14.7948","120.2719","Asia/Manila","0",""
"SFT","SE","셸레프테오","Skellefteå","シェレフテオ","謝萊夫特奧","","","Skellefteå Airport","シェレフテオ空港","謝萊夫特奧機場","64.6248","21.0769","Europe/Stockholm","0",""
"SGC","RU","수르구트","Surgut","スルグト","蘇爾古特","","","Surgut International Airport","スルグト国際空港","蘇爾古特機場","61.3405","73.4058","Asia/Yekaterinburg","0",""
"SGD","DK","쇠네르보르","Sønderborg","スナボー","森訥堡","","","Sønderborg Airport","セナボー空港","森讷堡机场","54.9644","9.7917","Europe/Copenhagen","0",""
"SGF","US","스프링필드","Springfield","スプリングフィールド","斯普林菲爾德","","","Springfield Branson National Airport","スプリングフィールド・ブランソン・ナショナル空港","春田市機場","37.245","-93.3886","America/Chicago","0",""
"SGU","US","세인트조지","St. George","セイント・ジョージ","聖喬治","","","St George Regional Airport","セント・ジョージ地域空港","","37.0364","-113.5103","America/Denver","0",""
"SHA","CN","상하이","Shanghai","上海","上海","Shanghai (Minhang)","상하이 훙차오 국제공항","Shanghai Hongqiao International Airport","上海虹橋国際空港","上海虹橋國際機場","31.1981","121.3343","Asia/Shanghai","0",""
"SHB","JP","나카시베쓰정","Nakashibetsu","中標津町","中標津町","","나카시베쓰 공항","Nakashibetsu Airport","中標津空港","中標津機場","43.5775","144.96","Asia/Tokyo","0",""
"SHD","US","스톤턴","Staunton","スタントン","斯湯頓","Weyers Cave","","Shenandoah Valley Regional Airport","Shenandoah Valley地域空港","谢南多亚山谷区域机场","38.2638","-78.8964","America/New_York","0",""
"SHJ","AE","샤르자","Sharjah","シャールジャ","沙加","","샤르자 국제공항","Sharjah International Airport","シャールジャ国際空港","沙迦國際機場","25.3286","55.5172","Asia/Dubai","0",""
"SHL","IN","실롱","Shillong","シロン","西隆","","","Shillong Airport","シロン空港","西隆","25.7036","91.9787","Asia/Kolkata","0",""
"SHM","JP","난키","Nanki","南紀","南紀","Shirahama","난키시라하마 공항","Nanki Shirahama Airport","南紀白浜空港","南紀白濱機場","33.6622","135.364","Asia/Tokyo","0",""
"SHO","SZ","만지니","Manzini","マンジニ","曼齊尼","Mpaka","음스와티 3세 국제공항","King Mswati III International Airport","キング・ムスワティ3世国際空港","恩史瓦帝三世國際機場","-26.3586","31.7169","Africa/Mbabane","0",""
"SHR","US","쉐리던","Sheridan","シェリダン","謝里登","","","Sheridan County Airport","シェリダン郡空港","","44.7692","-106.98","America/Denver","0",""
"SHS","CN","징저우","Jingzhou","荊州","荊州","Jingzhou (Shashi)","","Jingzhou Shashi Airport","沙市空港","沙市机场","30.2928","112.4485","Asia/Shanghai","0",""
"SHV","US","슈리브포트","Shreveport","シュリーヴポート","什里夫波特","","","Shreveport Regional Airport","シュリーヴポート地域空港","什里夫波特区域机场","32.4447","-93.8267","America/Chicago","0",""
"SHW","SA","","Sharurah governorate","シャルラ","","Sharurah","","Sharurah Domestic Airport","シャルラ","","17.4669","47.1214","Asia/Riyadh","0",""
"SID","CV","이스파르구스","Espargos","エスパルゴス","埃斯帕戈斯","","아밀카르 카브랄 국제공항","Amílcar Cabral International Airport","アミルカル・カブラル国際空港","阿米尔卡·加布拉尔国际机场","16.7414","-22.9494","Atlantic/Cape_Verde","0",""
"SIG","PR","산후안","San Juan","サン・フアン","聖胡安","","","Fernando Luis Ribas Dominicci Airport","フェルナンド・ルイス・リバス・ドミニクシ空港","Isla Grande 機場","18.4568","-66.0981","America/Puerto_Rico","0",""
"SIS","ZA","","Sishen","","","","","Sishen Airport","","","-27.6486","22.9993","Africa/Johannesburg","0",""
"SIT","US","싯카","Sitka","シトカ","錫特卡","","","Sitka Rocky Gutierrez Airport","シトカ・ロッキー・グティエレス空港","锡特卡罗奇·古特雷斯机场","57.0471","-135.362","America/Sitka","0",""
"SJC","US","산호세","San Jose","サンノゼ","聖荷西","","산호세 국제공항","Mineta San Jose International Airport","ノーマン・Y・ミネタ・サンノゼ国際空港","諾曼·峰田聖荷西國際機場","37.3625","-121.9292","America/Los_Angeles","0",""
"SJD","MX","","San José del Cabo","サン ホセ デル カボ","卡波聖盧卡","","로스카보스 국제공항","Los Cabos International Airport","ロス・カボス国際空港","聖荷西（墨西哥）","23.1519","-109.7207","America/Mazatlan","0",""
"SJE","CO","산호세델과비아레","San José del Guaviare","サンホセ・デル・グアビアーレ","瓜維亞雷河畔聖何塞","","","Jorge E. Gonzalez Torres Airport","ホルヘ・エンリケ・ゴンサレス・トレス空港","豪尔赫·恩里克·冈萨雷斯·托里斯机场","2.5797","-72.6394","America/Bogota","0",""
"SJI","PH","산 호세","San Jose","サンホセ","","","","San Jose Airport","マクガイア飛行場","聖荷西機場 (菲律賓)","12.3615","121.047","Asia/Manila","0",""
"SJJ","BA","사라예보","Sarajevo","サラエヴォ","塞拉耶佛","","사라예보 국제공항(SJJ)","Sarajevo International Airport","サラエボ国際空港 (SJJ)","塞拉耶佛國際機場","43.8246","18.3315","Europe/Sarajevo","0",""
"SJK","BR","상조제두스캄푸스","São José dos Campos","サン・ジョゼ・ドス・カンポス","聖若澤多斯坎波斯","","","Professor Urbano Ernesto Stumpf Airport","サン・ジョゼ・ドス・カンポス空港","聖若澤-杜斯坎普斯機場","-23.2292","-45.8615","America/Sao_Paulo","0",""
"SJL","BR","","São Gabriel da Cachoeira","サン・ガブリエウ・ダ・カショエイラ","聖加布里埃爾達卡紹埃拉","","","São Gabriel da Cachoeira Airport","サン・ガブリエウ・ダ・カショエイラ","圣加布里埃尔达卡舒埃拉机场","-0.1484","-66.9855","America/Manaus","0",""
"SJO","CR","산호세","San José","サンホセ","聖荷西","San José (Alajuela)","후안 산타마리아 국제공항","Juan Santamaría International Airport","フアン・サンタマリーア国際空港","胡安·聖瑪麗亞國際機場","9.9939","-84.2088","America/Costa_Rica","0",""
"SJP","BR","상조제두히우프레투","São José do Rio Preto","サン・ジョゼー・ド・リオ・プレト","普雷圖河畔聖若澤","","","Prof. Eribelto Manoel Reino State Airport","サン・ジョゼー・ド・リオ・プレト","","-20.8171","-49.407","America/Sao_Paulo","0",""
"SJT","US","","San Angelo","","","","","San Angelo Regional Mathis Field","","聖安吉洛地區機場","31.3577","-100.496","America/Chicago","0",""
"SJU","PR","산후안","San Juan","サン・フアン","聖胡安","","루이스 무뇨스 마린 국제공항","Luis Munoz Marin International Airport","ルイス・ムニョス・マリン国際空港","路易斯·穆尼奥斯·马林国际机场","18.4394","-66.0018","America/Puerto_Rico","0",""
"SJZ","PT","벨라스","Velas","ヴェーラス","韦拉什","","","São Jorge Airport","サンジョルジェ空港","聖若熱機場","38.6655","-28.1758","Atlantic/Azores","0",""
"SKB","KN","바스테르","Basseterre","バセテール","巴斯特尔","","","Robert L. Bradshaw International Airport","ロバート・L・ブラッドショー国際空港","聖基茨島","17.3108","-62.7191","America/St_Kitts","0",""
"SKD","UZ","사마르칸트","Samarkand","サマルカンド","撒馬爾罕","","사마르칸트 국제공항","Samarkand International Airport","サマルカンド国際空港","撒馬爾罕國際機場","39.7018","66.9815","Asia/Samarkand","0",""
"SKG","GR","테살로니키","Thessaloniki","テッサロニキ","塞薩羅尼基","","테살로니키 공항","Thessaloniki Macedonia International Airport","テッサロニキ・マケドニア国際空港","塞薩洛尼基馬其頓國際機場","40.5193","22.97","Europe/Athens","0",""
"SKN","NO","","Stokmarknes","ストックマルクネス","斯托克馬克內斯","Hadsel","","Stokmarknes Airport, Skagen","ストックマルクネス空港","","68.5788","15.0334","Europe/Oslo","0",""
"SKO","NG","소코토","Sokoto","ソコト","索科托","","","Sadiq Abubakar III International Airport","サディク・アブバカール3世国際空港","薩迪克·阿布巴卡爾三世國際機場","12.9157","5.2075","Africa/Lagos","0",""
"SKP","MK","스코페","Skopje","スコピエ","史高比耶","Ilinden","스코페 국제공항","Skopje International Airport","スコピエ空港","史高比耶機場","41.9581","21.6226","Europe/Skopje","0",""
"SKT","PK","시알코트","Sialkot","シアールコート","錫亞爾科特","","시알코트 국제공항","Sialkot International Airport","シアールコート国際空港","錫亞爾科特國際機場","32.5359","74.3646","Asia/Karachi","0",""
"SKX","RU","사란스크","Saransk","サランスク","薩蘭斯克","","","Saransk International Airport","サランスク空港","薩蘭斯克機場","54.1251","45.2123","Europe/Moscow","0",""
"SKZ","PK","수쿠르","Sukkur","サッカル","蘇庫爾","","","Begum Nusrat Bhutto International Airport Sukkur","サッカル空港","蘇庫爾","27.722","68.7917","Asia/Karachi","0",""
"SLA","AR","살타","Salta","サルタ","薩爾塔","","","Martín Miguel de Güemes International Airport","マルティン・ミゲル・デ・グエメス国際空港","薩爾塔","-24.856","-65.4862","America/Argentina/Salta","0",""
"SLD","SK","","Sliač","スリアチ","斯利亞奇","","","Sliač Airport","スリアチュ空港","斯利亞奇機場","48.6378","19.1341","Europe/Bratislava","0",""
"SLE","US","세일럼","Salem","セイラム","撒冷","","","Salem-Willamette Valley Airport/McNary Field","","","44.9095","-123.003","America/Los_Angeles","0",""
"SLK","US","","Saranac Lake","サラナックレイク","薩拉納克湖","","","Adirondack Regional Airport","Adirondack地域空港","","44.3869","-74.2046","America/New_York","0",""
"SLL","OM","도파르주","Dhofar Governorate","ドファール特別行政区","佐法爾省","Salalah","살랄라 공항","Salalah International Airport","サラーラ国際空港","塞拉萊機場","17.0387","54.0913","Asia/Muscat","0",""
"SLM","ES","살라망카","Salamanca","サラマンカ","薩拉曼卡","","살라망카 공항","Salamanca Airport","サラマンカ空港","萨拉曼卡机场","40.9521","-5.502","Europe/Madrid","0",""
"SLN","US","설라이나","Salina","サライナ","薩利納","","","Salina Municipal Airport","サリナ空港","薩利納市立機場","38.791","-97.6522","America/Chicago","0",""
"SLP","MX","산루이스포토","San Luis Potosí","サン・ルイス・ポトシ","聖路易斯波托西","","","Ponciano Arriaga International Airport","サン・ルイス・ポトシ国際空港","龐西亞諾·阿里亞加國際機場","22.262","-100.9357","America/Mexico_City","0",""
"SLU","LC","캐스트리스","Castries","カストリーズ","卡斯翠","","","George F. L. Charles Airport","ジョージ・F・L・チャールズ空港","乔治·查尔斯机场","14.0202","-60.9929","America/St_Vincent","0",""
"SLW","MX","살티요","Saltillo","サルティーヨ","薩爾蒂約","","","Plan de Guadalupe International Airport","プラン・デ・グアダルーペ国際空港","","25.5379","-100.9283","America/Monterrey","0",""
"SLY","RU","살레하르트","Salekhard","サレハルド","萨列哈尔德","","","Salekhard Airport","サレハルド空港","薩列哈爾德機場","66.5908","66.611","Asia/Yekaterinburg","0",""
"SLZ","BR","상루이스","São Luís","サン・ルイス","聖路易斯","","","Marechal Cunha Machado International Airport","","","-2.5864","-44.235","America/Fortaleza","0",""
"SMA","PT","빌라두포르투","Vila do Porto","","波爾圖鎮","","","Santa Maria Airport","サンタマリア空港 (アゾレス諸島)","聖瑪利亞島機場","36.9714","-25.1706","Atlantic/Azores","0",""
"SMF","US","새크라멘토","Sacramento","サクラメント","沙加緬度","","새크라멘토 국제공항","Sacramento International Airport","サクラメント国際空港","沙加緬度國際機場","38.6954","-121.591","America/Los_Angeles","0",""
"SMI","GR","바티","Vathy","ヴァティ","瓦西","Samos Island","","Samos Airport","サモス国際空港","薩摩斯國際機場","37.69","26.9117","Europe/Athens","0",""
"SML","BS","","Stella Maris","","","","","Stella Maris Airport","ステラ・マリス空港","長島","23.5823","-75.2686","America/Nassau","0",""
"SMN","US","","Salmon","","","","","Lemhi County Airport","Lemhi郡空港","","45.1222","-113.882","America/Denver","0",""
"SMR","CO","산타마르타","Santa Marta","サンタ・マルタ","聖瑪爾塔","","","Simón Bolívar International Airport","シモン・ボリバル国際空港 (コロンビア)","西蒙·玻利瓦尔国际机场","11.1196","-74.2306","America/Bogota","0",""
"SMS","MG","생마리 섬","Nosy Boraha","サント・マリー島","布拉哈島","Vohilava","","Sainte Marie Airport","サント・マリー空港","聖瑪莉機場","-17.0939","49.8158","Indian/Antananarivo","0",""
"SMW","EH","스마라","Smara","スマラ","斯馬拉","","","Smara Airport","スマラ空港","","26.732","-11.6837","Africa/El_Aaiun","0",""
"SMX","US","샌타마리아","Santa Maria","サンタ・マリア","聖瑪麗亞","","","Santa Maria Public Airport Captain G Allan Hancock Field","サンタマリア公共空港","聖瑪利亞公共機場","34.8989","-120.457","America/Los_Angeles","0",""
"SNA","US","샌타애나","Santa Ana","サンタ・アナ","聖塔安娜","","존 웨인 공항","John Wayne Orange County International Airport","ジョン・ウェイン空港","橙縣","33.6751","-117.8693","America/Los_Angeles","0",""
"SNB","AU","멜빌섬","Melville Island","メルヴィル島","梅爾維爾島","Milikapiti","","Snake Bay Airport","","","-11.4177","130.6485","Australia/Darwin","0",""
"SNC","EC","살리나스","Salinas","サリナス (エクアドル)","薩利納斯","Salinas/La Libertad","","General Ulpiano Paez International Airport","サリナス","","-2.2101","-80.9851","America/Guayaquil","0",""
"SNE","CV","상니콜라우섬","São Nicolau","サン・ニコラウ島","聖尼古勞島","Preguiça","","Preguiça Airport","プレギカ空港","","16.5889","-24.2841","Atlantic/Cape_Verde","0",""
"SNN","IE","리머릭","Limerick","リムリック","利默里克","Shannon","","Shannon Airport","","","52.702","-8.9248","Europe/Dublin","0",""
"SNO","TH","","","","","","사콘나콘 공항","Sakon Nakhon Airport","サコンナコーン空港","沙功那空機場","17.1951","104.119","Asia/Bangkok","0",""
"SNP","US","","Saint Paul Island","セントポール島 (アラスカ州)","聖保羅島 (阿拉斯加)","St Paul Island","","St Paul Island Airport","セント・ポール島","","57.1663","-170.2226","America/Nome","0",""
"SNU","CU","산타클라라","Santa Clara","サンタ・クララ","聖克拉拉","","","Abel Santamaria International Airport","サンタクララ","聖克拉拉機場","22.4922","-79.9431","America/Havana","0",""
"SNV","VE","산타 엘레나 데 우아이렌","Santa Elena de Uairén","サンタ・エレーナ・デ・ウアイレン","聖埃倫娜德瓦伊倫","","","Santa Elena de Uairén Airport","サンタ・エレーナ・デ・ウアイレン空港","","4.5547","-61.1452","America/Boa_Vista","0",""
"SNW","MM","탄드웨","Thandwe","サンドウェ","丹兌","","","Thandwe Airport","タンドウェ空港","額不裏海灘","18.4607","94.3001","Asia/Yangon","0",""
"SOB","HU","","Sármellék","シャールメッレーク","沙爾邁爾萊克","","헤비츠-벌러톤 공항","Hévíz–Balaton Airport","ヘーヴィーズ・バラトン空港","赫维什-巴拉顿国际机场","46.6864","17.1591","Europe/Budapest","0",""
"SOC","ID","수라카르타","Surakarta","スラカルタ","梭羅","","","Adisoemarmo International Airport","アディスマルモ国際空港","梭羅國際機場","-7.516","110.7575","Asia/Jakarta","0",""
"SOF","BG","소피아","Sofia","ソフィア","索菲亞","","소피아 공항","Sofia Airport","ソフィア空港","索菲亞機場","42.6964","23.4177","Europe/Sofia","0",""
"SOJ","NO","","Sørkjosen","","瑟休森","","","Sørkjosen Airport","","","69.7868","20.9594","Europe/Oslo","0",""
"SOM","VE","엘티그레","El Tigre","エル・ティグレ","埃爾蒂格雷","","","San Tomé Airport","サン・トメ空港","聖多馬斯機場","8.9451","-64.1511","America/Caracas","0",""
"SON","VU","","Luganville","","","","","Santo Pekoa International Airport","サントペコア国際空港","桑托佩可亞國際機場","-15.505","167.22","Pacific/Efate","0",""
"SOQ","ID","소롱","Sorong","ソロン (インドネシア)","索龍","","","Domine Eduard Osok Airport","ソロン","多米尼克爱德华·奥索机场","-0.894","131.287","Asia/Jayapura","0",""
"SOU","GB","사우샘프턴","Southampton","サウサンプトン","南安普敦","","","Southampton Airport","","","50.9503","-1.3568","Europe/London","0",""
"SOW","US","","Show Low","ショーロー","肖洛","","","Show Low Regional Airport","Show Low地域空港","","34.2641","-110.0071","America/Phoenix","0",""
"SPC","ES","산타크루스데라팔마","Santa Cruz de La Palma","サンタ・クルス・デ・ラ・パルマ","圣克鲁斯-德拉帕尔马","Sta Cruz de la Palma, La Palma Island","라팔마 공항","La Palma Airport","ラ・パルマ空港","拉帕尔马机场","28.6265","-17.7556","Atlantic/Canary","0",""
"SPD","BD","","Saidpur Upazila","","赛德普尔乌帕齐拉","Saidpur","","Saidpur Airport","サイドプール空港","賽德普爾","25.7592","88.9089","Asia/Dhaka","0",""
"SPI","US","스프링필드","Springfield","スプリングフィールド","春田","","","Abraham Lincoln Capital Airport","アブラハム・リンカーン・キャピタル空港","","39.8441","-89.6779","America/Chicago","0",""
"SPP","AO","메농그","Menongue","メノングエ","梅農蓋","","","Menongue Airport","メノングエ","梅农盖机场","-14.6576","17.7198","Africa/Luanda","0",""
"SPR","BZ","","Ambergris Caye","アンバーグリス・キー","安伯格里斯島","San Pedro","","John Greif II Airport","サン・ペドロ空港","聖佩德羅","17.9139","-87.9711","America/Belize","0",""
"SPS","US","위치토폴스","Wichita Falls","ウィチタ・フォールズ","威奇托福爾斯","","","Wichita Falls Municipal Airport / Sheppard Air Force Base","シェパード空軍基地","謝潑德空軍基地","33.9888","-98.4919","America/Chicago","0",""
"SPU","HR","스플리트","Split","スプリト","史普利特","","스플리트 공항","Split Saint Jerome Airport","スプリト空港","史普利特機場","43.5389","16.298","Europe/Zagreb","0",""
"SPX","EG","휴스턴","Houston","ヒューストン","休士頓","Al Jiza","","Sphinx International Airport","","","30.1082","30.8957","Africa/Cairo","0",""
"SPY","CI","상페드로","San-Pédro","サン＝ペドロ","聖佩德羅","","","San Pedro Airport","サン＝ペドロ空港","","4.7467","-6.6608","Africa/Abidjan","0",""
"SQD","CN","상라오","Shangrao","上饒","上饒","Shangrao (Hengfeng)","","Shangrao Sanqingshan Airport","上饒三清山空港","上饶三清山机场","28.3797","117.9643","Asia/Shanghai","0",""
"SQG","ID","","Sintang","","","","","Tebelian Airport","","德柏利安机场","-0.0452","111.458","Asia/Pontianak","0",""
"SQJ","CN","싼밍","Sanming","三明","三明","Sanming (Sha)","","Sanming Shaxian Airport","三明沙県空港","三明沙縣機場","26.4263","117.8336","Asia/Shanghai","0",""
"SQL","US","샌칼로스","San Carlos","サンカルロス","聖卡路士","","","San Carlos Airport","サン・カルロス空港 (カリフォルニア州)","","37.5131","-122.2508","America/Los_Angeles","0",""
"SRE","BO","수크레","Sucre","スクレ","蘇克雷","","","Alcantarí International Airport","","蘇克雷機場","-19.2468","-65.1496","America/La_Paz","0",""
"SRG","ID","스마랑","Semarang","スマラン","三寶壟","","","Jenderal Ahmad Yani Airport","アフマド・ヤニ国際空港","三寶瓏","-6.9707","110.3732","Asia/Jakarta","0",""
"SRP","NO","","Stord Municipality","ストルド","斯圖爾","Leirvik","","Stord Airport, Sørstokken","ストード空港","斯圖爾機場","59.7919","5.3408","Europe/Oslo","0",""
"SRQ","US","새러소타","Sarasota","サラソータ","薩拉索塔","Sarasota/Bradenton","","Sarasota Bradenton International Airport","サラソータ＝ブレイデントン国際空港","薩拉索塔 (佛羅里達州)","27.3946","-82.5544","America/New_York","0",""
"SRT","UG","","Soroti","ソロティ","索羅提","","","Soroti Airport","ソロティ空港","","1.7277","33.6228","Africa/Kampala","0",""
"SRY","IR","","Sari","","","","","Sari Dasht-e Naz International Airport","サーリー","薩里","36.6444","53.1888","Asia/Tehran","0",""
"SRZ","BO","산타크루스데라시에라","Santa Cruz de la Sierra","サンタ・クルス・デ・ラ・シエラ","聖克魯斯-德拉謝拉","Santa Cruz","","El Trompillo Airport","エル・トロンピロ空港","","-17.8116","-63.1715","America/La_Paz","0",""
"SSA","BR","사우바도르","Salvador","サルヴァドール","薩爾瓦多","","","Deputado Luiz Eduardo Magalhães International Airport","ディユタード・ルイス・エドワルド・マガリャエス国際空港","萨尔瓦多－路易斯·爱德华多·马加良斯议员国际机场","-12.9086","-38.3225","America/Bahia","0",""
"SSG","GQ","말라보","Malabo","マラボ","馬拉博","","말라보 국제공항","Malabo International Airport","マラボ国際空港","馬拉博機場","3.7553","8.7087","Africa/Malabo","0",""
"SSH","EG","샤름엘셰이크","Sharm el-Sheikh","シャルム・エル・シェイク","沙姆沙伊赫","","샤름엘셰이크 국제공항","Sharm El Sheikh International Airport","シャルム・エル・シェイク国際空港","沙姆沙伊赫國際機場","27.9773","34.3947","Africa/Cairo","0",""
"SSJ","NO","","Sandnessjøen","サンドネショエン","桑內舍恩","Alstahaug","","Sandnessjøen Airport, Stokka","","","65.9568","12.4689","Europe/Oslo","0",""
"SST","AR","","Santa Teresita","サンタ・テレシータ (ブエノスアイレス州)","聖泰蕾西塔","","","Santa Teresita Airport","サンタ・テレシータ空港","聖泰蕾西塔機場","-36.5423","-56.7218","America/Argentina/Buenos_Aires","0",""
"SSY","AO","","Mbanza Congo","","","","","Mbanza Congo Airport","ンバンザ・コンゴ空港","","-6.2699","14.247","Africa/Luanda","0",""
"STC","US","세인트클라우드","St. Cloud","セイント・クラウド","聖克勞德","Saint Cloud","","Saint Cloud Regional Airport","St. Cloud地域空港","圣克劳德地域机场","45.5466","-94.0599","America/Chicago","0",""
"STD","VE","산크리스토발","San Cristóbal","サン・クリストバル (ベネズエラ)","聖克里斯托瓦爾","Santo Domingo","","Mayor Buenaventura Vivas International Airport","マヨール・ブエナベントゥーラ・ビバス空港","聖多明哥機場","7.5654","-72.0351","America/Caracas","0",""
"STG","US","세인트 조지","St. George","","圣乔治","","","St George Airport","セント・ジョージ島","","56.5773","-169.6638","America/Nome","0",""
"STI","DO","산티아고데로스카바예로스","Santiago de los Caballeros","サンティアゴ・デ・ロス・カバリェロス","聖地牙哥","Santiago","","Cibao International Airport","シバオ国際空港","聖地牙哥","19.4041","-70.6044","America/Santo_Domingo","0",""
"STL","US","세인트루이스","St. Louis","セイント・ルイス","聖路易斯","","세인트루이스 램버트 국제공항","St. Louis Lambert International Airport","セントルイス・ランバート国際空港","聖路易斯蘭伯特國際機場","38.7487","-90.37","America/Chicago","0",""
"STM","BR","산타렝","Santarém","サンタレン","聖塔倫","","","Santarém - Maestro Wilson Fonseca International Airport","サンタレン","聖塔倫","-2.4224","-54.7931","America/Santarem","0",""
"STN","GB","런던","London","ロンドン","倫敦","London, Essex","런던 스탠스테드 공항","London Stansted Airport","ロンドン・スタンステッド空港","倫敦史坦斯特機場","51.885","0.235","Europe/London","0",""
"STR","DE","슈투트가르트","Stuttgart","シュトゥットガルト","司徒加特","","슈투트가르트 공항","Stuttgart Airport","シュトゥットガルト空港","斯圖加特機場","48.6899","9.222","Europe/Berlin","0",""
"STS","US","샌타로자","Santa Rosa","サンタ・ローザ","聖塔羅莎","","","Charles M. Schulz Sonoma County Airport","チャールズ・M・シュルツ・ソノマカウンティ空港","聖羅莎","38.509","-122.813","America/Los_Angeles","0",""
"STT","VI","샬럿아말리에","Charlotte Amalie","シャーロット・アマリー","夏洛特阿馬利亞","","시릴 E. 킹 공항","Cyril E. King Airport","シリル・E・キング空港","聖托馬斯","18.3371","-64.9773","America/St_Thomas","0",""
"STV","IN","","Surat","","","","","Surat International Airport","スーラト空港","蘇拉特機場","21.1155","72.7433","Asia/Kolkata","0",""
"STW","RU","스타브로폴","Stavropol","スタヴロポリ","斯達夫波爾","","","Stavropol Shpakovskoye Airport","スタヴロポリ・シパコーヴスコエ空港","斯塔夫羅波爾什帕科夫斯科耶機場","45.1092","42.1128","Europe/Moscow","0",""
"STX","VI","세인트크로이섬","Saint Croix","セント・クロイ","聖克洛伊島","Christiansted","헨리 E. 롤센 공항","Henry E. Rohlsen Airport","ヘンリー・E・ロールセン空港","聖克羅伊島","17.7014","-64.8026","America/St_Thomas","0",""
"SUB","ID","수라바야","Surabaya","スラバヤ","泗水","","주안다 국제공항","Juanda International Airport","ジュアンダ国際空港","朱安达国际机场","-7.3798","112.787","Asia/Jakarta","0",""
"SUF","IT","라메치아 테르메","Lamezia Terme","ラメーツィア・テルメ","拉梅齊亞泰爾梅","Lamezia Terme (CZ)","라메치아 테르메 국제공항","Lamezia Terme Sant'Eufemia International Airport","ラメーツィア・テルメ国際空港","拉梅齊亞泰爾梅","38.9062","16.246","Europe/Rome","0",""
"SUG","PH","수리가오","Surigao City","スリガオ","蘇里高","","","Surigao Airport","スリガオ空港","蘇里高","9.7558","125.4809","Asia/Manila","0",""
"SUI","GE","수후미","Sokhumi","スフミ","蘇呼米","Sukhumi","","Vladislav Ardzinba Sukhum International Airport","スフミ空港","巴布沙拉蘇呼米機場","42.8582","41.1281","Asia/Tbilisi","0",""
"SUJ","RO","사투마레","Satu Mare","サトゥ・マーレ","薩圖馬雷","","","Satu Mare International Airport","サトゥ・マーレ国際空港","薩圖馬雷","47.7033","22.8857","Europe/Bucharest","0",""
"SUN","US","케첨","Ketchum","ケッチャム","凱徹姆","Hailey","","Friedman Memorial Airport","フリードマン記念空港","太陽谷","43.5044","-114.296","America/Boise","0",""
"SUV","FJ","수바","Suva","スバ","蘇瓦","Nausori","나우소리 국제공항","Nausori International Airport","ナウソリ国際空港","瑙索里國際機場","-18.0442","178.5615","Pacific/Fiji","0",""
"SUX","US","수시티","Sioux City","スー・シティ","蘇城","","","Sioux Gateway Airport / Brigadier General Bud Day Field","スー・ゲートウェイ空港","蘇城機場","42.3976","-96.3822","America/Chicago","0",""
"SVA","US","사보옹가","Savoonga","サボオンガ","萨文格","","","Savoonga Airport","サボオンガ空港","","63.6864","-170.493","America/Nome","0",""
"SVB","MG","삼바바","Sambava","サンバヴァ","桑巴瓦","","","Sambava Airport","サンバヴァ空港","桑巴瓦机场","-14.2786","50.1747","Indian/Antananarivo","0",""
"SVC","US","실버시티","Silver City","シルヴァー・シティ","银城","","","Grant County Airport","","","32.6367","-108.1547","America/Denver","0",""
"SVD","VC","킹스타운","Kingstown","キングスタウン","金斯敦","","","Argyle International Airport","E.T.ジョシュア国際空港","聖文森","13.1597","-61.1488","America/St_Vincent","0",""
"SVG","NO","스타방에르","Stavanger","スタヴァンゲル","斯塔萬格","","","Stavanger Airport, Sola","スタヴァンゲル空港","斯塔萬格","58.8767","5.6378","Europe/Oslo","0",""
"SVI","CO","","San Vicente del Caguán","サン・ビセンテ・デル・カグアン","聖維森特德爾卡古安","","","Eduardo Falla Solano Airport","エドゥアルド・ファリャ・ソラノ空港","","2.1522","-74.7663","America/Bogota","0",""
"SVJ","NO","","Svolvær","スボルベル","斯沃爾韋爾","","","Svolvær Airport, Helle","","斯沃尔韦尔机场","68.2433","14.6692","Europe/Oslo","0",""
"SVL","FI","사본린나","Savonlinna","サヴォンリンナ","薩翁林納","","","Savonlinna Airport","サヴォンリンナ空港","萨翁林纳机场","61.9431","28.9451","Europe/Helsinki","0",""
"SVO","RU","모스크바","Moscow","モスクワ","莫斯科","","셰레메티예보 국제공항","Sheremetyevo International Airport","シェレメーチエヴォ国際空港","謝列梅捷沃國際機場","55.9769","37.4112","Europe/Moscow","0",""
"SVQ","ES","","Seville","","","","세비야 공항","Seville Airport","セビリア空港","塞維亞","37.418","-5.8931","Europe/Madrid","0",""
"SVX","RU","","Yekaterinburg","","","","콜초보 공항","Koltsovo Airport","コルツォヴォ国際空港","科利佐沃國際機場","56.7431","60.8027","Asia/Yekaterinburg","0",""
"SVZ","VE","","Greater San Cristóbal","","","San Antonio del Tachira","","Juan Vicente Gómez International Airport","フアン・ビセンテ・ゴメス空港","西普里亚诺·卡斯特罗将军国际机场","7.8408","-72.4399","America/Caracas","0",""
"SWA","CN","제양","Jieyang","掲陽","揭陽","Jieyang (Rongcheng)","제양 차오산 국제공항","Jieyang Chaoshan International Airport","掲陽潮汕空港","揭陽潮汕機場","23.552","116.5033","Asia/Shanghai","0",""
"SWF","US","허드슨 밸리","Hudson Valley","ハドソン・バレー","哈得遜河谷","Newburgh","스튜어트 국제공항","New York Stewart International Airport","スチュワート国際空港","斯圖爾特國際機場","41.5042","-74.1089","America/New_York","0",""
"SWO","US","스틸워터","Stillwater","スティルウォーター","斯蒂爾沃特","","","Stillwater Regional Airport","Stillwater地域空港","","36.1621","-97.0856","America/Chicago","0",""
"SXB","FR","스트라스부르","Strasbourg","ストラスブール","史特拉斯堡","","스트라스부르 공항","Strasbourg Airport","ストラスブール国際空港","斯特拉斯堡机场","48.5383","7.6282","Europe/Paris","0",""
"SXM","SX","필립스뷔르흐","Philipsburg","フィリップスブルフ","菲利普斯堡","Sint Maarten","프린세스 줄리아나 국제공항","Princess Juliana International Airport","プリンセス・ジュリアナ国際空港","朱麗安娜公主國際機場","18.041","-63.1089","America/Lower_Princes","0",""
"SXR","IN","스리나가르","Srinagar","シュリーナガル","斯利那加","","","Srinagar International Airport","シュリーナガル空港","斯利那加機場","33.9871","74.7742","Asia/Kolkata","0",""
"SYO","JP","사카타","Sakata","酒田","酒田","Shonai","쇼나이 공항","Shonai Airport","庄内空港","庄內機場","38.8122","139.787","Asia/Tokyo","0",""
"SYQ","CR","산호세","San José","サンホセ","聖荷西","","","Tobías Bolaños International Airport","トビアス・ブラニョス国際空港","托維亞斯·博拉尼奧斯國際機場","9.9571","-84.1398","America/Costa_Rica","0",""
"SYR","US","시러큐스","Syracuse","シラキュース","雪城","","시러큐스 핸콕 국제공항","Syracuse Hancock International Airport","シラキュース・ハンコック国際空港","雪城","43.1112","-76.1063","America/New_York","0",""
"SYS","RU","사스킬라흐","Saskylakh","サスキラフ","萨斯克拉赫","","","Saskylakh Airport","","","71.9279","114.08","Asia/Yakutsk","0",""
"SYY","GB","스토너웨이","Stornoway","ストーノーウェイ","斯多諾威","Stornoway, Western Isles","","Stornoway Airport","ストーノウェイ空港","外赫布里底群島斯托諾韋（SYY）","58.2156","-6.3311","Europe/London","0",""
"SYZ","IR","시라즈","Shiraz","シーラーズ","西菈子","","시라즈 국제공항","Shiraz Shahid Dastghaib International Airport","シーラーズ国際空港","沙希德·阿亞圖拉·達斯特蓋卜國際機場","29.5392","52.5898","Asia/Tehran","0",""
"SZA","AO","","Soyo","サント・アントーニオ・ド・ザイレ","索約","","","Soyo Airport","ソヨ","","-6.1411","12.3718","Africa/Luanda","0",""
"SZB","MY","","Subang","スバン","梳邦國會議席","","술탄 압둘 아지줄샤 공항","Sultan Abdul Aziz Shah International Airport","スルタン・アブドゥル・アジズ・シャー空港","蘇丹阿都阿兹沙機場","3.1306","101.549","Asia/Kuala_Lumpur","0",""
"SZF","TR","삼순","Samsun","サムスン","薩姆松","","","Samsun-Çarşamba Airport","サムスン・チャシャンバ空港","薩姆鬆","41.254","36.5675","Europe/Istanbul","0",""
"SZG","AT","잘츠부르크","Salzburg","ザルツブルク","薩爾茲堡","","잘츠부르크 공항","Salzburg Airport","ザルツブルク空港","萨尔茨堡沃尔夫冈·阿马多伊斯·莫扎特机场","47.7933","13.0043","Europe/Vienna","0",""
"SZH","CN","","Shuozhou","","","","","Shuozhou Zirun Airport","","朔州滋润机场","39.2732","112.6916","Asia/Shanghai","0",""
"SZK","ZA","크루거 국립공원","Kruger National Park","クルーガー国立公園","克魯格國家公園","Skukuza","","Skukuza Airport","スククザ空港","斯庫庫扎機場","-24.9609","31.5886","Africa/Johannesburg","0",""
"SZY","PL","슈치트노","Szczytno","シュチトノ","什奇特諾","Szymany","올슈틴 마주리 공항","Olsztyn-Mazury Airport","オルシュティン・マズーリ空港","奥尔什丁-马祖里机场","53.4819","20.9377","Europe/Warsaw","0",""
"SZZ","PL","슈체친","Szczecin","シュチェチン","什切青","Szczecin(Glewice)","슈체친 골레니우프 공항","Solidarity Szczecin–Goleniów Airport","シュチェチン","斯塞新機場","53.5847","14.9022","Europe/Warsaw","0",""
"TAB","TT","스카버러","Scarborough","スカボロー","斯卡伯勒","","","A.N.R. Robinson International Airport","クラウン・ポイント空港","多巴哥島","11.1496","-60.8313","America/Port_of_Spain","0",""
"TAC","PH","타클로반","Tacloban","タクロバン","獨魯萬","Tacloban City","","Daniel Z. Romualdez Airport","ダニエル・Z・ロマオルデス空港","獨魯萬機場","11.2278","125.0278","Asia/Manila","0",""
"TAH","VU","탄나섬","Tanna","タンナ島","塔納島","Tanna Island","","Whitegrass Airport","ホワイトグラス空港","白草機場","-19.4551","169.224","Pacific/Efate","0",""
"TAI","YE","타이즈","Ta'izz","タイズ","塔伊茲","Taiz","","Taiz International Airport","タイズ国際空港","塔伊茲國際機場","13.686","44.1391","Asia/Aden","0",""
"TAM","MX","탐피코","Tampico","タンピコ","坦皮科","Ciudad Madero","","General Francisco Javier Mina International Airport","ヘネラル・フランシスコ・ハヴィエル・ミナ国際空港","坦皮科國際機場","22.2926","-97.8671","America/Monterrey","0",""
"TAP","MX","타파출라","Tapachula de Córdova y Ordóñez","タパチュラ","塔帕丘拉","Tapachula","","Tapachula International Airport","タパチュラ国際空港","塔帕丘拉國際機場","14.7945","-92.3699","America/Mexico_City","0",""
"TAT","SK","포프라트","Poprad","ポプラト","波普拉德","","포프라트-타트리 공항","Poprad-Tatry Airport","ポプラト＝タトリー空港","波普拉德機場","49.071","20.2414","Europe/Bratislava","0",""
"TAY","EE","타르투","Tartu","タルトゥ","塔圖","","","Tartu Airport","タルトゥ空港","塔爾圖機場","58.3074","26.6865","Europe/Tallinn","0",""
"TAZ","TM","다쇼구즈","Daşoguz","ダショグズ","達沙古茲","","","Dashoguz International Airport","ダショグズ空港","達沙古茲機場","41.7599","59.8361","Asia/Ashgabat","0",""
"TBB","VN","뚜이호아","Tuy Hòa","トゥイホア","綏和","","동탁 공항","Dong Tac Airport","ドンタク国際空港","綏和機場","13.0496","109.334","Asia/Ho_Chi_Minh","0",""
"TBH","PH","알칸타라","Alcantara","アルカンタラ","阿爾坎塔拉","Tablas Island","","Tugdan Airport","タグダン空港","塔巴拉斯","12.311","122.085","Asia/Manila","0",""
"TBI","BS","","Cat Island","","","","","New Bight Airport","ニュー・バイト空港","卡特島","24.3153","-75.4523","America/Nassau","0",""
"TBJ","TN","타바르카","Tabarka","タバルカ","泰拜尔盖","","","Tabarka-Aïn Draham International Airport","タバルカ国際空港","塔巴卡國際機場","36.98","8.8769","Africa/Tunis","0",""
"TBN","US","","Fort Leonard Wood","","","","","Waynesville-St. Robert Regional Airport-Forney Field","","","37.7416","-92.1407","America/Chicago","0",""
"TBP","PE","툼베스","Tumbes","トゥンベス","通貝斯","","","Captain Pedro Canga Rodríguez International Airport","カピタン・FAP・ペドロ・カンガ・ロドリゲス国際空港","通貝斯機場","-3.5521","-80.3811","America/Lima","0",""
"TBS","GE","트빌리시","Tbilisi","トビリシ","提比里斯","","트빌리시 국제공항","Tbilisi International Airport","トビリシ国際空港","提比里西國際機場","41.6692","44.9547","Asia/Tbilisi","0",""
"TBT","BR","","Tabatinga","タバチンガ","","","","Tabatinga International Airport","タバチンガ国際空港","塔巴廷加國際機場","-4.2557","-69.9358","America/Eirunepe","0",""
"TBU","TO","누쿠알로파","Nukuʻalofa","ヌクアロファ","努瓜婁發","","푸아모투 국제공항","Fua'amotu International Airport","ファアモツ国際空港","努瓜婁發國際機場","-21.2414","-175.1492","Pacific/Tongatapu","0",""
"TBZ","IR","타브리즈","Tabriz","タブリーズ","大不里士","","타브리즈 국제공항","Tabriz International Airport","タブリーズ国際空港","大不里士國際機場","38.1339","46.235","Asia/Tehran","0",""
"TCA","AU","","Tennant Creek","","","","","Tennant Creek Airport","","滕南特克里克機場","-19.6344","134.183","Australia/Darwin","0",""
"TCB","BS","","Treasure Cay","トレジャー・カイ","","","","Treasure Cay Airport","トレジャー・カイ空港","阿巴科","26.7453","-77.3913","America/Nassau","0",""
"TCO","CO","투마코","Tumaco","トゥマコ","圖馬科","","","La Florida Airport","ラ・フロリダ空港 (コロンビア)","","1.8144","-78.7492","America/Bogota","0",""
"TCP","EG","타바","Taba","タバ","塔巴","","타바 국제공항","Taba International Airport","タバ国際空港","塔巴國際機場","29.5945","34.7758","Asia/Amman","0",""
"TCQ","PE","타크나","Tacna","タクナ","塔克納","","","Coronel FAP Carlos Ciriani Santa Rosa International Airport","コロネル・FAP・カルロス・シリアーニ・サンタ・ロサ国際空港","塔克納","-18.0533","-70.2758","America/Lima","0",""
"TCZ","CN","텅충 현","Tengchong City","騰衝","騰衝","Baoshan (Tengchong)","","Tengchong Tuofeng Airport","騰衝駝峰空港","腾冲驼峰机场","24.9381","98.4858","Asia/Shanghai","0",""
"TDD","BO","트리니다드","Trinidad","トリニダ","千里達 (玻利維亞)","","","Teniente Av. Jorge Henrich Arauz Airport","テニエンテ・ホルヘ・エンリチュ・アラウス空港","千里達機場","-14.8187","-64.918","America/La_Paz","0",""
"TDK","KZ","탈디코르간","Taldyqorğan","タルディコルガン","塔爾迪庫爾干","Taldykorgan","","Taldykorgan Airport","タルディコルガン空港","","45.1225","78.4428","Asia/Almaty","0",""
"TDX","TH","뜨랏주","Trat","トラート県","達叻府","Laem Ngop","뜨랏 공항","Trat Airport","トラート空港","桐艾機場","12.2746","102.319","Asia/Bangkok","0",""
"TEB","US","","Teterboro","テターボロ","梯特鎮","","","Teterboro Airport","テターボロ空港","泰特伯勒機場","40.8501","-74.0608","America/New_York","0",""
"TEE","DZ","테베사","Tébessa","テベッサ","泰貝薩","Tébessi","","Cheikh Larbi Tébessi Airport","チェイク・ラルビ・テベッシ空港","","35.4316","8.1207","Africa/Algiers","0",""
"TEN","CN","퉁런 지구","Tongren","銅仁","銅仁","Tongren (Daxing)","","Tongren Fenghuang Airport","銅仁鳳凰空港","銅仁鳳凰機場","27.8833","109.3089","Asia/Shanghai","0",""
"TEQ","TR","","Çorlu","チョルル","喬爾盧","","","Tekirdağ Çorlu Airport","テキルダー・チョルル空港","喬爾盧","41.1382","27.9191","Europe/Istanbul","0",""
"TER","PT","프라이아다비토리아","Praia da Vitória","プライア・ダ・ヴィトリア","普拉亞-達維多利亞","","","Lajes Airport","ラジェス航空基地","拉日什空軍基地","38.7618","-27.0908","Atlantic/Azores","0",""
"TET","MZ","테트","Tete","テテ (モザンビーク)","太特","","","Tete Airport","テテ","太特","-16.1048","33.6402","Africa/Maputo","0",""
"TEX","US","텔류라이드","Telluride","テルユライド","特柳賴德","","","Telluride Regional Airport","Telluride地域空港","特柳賴德地區機場","37.9538","-107.908","America/Denver","0",""
"TEZ","IN","","","","","","","Tezpur Airport","テズプル空港","泰茲普爾機場","26.7091","92.7847","Asia/Kolkata","0",""
"TFF","BR","","Tefé","テフェ","特費","","","Tefé Airport","テフェ空港","","-3.3829","-64.7241","America/Manaus","0",""
"TFN","ES","테네리페섬","Tenerife","テネリフェ","特內里費島","","로스로데오스 공항","Tenerife Norte-Ciudad de La Laguna Airport","テネリフェ・ノルテ空港","特内里费北部-拉拉古纳市机场","28.4828","-16.3417","Atlantic/Canary","0",""
"TFS","ES","테네리페섬","Tenerife","テネリフェ","特內里費島","","테네리페 수르 공항","Tenerife Sur Airport","テネリフェ・スール空港","特内里费南部机场","28.0445","-16.5725","Atlantic/Canary","0",""
"TGD","ME","포드고리차","Podgorica","ポドゴリツァ","波德里查","","포드고리차 공항","Podgorica Airport / Podgorica Golubovci Airbase","ポドゴリツァ空港","波德里查國際機場","42.3594","19.2519","Europe/Podgorica","0",""
"TGG","MY","쿠알라트렝가누","Kuala Terengganu","クアラトレンガヌ","瓜拉登嘉樓","","","Sultan Mahmud Airport","スルタン・マァムド空港","蘇丹馬末國際機場","5.3826","103.103","Asia/Kuala_Lumpur","0",""
"TGJ","NC","","Tiga Island","ティガ島","","Tiga","","Tiga Airport","ティガ空港","","-21.0964","167.8038","Pacific/Noumea","0",""
"TGM","RO","트르구무레슈","Târgu Mureș","トゥルグ・ムレシュ","特爾古穆列什","Recea","","Târgu Mureş Transilvania International Airport","トゥルグ・ムレシュ","特爾古穆列什國際機場","46.4677","24.4125","Europe/Bucharest","0",""
"TGO","CN","퉁랴오","Tongliao","通遼","通遼","","","Tongliao Airport","通遼空港","通遼機場","43.5567","122.2","Asia/Shanghai","0",""
"TGR","DZ","투구르트","Touggourt","トゥーグラ","圖古爾特","","","Touggourt Sidi Madhi Airport","シディ・マディ空港","","33.0678","6.0887","Africa/Algiers","0",""
"TGT","TZ","탕가","Tanga","タンガ","坦噶","","","Tanga Airport","タンガ","","-5.0924","39.0712","Africa/Dar_es_Salaam","0",""
"TGU","HN","테구시갈파","Tegucigalpa","テグシガルパ","德古斯加巴","","톤콘틴 국제공항","Toncontín Airport","トンコンティン国際空港","特古西加爾巴機場","14.0609","-87.2172","America/Tegucigalpa","0",""
"TGZ","MX","툭스틀라구티에레스","Tuxtla Gutiérrez","トゥストラ・グティエレス","圖斯特拉－古鐵雷斯","","","Angel Albino Corzo International Airport","アンヘル・アルビノ・コルソ国際空港","圖斯特拉古鐵雷斯國際機場","16.5616","-93.0257","America/Mexico_City","0",""
"THE","BR","테레지나","Teresina","テレジーナ","特雷西納","","테레시나 공항","Senador Petrônio Portela Airport","テレジナ","特雷西納機場","-5.0602","-42.8237","America/Fortaleza","0",""
"THG","AU","","Biloela","ビロエラ","","","","Thangool Airport","サンゴール空港","比洛威拉","-24.4949","150.578","Australia/Brisbane","0",""
"THL","MM","","Tachileik","タチレク","大其力","","","Tachileik Airport","タチレク空港","大其利","20.4838","99.9354","Asia/Yangon","0",""
"THN","SE","트롤헤탄","Trollhättan","トロルヘッタン","特羅爾海坦","","트롤헤탄-베네슈보리 공항","Trollhättan-Vänersborg Airport","トロルヘッタン・ヴェンネシュボリ空港","","58.3181","12.345","Europe/Stockholm","0",""
"THQ","CN","톈수이","Tianshui","天水","天水","Tianshui (Maiji)","","Tianshui Maijishan Airport","","天水麥積山機場","34.5601","105.8603","Asia/Shanghai","0",""
"THR","IR","테헤란","Tehran","テヘラン","德黑蘭","","테헤란 메흐라바드 공항","Mehrabad International Airport","メヘラーバード国際空港","梅赫拉巴德國際機場","35.6892","51.3144","Asia/Tehran","0",""
"THS","TH","수코타이주","Sukhothai","スコータイ県","素可泰府","","수코타이 공항","Sukhothai Airport","スコータイ空港","素可泰機場","17.238","99.8182","Asia/Bangkok","0",""
"TIA","AL","티라나","Tirana","ティラナ","地拉那","Rinas","너너테레사 티라나 국제공항","Tirana International Airport Mother Teresa","ティラナ・リナ空港","地拉那特蕾莎修女國際機場","41.4147","19.7206","Europe/Tirane","0",""
"TIF","SA","타이프","Ta'if","ターイフ","塔伊夫","","","Taif International Airport","ターイフ地方空港","塔伊夫地區機場","21.4847","40.5441","Asia/Riyadh","0",""
"TIH","PF","티케하우","Tikehau","ティケハウ環礁","蒂凯豪环礁","Tuherahera","","Tikehau Airport","ティケハウ空港","","-15.1196","-148.231","Pacific/Tahiti","0",""
"TIJ","MX","티후아나","Tijuana","ティフアナ","提華納","","티후아나 국제공항","General Abelardo L. Rodriguez International Airport","ヘネラル・アベラルド・L・ロドリゲス国際空港","提華納國際機場","32.541","-116.97","America/Tijuana","0",""
"TIM","ID","티미카","Timika","ティミカ","蒂米卡","","","Mozes Kilangin Airport","ティミカ空港","莫泽什吉朗因国际机场","-4.5298","136.8874","Asia/Jayapura","0",""
"TIN","DZ","틴두프","Tindouf","ティンドゥフ","廷杜夫","","","Tindouf Airport","ティンドゥフ空港","","27.7004","-8.1671","Africa/Algiers","0",""
"TIQ","MP","","Tinian Island","","","","티니안 국제공항","Francisco Manglona Borja / Tinian International Airport","テニアン国際空港","天寧機場","14.9992","145.6194","Pacific/Guam","0",""
"TIR","IN","티루파티","Tirupati","ティルパティ","蒂魯伯蒂","","","Tirupati International Airport","ティルパティ空港","蒂魯帕蒂機場","13.632","79.5399","Asia/Kolkata","0",""
"TIU","NZ","팀아루","Timaru","ティマルー","蒂馬魯","","","Timaru Airport","ティマルー空港","","-44.3028","171.225","Pacific/Auckland","0",""
"TIV","ME","티바트","Tivat","ティヴァト","蒂瓦特","","티밧 공항","Tivat Airport","ティヴァト空港","蒂瓦特機場","42.4047","18.7233","Europe/Podgorica","0",""
"TIW","US","터코마","Tacoma","タコマ","塔可瑪","","","Tacoma Narrows Airport","","","47.2674","-122.5773","America/Los_Angeles","0",""
"TJA","BO","타리하","Tarija","タリハ","塔里哈","","","Capitan Oriel Lea Plaza Airport","カピタン・オリエル・レア・プラサ空港","塔裏哈機場","-21.5557","-64.7013","America/La_Paz","0",""
"TJG","ID","","Tanta-Tabalong","","","","","Warukin Airport","","","-2.2166","115.436","Asia/Makassar","0",""
"TJH","JP","도요오카","Toyooka","豊岡","豐岡","","다지마 비행장","Konotori Tajima Airport","但馬飛行場","但馬飛行場","35.5128","134.787","Asia/Tokyo","0",""
"TJK","TR","토카트","Tokat","トカット","托卡特","","","Tokat Airport","トカット空港","","40.3247","36.3906","Europe/Istanbul","0",""
"TJM","RU","튜멘","Tyumen","チュメニ","秋明","","","Roshchino International Airport","ロスキーノ国際空港","秋明機場","57.179","65.3277","Asia/Yekaterinburg","0",""
"TJU","TJ","쿨롭","Kulob","クリャーブ","庫洛布","","","Kulob International Airport","クリャーブ空港","庫洛布","37.9881","69.805","Asia/Dushanbe","0",""
"TKD","GH","세콘디타코라디","Sekondi-Takoradi","セコンディ・タコラディ","塞康第-塔科拉迪","","","Takoradi Airport","タコラディ空港","塔科拉迪機場","4.8961","-1.7748","Africa/Accra","0",""
"TKF","US","트러키","Truckee","トラッキー","特拉基","","","Truckee Tahoe Airport","","","39.3186","-120.1406","America/Los_Angeles","0",""
"TKG","ID","람풍주","Lampung","ランプン州","楠榜省","Bandar Lampung","","Radin Inten II International Airport","ラディン・インテン2世空港","拉丁·因滕二世機場","-5.2468","105.1825","Asia/Jakarta","0",""
"TKK","FM","웨노","Weno","ウェノ","維諾","Weno Island","추크 국제공항","Chuuk International Airport","チューク国際空港","楚克國際機場","7.4619","151.843","Pacific/Chuuk","0",""
"TKN","JP","도쿠노섬","Tokunoshima","徳之島","德之島","Amagi","도쿠노시마 공항","Tokunoshima Airport","徳之島空港","德之島機場","27.8364","128.8814","Asia/Tokyo","0",""
"TKP","PF","","Takapoto","タカポト環礁","塔卡波托環礁","","","Takapoto Airport","タカポト空港","","-14.7095","-145.246","Pacific/Tahiti","0",""
"TKU","FI","투르쿠","Turku","トゥルク","土庫","","투르쿠 공항","Turku Airport","トゥルク空港","圖爾庫機場","60.5141","22.2628","Europe/Helsinki","0",""
"TKX","PF","","Takaroa","タカロア環礁","塔卡羅阿環礁","","","Takaroa Airport","タカロア空港","","-14.4558","-145.025","Pacific/Tahiti","0",""
"TLC","MX","톨루카","Toluca de Lerdo","トルーカ","托盧卡","Toluca","","Adolfo López Mateos International Airport","トルーカ国際空港","阿道夫·洛佩斯·馬特奧斯國際機場","19.3369","-99.5658","America/Mexico_City","0",""
"TLE","MG","톨리아라","Toliara","トゥリアラ","圖利亞拉","","","Toliara Airport","トゥリアラ空港","圖里阿拉機場","-23.3834","43.7285","Indian/Antananarivo","0",""
"TLH","US","탤러해","Tallahassee","タラハシー","塔拉赫西","","","Tallahassee International Airport","タラハシー地域空港","塔拉哈西國際機場","30.4012","-84.3543","America/New_York","0",""
"TLL","EE","탈린","Tallinn","タリン","塔林","","탈린 공항","Lennart Meri Tallinn Airport","タリン空港","塔林機場","59.4132","24.8326","Europe/Tallinn","0",""
"TLM","DZ","틀렘센","Tlemcen","トレムセン","特萊姆森","Zenata","","Zenata – Messali El Hadj Airport","セナタ - メッサリ・エル・ハジュ空港","特萊姆森","35.0127","-1.4571","Africa/Algiers","0",""
"TLN","FR","툴롱","Toulon","トゥーロン","土倫","Hyères, Var","","Toulon-Hyères Airport","トゥーロン空港","土倫-耶爾機場","43.0973","6.146","Europe/Paris","0",""
"TLQ","CN","투루판","Turpan","トルファン","吐魯番","","","Turpan Jiaohe Airport","トルファン交河空港","吐魯番交河機場","43.0308","89.0987","Asia/Urumqi","0",""
"TLS","FR","툴루즈","Toulouse","トゥールーズ","土魯斯","Toulouse/Blagnac","툴루즈 블라냑 공항","Toulouse-Blagnac Airport","トゥールーズ・ブラニャック空港","图卢兹－布拉尼亚克机场","43.6291","1.3638","Europe/Paris","0",""
"TLV","IL","텔아비브","Tel Aviv","テルアビブ","臺拉維夫","","벤구리온 국제공항","Ben Gurion International Airport","ベン・グリオン国際空港","班古里昂國際機場","32.0114","34.8867","Asia/Jerusalem","0",""
"TME","CO","","Tame","タメ","塔梅","","","Gustavo Vargas Airport","ガブリエル・バルガス・サントス空港","","6.4511","-71.7603","America/Bogota","0",""
"TMH","ID","","Tanah Merah","","","","","Tanah Merah Airport","","塔纳默拉机场","-6.0967","140.3035","Asia/Jayapura","0",""
"TMJ","UZ","테르메즈","Termez","テルメズ","帖爾米茲","","","Termez Airport","テルメズ空港","泰爾梅茲機場","37.2873","67.3119","Asia/Samarkand","0",""
"TML","GH","타말레","Tamale","タマレ","塔馬利","","","Yakubu Tali International Airport","タマレ空港","塔馬利","9.5539","-0.8661","Africa/Accra","0",""
"TMM","MG","토아마시나","Toamasina","トゥアマシナ","图阿马西纳","","","Toamasina Ambalamanasy Airport","トゥアマシナ空港","圖阿馬西納機場","-18.1135","49.3923","Indian/Antananarivo","0",""
"TMP","FI","탐페레","Tampere","タンペレ","坦佩雷","Tampere / Pirkkala","탐페레-피르칼라 공항","Tampere-Pirkkala Airport","タンペレ＝ピルッカラ空港","坦佩雷－皮爾卡拉機場","61.4141","23.6044","Europe/Helsinki","0",""
"TMR","DZ","타만라세트","Tamanrasset","タマンラセット","塔曼拉塞特","","아그나르 하지 베이 아크하목 공항","Aguenar – Hadj Bey Akhamok Airport","タマンラセット空港","塔曼拉塞特機場","22.811","5.4508","Africa/Algiers","0",""
"TMS","ST","상투메","São Tomé","サントメ","圣多美","","상투메 국제공항","São Tomé International Airport","サントメ国際空港","聖多美國際機場","0.3782","6.7122","Africa/Sao_Tome","0",""
"TMT","BR","","Oriximiná","オリシミナ","奧里希米納","","","Trombetas Airport","ポルト・トロンベタス空港","","-1.4896","-56.3968","America/Santarem","0",""
"TMW","AU","탐워스","Tamworth","タムワース (ニューサウスウェールズ州)","譚沃思","","","Tamworth Airport","タムワース空港","塔姆沃思機場","-31.0779","150.8455","Australia/Sydney","0",""
"TMX","DZ","","Timimoun","ティミムン","提米蒙","","","Timimoun Airport","ティミムン空港","","29.2371","0.276","Africa/Algiers","0",""
"TND","CU","트리니다드","Trinidad","トリニダ","特立尼達","","","Alberto Delgado Airport","アルベルト・デルガド空港","","21.7883","-79.9972","America/Havana","0",""
"TNE","JP","","Tanegashima Division, Research Center for Medicinal Plant Resources","薬用植物資源研究センター種子島研究部","","Tanegashima","","New Tanegashima Airport","種子島空港","種子島機場","30.6051","130.991","Asia/Tokyo","0",""
"TNG","MA","탕헤르","Tangier","タンジェ","丹吉爾","","","Tangier Ibn Battuta Airport","イブン・バットゥータ国際空港","丹吉爾","35.7317","-5.9215","Africa/Casablanca","0",""
"TNH","CN","퉁화","Tonghua","通化","通化","","","Tonghua Sanyuanpu Airport","","通化三源浦機場","42.0484","125.734","Asia/Shanghai","0",""
"TNJ","ID","탄중피낭","Tanjungpinang","タンジュン・ピナン","丹戎檳榔","Tanjung Pinang-Bintan Island","","Raja Haji Fisabilillah International Airport","ラジャ・ハジ・フィサビッリラー空港","拉贾·哈吉·斐萨比里拉国际机场","0.924","104.5334","Asia/Jakarta","0",""
"TNN","TW","타이난","Tainan","台南","臺南","Tainan (Rende)","타이난 공항","Tainan International Airport / Tainan Air Base","台南空港","臺南機場","22.9504","120.206","Asia/Taipei","0",""
"TNR","MG","안타나나리보","Antananarivo","アンタナナリボ","安塔那那利佛","","이바토 공항","Ivato International Airport","イヴァト空港","塔那那利佛/伊瓦图国际机场","-18.7969","47.4788","Indian/Antananarivo","0",""
"TOD","MY","티오만섬","Tioman Island","ティオマン島","刁曼島","","","Tioman Airport","ティオマン空港","刁曼國際機場","2.8182","104.16","Asia/Kuala_Lumpur","0",""
"TOE","TN","","Nafta","","内夫塔","Tozeur","","Tozeur Nefta International Airport","トズール・ネフタ国際空港","托澤爾-內夫塔國際機場","33.9397","8.1106","Africa/Tunis","0",""
"TOF","RU","톰스크","Tomsk","トムスク","托木斯克","","보가쇼보 공항","Tomsk Kamov Airport","ボガシェヴォ空港","柏加謝沃機場","56.3803","85.2083","Asia/Tomsk","0",""
"TOL","US","털리도","Toledo","トレド","托雷多","","","Eugene F. Kranz Toledo Express Airport","トレド・エクスプレス空港","托萊多","41.5868","-83.8078","America/New_York","0",""
"TOM","ML","팀북투","Timbuktu","トンブクトゥ","廷布克圖","","","Tombouktou Airport","トンブクトゥ空港","廷巴克圖機場","16.7305","-3.0076","Africa/Bamako","0",""
"TOS","NO","트롬쇠","Tromsø Municipality","トロムソ","特隆瑟","Tromsø","트롬쇠 공항","Tromsø Airport","トロムソ空港","特羅姆瑟機場","69.6833","18.9189","Europe/Oslo","0",""
"TOU","NC","","Touho","トゥホ","图奥","","","Touho Airport","トゥホ空港","","-20.7901","165.2595","Pacific/Noumea","0",""
"TPA","US","탬파","Tampa","タンパ","坦帕","","탬파 국제공항","Tampa International Airport","タンパ国際空港","塔帕","27.9755","-82.5332","America/New_York","0",""
"TPJ","NP","","Phungling","タプレジュン","塔普勒瓊縣","Taplejung","","Taplejung Airport","タプレジュン空港","地旁莊機場","27.3509","87.6953","Asia/Kathmandu","0",""
"TPP","PE","타라포토","Tarapoto","タラポト","塔拉波托","","","Cadete FAP Guillermo Del Castillo Paredes Airport","コマンダンテ・FAP・ギジェルモ・デル・カスティージョ・パレーデス空港","塔拉波托","-6.5087","-76.3732","America/Lima","0",""
"TPQ","MX","테픽","Tepic","テピク","特皮克","","","Amado Nervo National Airport","アマード・ネルボ国営空港","特皮克","21.4198","-104.8425","America/Mazatlan","0",""
"TPS","IT","트라파니","Trapani","トラーパニ","特拉帕尼","Trapani (TP)","","Vincenzo Florio Airport Trapani-Birgi","トラーパニ・ビルギ空港","特拉帕尼機場","37.9114","12.488","Europe/Rome","0",""
"TQO","MX","","Tulum","","","","","Felipe Carrillo Puerto International Airport Tulum","","图卢姆国际机场","20.1721","-87.6603","America/Cancun","0",""
"TRA","JP","다라마촌","Tarama","多良間村","多良間村","","","Tarama Airport","多良間空港","多良間機場","24.6538","124.6755","Asia/Tokyo","0",""
"TRC","MX","토레온","Torreón","トレオン","托雷翁","","","Francisco Sarabia Tinoco International Airport","フランシスコ・サラビア国際空港","托雷翁國際機場","25.5623","-103.4046","America/Monterrey","0",""
"TRD","NO","트론헤임","Trondheim","トロンハイム","特隆赫姆","","트론헤임 국제공항","Trondheim Airport, Værnes","トロンハイム空港","特隆赫姆","63.4578","10.924","Europe/Oslo","0",""
"TRE","GB","","Tiree","タイリー島","泰里島","Balemartine, Argyll and Bute","","Tiree Airport","タイリー空港","泰里岛机场","56.4992","-6.8692","Europe/London","0",""
"TRF","NO","산네피오르","Sandefjord","サンネフヨル","桑讷菲尤尔","Sandefjord(Torp)","토르프 사네피오르 공항","Sandefjord Airport, Torp","オスロ・トルプ","桑讷菲尤尔机场","59.1867","10.2586","Europe/Oslo","0",""
"TRG","NZ","타우랑가","Tauranga","タウランガ","陶朗加","","","Tauranga Airport","タウランガ空港","","-37.6719","176.196","Pacific/Auckland","0",""
"TRI","US","","Tri-Cities","トライ・シティーズ","三城","Blountville","","Tri-Cities Regional TN/VA Airport","Tri-Cities地域空港","三城區域機場","36.4752","-82.4074","America/New_York","0",""
"TRK","ID","타라칸","Tarakan","タラカン","打拉根","","","Juwata International Airport / Suharnoko Harbani AFB","タラカン","朱瓦塔國際機場","3.3251","117.5642","Asia/Makassar","0",""
"TRN","IT","토리노","Turin","トリノ","杜林","Caselle Torinese (TO)","토리노 공항","Turin Airport","トリノ空港","都靈機場","45.2008","7.6496","Europe/Rome","0",""
"TRR","LK","트링코말리","Trincomalee","トリンコマリー","亭可馬里","","","China Bay Airport","トリンコマリー空港","","8.5392","81.1813","Asia/Colombo","0",""
"TRS","IT","트리에스테","Trieste","トリエステ","的里雅斯特","Ronchi dei Legionari/Trieste","","Trieste Airport","","","45.8279","13.4667","Europe/Rome","0",""
"TRT","ID","","Toraja","","","","","Toraja Airport","","","-3.1844","119.9191","Asia/Makassar","0",""
"TRU","PE","트루히요","Trujillo","トルヒーリョ","特魯希略","","","Capitán FAP Carlos Martínez de Pinillos International Airport","カピタン・FAP・カルロス・マルティネス・デ・ピニージョス国際空港","特魯希略國際機場","-8.0824","-79.1088","America/Lima","0",""
"TRV","IN","티루바난타푸람","Thiruvananthapuram","ティルヴァナンタプラム","特里凡得瑯","","트리반드룸 국제공항","Thiruvananthapuram International Airport","トリヴァンドラム国際空港","特里凡得琅國際機場","8.4819","76.92","Asia/Kolkata","0",""
"TRW","KI","사우스타라와","South Tarawa","サウス・タラワ","南塔拉瓦","","본리키 국제공항","Bonriki International Airport","ボンリキ国際空港","邦里基國際機場","1.3816","173.147","Pacific/Tarawa","0",""
"TRZ","IN","티루치라팔리","Tiruchirappalli","ティルチラーパッリ","蒂魯吉拉帕利","","티루치라팔리 국제공항","Tiruchirappalli International Airport","ティルチラーパッリ空港","蒂魯吉拉伯利國際機場","10.7629","78.7177","Asia/Kolkata","0",""
"TSA","TW","타이베이","Taipei","台北","臺北","Taipei (Songshan)","타이베이 쑹산 공항","Taipei Songshan International Airport","台北松山空港","臺北松山機場","25.0672","121.5528","Asia/Taipei","0",""
"TSF","IT","베네치아","Venice","ヴェネツィア","威尼斯","Treviso (TV)","트레비소 공항","Treviso Airport","トレヴィーゾ空港","特雷維索機場","45.6484","12.1944","Europe/Rome","0",""
"TSJ","JP","쓰시마","Tsushima","対馬","對馬","","쓰시마 공항","Tsushima Airport","対馬空港","對馬機場","34.2849","129.331","Asia/Tokyo","0",""
"TSM","US","","Taos","","","","","Taos Regional Airport","Taos地域空港","","36.4525","-105.6775","America/Denver","0",""
"TSR","RO","티미슈주","Timiș County","ティミシュ県","蒂米什縣","Timişoara","트라이안부이아 국제공항","Timișoara Traian Vuia International Airport","トライアン・ヴイア国際空港","蒂米什瓦拉特拉伊安·維亞國際機場","45.8099","21.3379","Europe/Bucharest","0",""
"TST","TH","뜨랑","Trang","テーサバーンナコーン・トラン","董里","","뜨랑 공항","Trang Airport","トラン空港","董裏機場","7.5087","99.6166","Asia/Bangkok","0",""
"TSV","AU","타운즈빌","Townsville","タウンズビル","湯斯維爾","","","Townsville Airport / RAAF Base Townsville","タウンズビル空軍基地","汤斯维尔皇家空军基地","-19.2529","146.7665","Australia/Brisbane","0",""
"TTA","MA","탄-탄","Tan-Tan","タンタン","坦坦","","","Tan Tan Airport","タンタン空港","坦坦","28.4476","-11.1617","Africa/Casablanca","0",""
"TTE","ID","트르나테섬","Ternate Island","テルナテ島","德那第","Ternate","","Sultan Babullah Airport","テルナーテ","苏丹巴布拉机场","0.831","127.3816","Asia/Jayapura","0",""
"TTJ","JP","돗토리","Tottori","鳥取","鳥取","","돗토리 공항","Tottori Sand Dunes Conan Airport","鳥取空港","鳥取機場","35.5301","134.165","Asia/Tokyo","0",""
"TTN","US","트렌턴","Trenton","トレントン","翠登","Ewing Township","","Trenton Mercer Airport","トレントン・マーサー空港","特倫頓","40.2767","-74.8135","America/New_York","0",""
"TTT","TW","타이둥","Taitung City","台東","臺東","","타이둥 공항","Taitung Airport","台東空港","臺東機場","22.7549","121.1018","Asia/Taipei","0",""
"TTU","MA","테투안","Tétouan","テトゥアン","得土安","","","Sania Ramel Airport","サニア・ラメル空港","薩尼亞·拉梅爾機場","35.5943","-5.32","Africa/Casablanca","0",""
"TUA","EC","","Tulcán","","","","","Lieutenant Colonel Luis A. Mantilla International Airport","トゥルカン","圖爾坎機場","0.8095","-77.7081","America/Bogota","0",""
"TUB","PF","투부아이섬","Tubuai","トゥブアイ島","土布艾群岛","","","Tubuai Airport","タバイ - マタウラ空港","","-23.3654","-149.524","Pacific/Tahiti","0",""
"TUC","AR","산미겔데투쿠만","San Miguel de Tucumán","サン・ミゲル・デ・トゥクマン","聖米格爾-德圖庫曼","","","Teniente Benjamín Matienzo International Airport","サン・ミゲル・デ・トゥクマン","聖米格爾-德相簿曼","-26.8374","-65.1042","America/Argentina/Tucuman","0",""
"TUF","FR","투르","Tours","トゥール","都爾","Tours, Indre-et-Loire","투르 발 드 루아르 공항","Tours Val de Loire Airport","トゥール","圖爾-盧瓦爾河谷機場","47.4322","0.7276","Europe/Paris","0",""
"TUG","PH","투게가라오","Tuguegarao","トゥゲガラオ","土格加劳","Tuguegarao City","","Tuguegarao Airport","トゥゲガラオ空港","土格拉洛機場","17.6434","121.7332","Asia/Manila","0",""
"TUI","SA","","Turaif","トゥライフ","圖賴夫","","","Turaif Domestic Airport","トゥライフ空港","","31.6922","38.7315","Asia/Riyadh","0",""
"TUK","PK","투밧","Turbat","トゥルバット","土爾巴特","","","Turbat International Airport","トゥルバット","土爾巴特國際機場","25.9848","63.0289","Asia/Karachi","0",""
"TUL","US","털사","Tulsa","タルサ","土爾沙","","","Tulsa International Airport","タルサ国際空港","塔尔萨国际机场","36.1971","-95.8862","America/Chicago","0",""
"TUN","TN","튀니스","Tunis","チュニス","突尼斯","","튀니스 카르타고 국제공항","Tunis Carthage International Airport","チュニス・カルタゴ国際空港","突尼斯－迦太基國際機場","36.851","10.2272","Africa/Tunis","0",""
"TUO","NZ","타우포","Taupō","タウポ","陶波","","","Taupo Airport","","","-38.7397","176.084","Pacific/Auckland","0",""
"TUP","US","투펄로","Tupelo","テューペロ","圖珀洛","","","Tupelo Regional Airport","テューペロ地域空港","圖珀洛區域機場","34.2681","-88.7699","America/Chicago","0",""
"TUR","BR","투쿠루이","Tucuruí","トゥクルイ","圖庫魯伊","","","Tucuruí Airport","トゥクルイ空港","相簿魯伊機場","-3.786","-49.7203","America/Belem","0",""
"TUS","US","투손","Tucson","トゥーソン","圖森","","","Tucson International Airport","ツーソン国際空港","圖森","32.115","-110.9381","America/Phoenix","0",""
"TUU","SA","타부크","Tabuk","タブーク","塔布克","","","Prince Sultan bin Abdulaziz International Airport","プリンス・スルターン・ビン・アブドゥルアズィーズ国際空港","塔布克","28.3711","36.6249","Asia/Riyadh","0",""
"TVC","US","트래버스시티","Traverse City","トラヴァース・シティ","特拉弗斯城","","","Cherry Capital Airport","チェリー・キャピタル空港","特拉弗斯城","44.7414","-85.5822","America/Detroit","0",""
"TVF","US","","Thief River Falls","","锡夫里弗福尔斯","","","Thief River Falls Regional Airport","","","48.0657","-96.185","America/Chicago","0",""
"TVT","UZ","","Tashkent","","","","","Tashkent-Khumo International Airport","","","41.3129","69.3955","Asia/Tashkent","0",""
"TVY","MM","다웨이","Dawei","ダウェイ","土瓦","","","Dawei Airport","ダウェイ空港","土瓦機場","14.1039","98.2036","Asia/Yangon","0",""
"TWF","US","트윈폴스","Twin Falls","ツインフォールズ","特溫福爾斯","","","Joslin Field Magic Valley Regional Airport","Joslin Field - Magic Valley地域空港","","42.4818","-114.488","America/Boise","0",""
"TWT","PH","봉가오","Bongao","ボンガオ","邦奧島","","","Sanga Sanga Airport","サンガサンガ空港","塔威他威","5.0482","119.7433","Asia/Kuching","0",""
"TWU","MY","타와우","Tawau","タワウ","斗湖","","","Tawau Airport","タワウ空港","斗湖国际机场","4.3134","118.1215","Asia/Kuching","0",""
"TXE","ID","","Takengon","タケンゴン","打京岸","","","Rembele Airport","","倫貝勒機場","4.7211","96.8519","Asia/Jakarta","0",""
"TXK","US","","Texarkana","テクサーカナ","","","","Texarkana Regional Airport (Webb Field)","","特克薩卡納地方機場","33.4537","-93.991","America/Chicago","0",""
"TXN","CN","황산","Huangshan","黄山","黃山","","황산 툰시 국제공항","Huangshan Tunxi International Airport","黄山屯渓空港","黃山屯溪機場","29.7333","118.256","Asia/Shanghai","0",""
"TYF","SE","","Torsby","トースビー","圖什比","","","Torsby Airport","トシュビュー空港","圖什比機場","60.1576","12.9913","Europe/Stockholm","0",""
"TYL","PE","탈라라","Talara","タララ","塔拉拉","","","Captain Victor Montes Arias International Airport","カピタン・FAP・ビクトル・モンテス・アリアス空港","塔拉拉","-4.5766","-81.2541","America/Lima","0",""
"TYN","CN","타이위안","Taiyuan","太原","太原","","","Taiyuan Wusu International Airport","太原武宿国際空港","太原武宿國際機場","37.7469","112.628","Asia/Shanghai","0",""
"TYR","US","타일러","Tyler","タイラー","泰勒","","","Tyler Pounds Regional Airport","Tyler Pounds地域空港","泰勒機場","32.3541","-95.4024","America/Chicago","0",""
"TYS","US","녹스빌","Knoxville","ノックスビル","諾克斯維爾","Knoxville/Maryville","","McGhee Tyson Airport","","麥基爾泰臣空軍國民警衛隊基地","35.811","-83.994","America/New_York","0",""
"TZA","BZ","벨리즈시티","Belize City","ベリーズシティ","伯利茲","","","Sir Barry Bowen Municipal Airport","ベリーズシティ空港","貝里斯市-市政","17.5172","-88.1958","America/Belize","0",""
"TZL","BA","투즐라","Tuzla","トゥズラ","土茲拉","Dubrave Gornje","","Tuzla International Airport","トゥズラ国際空港","图兹拉国际机场","44.4599","18.7236","Europe/Sarajevo","0",""
"TZN","BS","","Congo Town","コンゴ・タウン","","Andros","","Congo Town Airport","サウス・アンドロス空港","剛果鎮","24.1587","-77.5898","America/Nassau","0",""
"TZX","TR","트라브존","Trabzon","トラブゾン","特拉布宗","","트라브존 공항","Trabzon International Airport","トラブゾン空港","特拉布宗機場","40.9951","39.7897","Europe/Istanbul","0",""
"UAI","TL","","Suai","","","","","Commander in Chief of FALINTIL, Kay Rala Xanana Gusmão, International Airport","スアイ空港","","-9.3019","125.2863","Asia/Makassar","0",""
"UAQ","AR","산후안","San Juan","サンフアン","聖胡安","","","Domingo Faustino Sarmiento Airport","ドミンゴ・ファウスティーノ・サルミエント空港","聖胡安-多明哥·福斯蒂諾·薩爾門托機場","-31.5715","-68.4182","America/Argentina/San_Juan","0",""
"UAR","MA","부아르파","Bouarfa","ブアルファ","波烏阿爾法","","","Bouarfa Airport","ブアルファ空港","","32.5143","-1.9831","Africa/Casablanca","0",""
"UBA","BR","우베라바","Uberaba","ウベラーバ","烏貝拉巴","","","Mário de Almeida Franco Airport","ウベラバ","烏貝拉巴機場","-19.765","-47.9648","America/Sao_Paulo","0",""
"UBJ","JP","우베","Ube","宇部","宇部","","야마구치 우베 공항","Yamaguchi Ube Airport","山口宇部空港","山口宇部機場","33.93","131.279","Asia/Tokyo","0",""
"UBP","TH","","Candle festival","","","Ubon Ratchathani","우본랏차타니 공항","Ubon Ratchathani Airport","ウボンラーチャターニー空港","乌汶叻差他尼国际机场","15.2513","104.87","Asia/Bangkok","0",""
"UCB","CN","우란차부","Ulanqab","ウランチャブ","烏蘭察布","","","Ulanqab Jining Airport","","乌兰察布集宁机场","41.1303","113.1073","Asia/Shanghai","0",""
"UCT","RU","우흐타","Ukhta","ウフタ","烏赫塔","","","Ukhta Airport","","","63.5669","53.8047","Europe/Moscow","0",""
"UDI","BR","우베를란지아","Uberlândia","ウベルランジア","烏貝蘭迪亞","","","Ten. Cel. Aviador César Bombonato Airport","ウベルランジア","烏貝蘭迪亞","-18.8836","-48.2259","America/Sao_Paulo","0",""
"UDR","IN","우다이푸르","Udaipur","ウダイプル","烏代浦","","","Maharana Pratap Airport","ウダイプル空港","普拉塔普機場","24.6177","73.8961","Asia/Kolkata","0",""
"UEL","MZ","켈리마느","Quelimane","ケリマネ","克利馬內","","","Quelimane Airport","ケリマネ空港","克利马内机场","-17.8555","36.8691","Africa/Maputo","0",""
"UEO","JP","구메지마정","Kumejima","久米島町","久米島町","","","Kumejima Airport","久米島空港","久米島機場","26.3634","126.7138","Asia/Tokyo","0",""
"UET","PK","퀘타","Quetta","クエッタ","奎達","","퀘타 국제공항","Quetta International Airport","クエッタ国際空港","奎达国际机场","30.2514","66.9378","Asia/Karachi","0",""
"UFA","RU","우파","Ufa","ウファ","烏法","","우파","Ufa International Airport","ウファ","烏法","54.5575","55.8744","Asia/Yekaterinburg","0",""
"UGA","MN","","Bulgan","","","","","Bulgan Airport","ブルガン空港","布尔干机场","48.855","103.476","Asia/Ulaanbaatar","0",""
"UGC","UZ","우르겐치","Urgench","ウルゲンチ","烏爾根奇","","","Urgench International Airport","ウルゲンチ国際空港","烏爾根奇國際機場","41.5827","60.6434","Asia/Samarkand","0",""
"UGU","ID","","Bilogai","","","","","Bilorai Airport","","","-3.7395","137.0312","Asia/Jayapura","0",""
"UIB","CO","키브도","Quibdó","キブド","基布多","","","El Caraño Airport","エル・カラニョ空港","埃尔卡拉诺机场","5.6908","-76.6412","America/Bogota","0",""
"UIH","VN","꾸이년","Quy Nhon","クイニョン","歸仁","Quy Nohn","푸깟 공항","Phu Cat Airport","フーカット空港","符吉機場","13.955","109.042","Asia/Ho_Chi_Minh","0",""
"UIN","US","퀸시","Quincy","クィンシー","昆西","","","Quincy Regional Airport Baldwin Field","Quincy地域空港","昆西地區機場","39.9427","-91.1946","America/Chicago","0",""
"UIO","EC","키토","Quito","キト","基多","","마리스칼 수크레 국제공항","Mariscal Sucre International Airport","マリスカル・スクレ国際空港","蘇克雷元帥國際機場","-0.1254","-78.3543","America/Guayaquil","0",""
"UKE","IN","","Bhawanipatna","","","","","Utkela Airport","","","20.0978","83.1833","Asia/Kolkata","0",""
"UKK","KZ","외스케멘","Oskemen","オスケメン","厄斯克門","Ust-Kamenogorsk (Oskemen)","","Oskemen International Airport","オスケメン空港","厄斯克門","50.035","82.4961","Asia/Almaty","0",""
"UKX","RU","우스티쿠트","Ust-Kut","ウスチ＝クート","乌斯季库特","","","Ust-Kut Airport","ウスチ＝クート空港","烏斯季庫特機場","56.8567","105.73","Asia/Irkutsk","0",""
"ULG","MN","울기","Ölgii","ウルギー","烏列蓋","","","Ölgii Mongolei International Airport","ウルギー空港","乌列盖机场","48.9933","89.9225","Asia/Barnaul","0",""
"ULH","SA","","Al-Ula","ウラー","歐拉","","","Al-Ula International Airport","プリンス・アブドゥル・マジード・ビン・アブドゥルアズィーズ空港","阿卜杜勒·馬吉德·本·阿卜杜拉茲王子國際機場","26.4836","38.117","Asia/Riyadh","0",""
"ULK","RU","렌스크","Lensk","レンスク","连斯克","","","Lensk Airport","レンスク空港","連斯克機場","60.7236","114.8253","Asia/Yakutsk","0",""
"ULO","MN","","Ulaangom","","","","","Ulaangom Airport","ウラーンゴム空港","烏蘭固木","50.0666","91.9383","Asia/Hovd","0",""
"ULP","AU","","Quilpie","","","","","Quilpie Airport","クイルピー空港","","-26.6092","144.2537","Australia/Brisbane","0",""
"ULU","UG","굴루","Gulu City","グル","古盧","Gulu","","Gulu Airport","グルー空港","古盧","2.8056","32.2718","Africa/Kampala","0",""
"ULV","RU","울리야놉스크","Ulyanovsk","ウリヤノフスク","烏里揚諾夫斯克","","","Ulyanovsk Baratayevka Airport","ウリヤノフスク・バラタエフカ空港","烏裏揚諾夫斯克-巴拉塔耶夫卡機場","54.2702","48.2256","Europe/Ulyanovsk","0",""
"ULY","RU","울리야놉스크","Ulyanovsk","ウリヤノフスク","烏里揚諾夫斯克","Cherdakly","","Ulyanovsk Vostochny Airport","ウリヤノフスク・ヴォストーチヌイ空港","烏里揚諾夫斯克東方港機場","54.401","48.8027","Europe/Moscow","0",""
"UME","SE","우메오","Umeå","ウメオ","于默奧","","","Umeå Airport","ウメオ空港","於默奧機場","63.7918","20.2828","Europe/Stockholm","0",""
"UNI","VC","유니언섬","Union Island","ユニオン島","尤寧島","","","Union Island International Airport","ユニオン島空港","尤宁岛机场","12.6001","-61.4119","America/Grenada","0",""
"UNK","US","어널래클릿","Unalakleet","","尤纳拉克利特","","","Unalakleet Airport","ウナラクリート","尤納拉克利特","63.8884","-160.799","America/Anchorage","0",""
"UNN","TH","므앙라농군","Mueang Ranong","ムアンラノーン郡","拉廊府治縣","Ranong","","Ranong Airport","","","9.7776","98.5855","Asia/Bangkok","0",""
"UPG","ID","마카사르","Makassar","マカッサル","望加錫","","","Sultan Hasanuddin International Airport","ハサヌディン国際空港","望加錫國際機場","-5.0755","119.5537","Asia/Makassar","0",""
"UPN","MX","우루아판","Uruapan del Progreso","ウルアパン","烏魯阿潘","Uruapan","","Uruapan - Licenciado y General Ignacio Lopez Rayon International Airport","ウルアパン国際空港","烏魯阿潘國際機場","19.3967","-102.039","America/Mexico_City","0",""
"URA","KZ","오랄","Oral","オラル","烏拉爾","Uralsk","","Manshuk Mametova International Airport","オラル空港","烏拉爾斯克","51.152","51.5437","Asia/Oral","0",""
"URC","CN","우루무치","Ürümqi","ウルムチ","烏魯木齊","","우루무치 디워푸 국제공항","Ürümqi Tianshan International Airport","ウルムチ天山国際空港","乌鲁木齐天山国际机场","43.9136","87.4794","Asia/Urumqi","0",""
"URE","EE","쿠레사레","Kuressaare","クレサーレ","庫雷薩雷","","","Kuressaare Airport","","","58.2299","22.5095","Europe/Tallinn","0",""
"URG","BR","우루구아이아나","Uruguaiana","ウルグアイアーナ","烏魯瓜亞納","","","Rubem Berta Airport","ウルグアイアーナ空港","","-29.7822","-57.0382","America/Sao_Paulo","0",""
"URJ","RU","우라이","Uray","ウライ","烏拉伊","","","Uray Airport","ウライ空港","","60.1033","64.8267","Asia/Yekaterinburg","0",""
"URT","TH","","Surat Thani United F.C.","","","Surat Thani","수랏타니 국제공항","Surat Thani Airport","スラートターニー空港","素叻国际机场","9.1326","99.1356","Asia/Bangkok","0",""
"URY","SA","","Qurayyat governorate","クライヤト","","Gurayat","","Gurayat Domestic Airport","グラヤット","","31.4124","37.2789","Asia/Amman","0",""
"USA","US","콩코드","Concord","コンコード","康科德","","","Concord-Padgett Regional Airport","Concord地域空港","","35.3878","-80.7091","America/New_York","0",""
"USH","AR","우수아이아","Ushuaia","ウシュアイア","乌斯怀亚","","","Ushuaia - Malvinas Argentinas International Airport","ウシュアイア国際空港","乌斯怀亚国际机场","-54.8433","-68.2958","America/Punta_Arenas","0",""
"USK","RU","","Usinsk","ウシンスク","烏辛斯克","","","Usinsk Airport","","烏辛斯克機場","66.0047","57.3672","Europe/Moscow","0",""
"USM","TH","사무이섬","Ko Samui","サムイ島","蘇梅島","Na Thon (Ko Samui Island)","사무이 공항","Samui International Airport","サムイ空港","蘇梅國際機場","9.5478","100.062","Asia/Bangkok","0",""
"USN","KR","울산","Ulsan","蔚山","蔚山廣域","","울산공항","Ulsan Airport","蔚山空港","蔚山機場","35.5935","129.352","Asia/Seoul","0",""
"USR","RU","","Ust-Nera","ウスチ＝ネラ","烏斯季涅拉","","","Ust-Nera Airport","","","64.55","143.115","Asia/Ust-Nera","0",""
"UST","US","","St Augustine","","","","","Northeast Florida Regional Airport","セントオーガスティン空港","","29.9592","-81.3398","America/New_York","0",""
"USU","PH","코론","Coron","コロン","科隆","","","Francisco B. Reyes (Busuanga) Airport","フランシスコ・B・レイズ空港","布蘇安加","12.1219","120.1008","Asia/Manila","0",""
"UTH","TH","우돈타니주","Udon Thani","ウドーンターニー県","烏隆府","","우돈타니 국제공항","Udon Thani International Airport","ウドーンターニー国際空港","烏隆他尼國際機場","17.3862","102.7886","Asia/Bangkok","0",""
"UTN","ZA","어핑턴","Upington","アピントン","烏平通","","","Upington Airport","アピントン","阿平頓機場","-28.4002","21.2636","Africa/Johannesburg","0",""
"UTO","US","","Utopia Creek","","","","","Indian Mountain LRRS Airport","","印第安山長程雷達站機場","65.9928","-153.704","America/Anchorage","0",""
"UTP","TH","라영 주","Rayong","ラヨーン県","羅勇府","","우타파오 국제공항","U-Tapao–Rayong–Pattaya International Airport","ウタパオ国際空港","烏打拋國際機場","12.6799","101.005","Asia/Bangkok","0",""
"UTT","ZA","마타타","Mthatha","ウムタタ","烏姆塔塔","","","K. D. Matanzima Airport","ウムタータ（マタタ）","烏姆塔塔機場","-31.5464","28.6734","Africa/Johannesburg","0",""
"UUA","RU","부굴마","Bugulma","ブグリマ","布古利馬","","","Bugulma Airport","","布古利馬機場","54.6412","52.8002","Europe/Moscow","0",""
"UUD","RU","울란우데","Ulan-Ude","ウラン・ウデ","烏蘭烏德","","바이칼 국제공항","Baikal International Airport","バイカル国際空港","貝加爾湖國際機場","51.8086","107.4397","Asia/Irkutsk","0",""
"UUS","RU","유즈노사할린스크","Yuzhno-Sakhalinsk","ユジノサハリンスク","南薩哈林斯克","","유즈노사할린스크 공항","Yuzhno-Sakhalinsk International Airport","ユジノサハリンスク空港","南薩哈林斯克機場","46.8855","142.7175","Asia/Sakhalin","0",""
"UVE","NC","","Ouvéa","ウベア島","乌韦阿","","","Ouvéa Airport","ウヴェア空港","","-20.6409","166.573","Pacific/Noumea","0",""
"UVF","LC","비외포르구","Vieux Fort Quarter","ビュー・フォート","伯堡區","Vieux Fort","","Hewanorra International Airport","ヘウノラ国際空港","聖露西亞","13.7332","-60.9526","America/St_Vincent","0",""
"UYL","SD","니알라","Nyala","ニャラ","尼亞拉","","","Nyala Airport","ニャラ空港","","12.0535","24.9562","Africa/Khartoum","0",""
"UYN","CN","위린","Yulin","楡林","榆林","","","Yulin Yuyang Airport","楡林西沙空港","榆林西沙機場","38.3597","109.5909","Asia/Shanghai","0",""
"UYU","BO","우유니","Uyuni","ウユニ","烏尤尼","Quijarro","","Joya Andina International Airport","ウユニ空港","安第斯明珠機場","-20.4413","-66.8576","America/La_Paz","0",""
"VAA","FI","바사","Vaasa","ヴァーサ","瓦薩","","","Vaasa Airport","ヴァーサ空港","瓦薩機場","63.0502","21.7625","Europe/Helsinki","0",""
"VAI","PG","","Vanimo","","","","","Vanimo Airport","ヴァニモ空港","瓦尼莫","-2.6926","141.3028","Pacific/Port_Moresby","0",""
"VAM","MV","","Maamingili","マアミギリ","","Maamigili","","Villa International Airport Maamigili","ヴィラ国際空港","Villa International機場","3.4718","72.8326","Indian/Maldives","0",""
"VAN","TR","반","Van","ヴァン","凡城","","","Van Ferit Melen Airport","ヴァン・フェリト・メレン空港","凡城費里特·梅倫機場","38.4682","43.3323","Europe/Istanbul","0",""
"VAQ","RU","","Vanavara","","","","","Vanavara Airport","","","60.3562","102.3096","Asia/Krasnoyarsk","0",""
"VAR","BG","바르나","Varna","ヴァルナ","瓦爾納","","바르나 공항","Varna Airport","ヴァルナ空港","瓦爾納","43.2321","27.8251","Europe/Sofia","0",""
"VAS","TR","시바스","Sivas","スィヴァス","錫瓦斯","","","Sivas Nuri Demirağ Airport","スィヴァス空港","","39.8138","36.9035","Europe/Istanbul","0",""
"VAV","TO","","Vava'u Island","","","","","Vava'u International Airport","ヴァヴァウ国際空港","瓦瓦烏","-18.5853","-173.962","Pacific/Tongatapu","0",""
"VAW","NO","","Vardø","","瓦尔德镇","","","Vardø Airport, Svartnes","ヴァードー空港","","70.3554","31.0449","Europe/Oslo","0",""
"VBS","IT","브레시아","Brescia","ブレーシャ","布雷西亞","Montichiari (BS)","","Brescia Gabriele d'Annunzio Airport","ブレーシャ空港","布雷西亞機場","45.4289","10.3306","Europe/Rome","0",""
"VBY","SE","비스뷔","Visby","ヴィスビュー","維斯比","","","Visby Airport","ヴィスビュー空港","維斯比機場","57.6628","18.3462","Europe/Stockholm","0",""
"VCA","VN","껀터","Cần Thơ","カントー","芹苴","","껀터 국제공항","Can Tho International Airport","カントー空港","芹苴國際機場","10.0834","105.7094","Asia/Ho_Chi_Minh","0",""
"VCE","IT","베네치아","Venice","ヴェネツィア","威尼斯","Venezia (VE)","베네치아 마르코 폴로 국제공항","Venice Marco Polo Airport","ヴェネツィア・マルコ・ポーロ空港","威尼斯－泰塞拉機場","45.5053","12.3519","Europe/Rome","0",""
"VCP","BR","캄피나스","Campinas","カンピーナス","坎皮納斯","","비라코푸스 캄피나스 국제공항","Viracopos International Airport","ヴィラコッポス国際空港","坎皮納斯-維拉科伯斯","-23.0074","-47.1345","America/Sao_Paulo","0",""
"VCS","VN","꼰다오 제도","Côn Đảo","コンソン島","崑島縣","Con Dao","꼰다오 공항","Con Dao Airport","コンダオ空港","昆仑机场","8.7318","106.633","Asia/Ho_Chi_Minh","0",""
"VCT","US","빅토리아","Victoria","ビクトリア","維多利亞","","","Victoria Regional Airport","Victoria地域空港","維多利亞地區機場","28.8526","-96.9185","America/Chicago","0",""
"VDC","BR","비토리아다콩키스타","Vitória da Conquista","ヴィトリア・ダ・コンキスタ","維多利亞-達孔基斯塔","","","Glauber de Andrade Rocha Airport","ヴィトリア・ダ・コンキスタ空港","","-14.9079","-40.9148","America/Bahia","0",""
"VDE","ES","엘이에로섬","El Hierro","エル・イエロ島","耶羅島","El Hierro Island","","El Hierro Airport","エル・イエロ空港","耶罗机场","27.8148","-17.8871","Atlantic/Canary","0",""
"VDH","VN","동허이","Đồng Hới","ドンホイ","洞海","Dong Hoi","동허이 공항","Dong Hoi Airport","ドンホイ空港","洞海機場","17.515","106.5906","Asia/Bangkok","0",""
"VDM","AR","비에드마","Viedma","ビエドマ","別德馬","Viedma / Carmen de Patagones","","Gobernador Castello Airport","ゴベルナドール・エドガルド・カステージョ空港","埃德加多·卡斯特羅州長機場","-40.8692","-63.0004","America/Argentina/Salta","0",""
"VDO","VN","","Van Don","","","","번돈 국제공항","Van Don International Airport","ヴァンドン国際空港","云屯国际机场","21.1207","107.4154","Asia/Bangkok","0",""
"VDS","NO","바드쇠","Vadsø","ヴァドソー","瓦德瑟","","","Vadsø Airport","ヴァドソー空港","","70.0653","29.8447","Europe/Oslo","0",""
"VDZ","US","밸디즈","Valdez","ヴァルディーズ","瓦尔迪兹","","","Valdez Pioneer Field","","","61.1327","-146.2466","America/Anchorage","0",""
"VEL","US","버널","Vernal","ヴァーナル","韋納爾","","","Vernal Regional Airport","Vernal-Uintah郡空港","","40.4362","-109.5117","America/Denver","0",""
"VEO","RU","","Severo-Yeniseysk","","","","","Severo-Yeniseysk Airport","","","60.3733","93.0117","Asia/Krasnoyarsk","0",""
"VER","MX","베라크루스","Veracruz","ベラクルス","韋拉克魯斯","","","General Heriberto Jara International Airport","ベラクルス国際空港","韋拉克魯斯州國際機場","19.1396","-96.1886","America/Mexico_City","0",""
"VFA","ZW","","Victoria Falls","ビクトリア・フォールズ","维多利亚瀑布城","","빅토리아 폴스 공항","Victoria Falls International Airport","ヴィクトリアフォールズ空港","维多利亚瀑布城机场","-18.0974","25.8369","Africa/Harare","0",""
"VGA","IN","비자야와다","Vijayawada","ヴィジャヤワーダ","維傑亞瓦達","","","Vijayawada International Airport","ヴィジャヤワーダ空港","維傑亞瓦達機場","16.53","80.8049","Asia/Kolkata","0",""
"VGO","ES","폰테베드라주","Pontevedra Province","ポンテベドラ県","蓬特韋德拉省","Vigo","","Vigo Airport","ビーゴ空港","比戈機場","42.2318","-8.6268","Europe/Madrid","0",""
"VHM","SE","","Vilhelmina","","","","","Vilhelmina South Lapland Airport","ヴィルヘルミーナ空港","威廉敏娜機場","64.5791","16.8336","Europe/Stockholm","0",""
"VIG","VE","","El Vigía","","","","","Juan Pablo Pérez Alfonso Airport","ファン・パブロ・ペレス・アルフォンソ空港","阿爾伯托阿德里阿尼機場","8.6241","-71.6727","America/Caracas","0",""
"VII","VN","빈","Vinh","ヴィン","榮市","","빈 국제공항","Vinh Airport","ヴィン国際空港","榮市國際機場","18.7376","105.671","Asia/Bangkok","0",""
"VIJ","VG","","Spanish Town","","","","","Virgin Gorda Airport","ヴァージン・ゴルダ空港","維爾京戈爾達島(英屬維爾京群島)","18.4466","-64.4279","America/Tortola","0",""
"VIL","EH","다클라","Dakhla","ダフラ","達克拉","","","Dakhla Airport","ダフラ空港","達赫拉機場","23.7183","-15.932","Africa/El_Aaiun","0",""
"VIT","ES","비토리아","Vitoria-Gasteiz","ビトリア＝ガステイス","維多利亞-加斯泰斯","Alava","비토리아 공항","Vitoria Airport","ビトリア空港","維多利亞機場","42.8828","-2.7245","Europe/Madrid","0",""
"VIX","BR","비토리아","Vitória","ヴィトーリア","維多利亞","","","Eurico de Aguiar Salles International Airport","ビトリア","維多利亞","-20.258","-40.285","America/Sao_Paulo","0",""
"VKG","VN","락자","Rạch Giá","ラックザー","迪石","","락자 공항","Rach Gia Airport","ラックザー空港","迪石机场","9.958","105.1324","Asia/Ho_Chi_Minh","0",""
"VKO","RU","모스크바","Moscow","モスクワ","莫斯科","","브누코보 국제공항","Vnukovo International Airport","ヴヌーコヴォ国際空港","伏努科沃國際機場","55.5915","37.2615","Europe/Moscow","0",""
"VKT","RU","보르쿠타","Vorkuta","ヴォルクタ","沃爾庫塔","","","Vorkuta Airport","ヴォルクタ空港","沃爾庫塔機場","67.4886","63.9931","Europe/Moscow","0",""
"VLC","ES","","Valencia","","","","발렌시아 공항","Valencia Airport","バレンシア空港","巴倫西亞","39.4892","-0.481","Europe/Madrid","0",""
"VLD","US","발도스타","Valdosta","バルドスタ","瓦爾德斯塔","","","Valdosta Regional Airport","Valdosta地域空港","","30.7825","-83.2767","America/New_York","0",""
"VLI","VU","포트빌라","Port Vila","ポートビラ","維拉港","","포트빌라 바우어필드 국제공항","Bauerfield International Airport","ポートビラ・バウアフィールド空港","維拉港國際機場","-17.6993","168.32","Pacific/Efate","0",""
"VLL","ES","바야돌리드","Valladolid","バリャドリッド","巴利亞多利德","","바야돌리드 공항","Valladolid Airport","バリャドリッド空港","巴利亚多利德机场","41.7061","-4.8519","Europe/Madrid","0",""
"VLN","VE","발렌시아","Valencia","バレンシア","瓦倫西亞","","","Arturo Michelena International Airport","アルトゥーロ・ミチェレーナ国際空港","巴倫西亞機場","10.1497","-67.9284","America/Caracas","0",""
"VLV","VE","","Valera","","","","","Dr. Antonio Nicolás Briceño Airport","ドクトル・アントニオ・ニコラス・ブリセーニョ空港","","9.3405","-70.5841","America/Caracas","0",""
"VMU","PG","","Baimuru","","","","","Baimuru Airport","バイムル空港","","-7.497","144.8218","Pacific/Port_Moresby","0",""
"VNO","LT","빌뉴스","Vilnius","ヴィルニュス","維爾紐斯","","빌뉴스 공항","Vilnius International Airport","ヴィリニュス国際空港","維爾紐斯國際機場","54.6341","25.2858","Europe/Vilnius","0",""
"VNS","IN","바라나시","Varanasi","ヴァーラーナシー","瓦拉納西","","","Lal Bahadur Shastri International Airport","ラール・バハードゥル・シャーストリー空港","拉爾·巴哈杜爾·夏斯特里機場","25.4522","82.8625","Asia/Kolkata","0",""
"VNX","MZ","","Vilankulo","ヴィランクーロ","維蘭庫洛","Vilanculo","","Vilankulo Airport","ヴィランクロス","維蘭庫盧什機場","-22.0184","35.3133","Africa/Maputo","0",""
"VOG","RU","볼고그라드","Volgograd","ヴォルゴグラード","伏爾加格勒","","","Volgograd International Airport","ヴォルゴグラード国際空港","伏爾加格勒國際機場","48.7813","44.3392","Europe/Volgograd","0",""
"VOL","GR","볼로스","Volos","ヴォロス","佛洛斯","Nea Anchialos","","Nea Anchialos National Airport","ネア・アンヒアロス空港","佛洛斯","39.2196","22.7943","Europe/Athens","0",""
"VOZ","RU","보로네","Voronezh","ヴォロネジ","沃羅涅日","","","Voronezh International Airport","ヴォロネジ国際空港","沃羅涅日","51.8143","39.2309","Europe/Moscow","0",""
"VPE","AO","온지바","Ondjiva","オンジヴァ","翁吉瓦","Ngiva","","Ngjiva Pereira Airport","オンギヴァ","","-17.0435","15.6838","Africa/Luanda","0",""
"VPN","IS","보프나피외르뒤르","Vopnafjörður","ヴォプナフィヨルズル","沃普納菲厄澤","","보프나피외르뒤르 공항","Vopnafjörður Airport","ヴォプナフィヨルズル空港","","65.7206","-14.8506","Atlantic/Reykjavik","0",""
"VPS","US","포트월턴비치","Fort Walton Beach","フォートウォルトンビーチ","華爾頓堡灘","Valparaiso","","Destin-Fort Walton Beach Airport","エグリン空軍基地","埃格林空军基地","30.4813","-86.5158","America/Chicago","0",""
"VPY","MZ","시모이우","Chimoio","シモイオ","希莫尤","","","Chimoio Airport","シモイオ空港","","-19.1513","33.429","Africa/Maputo","0",""
"VQS","PR","비에케스섬","Vieques","ビエケス島","別克斯島","","","Antonio Rivera Rodriguez Airport","アントニオ・リベラ・ロドリゲス空港","","18.1348","-65.4936","America/Puerto_Rico","0",""
"VRA","CU","바라데로","Varadero","バラデーロ","巴拉德羅","Matanzas","","Juan Gualberto Gomez International Airport","ファン・グアルベルト・ゴメス空港","巴拉德羅","23.0344","-81.4353","America/Havana","0",""
"VRB","US","비로비치","Vero Beach","ベロビーチ","維羅海灘","","","Vero Beach Regional Airport","Vero Beach市営空港","维罗海滩地区机场","27.6556","-80.4179","America/New_York","0",""
"VRC","PH","비락","Virac","ヴィラク","比拉克","","","Virac Airport","ヴィラク空港","維亞克","13.5764","124.206","Asia/Manila","0",""
"VRL","PT","","Vila Real","","","","","Vila Real Airport","ビラレアル飛行場","","41.2743","-7.7205","Europe/Lisbon","0",""
"VRN","IT","베로나","Verona","ヴェローナ","維洛那","Caselle (VR)","베로나 빌라프란카 공항","Verona Villafranca Valerio Catullo Airport","ヴェローナ＝ヴィッラフランカ空港","维罗纳维拉弗兰卡机场","45.395","10.8873","Europe/Rome","0",""
"VSA","MX","비야에르모사","Villahermosa","ビヤエルモサ","比亞埃爾莫薩","","","Carlos Rovirosa Pérez International Airport","ビヤエルモサ国際空港","比亞埃爾莫薩","17.9943","-92.8182","America/Mexico_City","0",""
"VSE","PT","비제우현","Viseu","ヴィゼウ県","維塞烏區","","","Aerodromo Goncalves Lobato (Viseu Airport)","","","40.7255","-7.889","Europe/Lisbon","0",""
"VST","SE","스톡홀름","Stockholm","ストックホルム","斯德哥爾摩","Stockholm / Västerås","스톡홀름 바스테라스 공항","Stockholm Västerås Airport","ストックホルム・ヴェステロース空港","斯德哥爾摩－韋斯特羅斯機場","59.5894","16.6336","Europe/Stockholm","0",""
"VTU","CU","라스투나스","Las Tunas","ラス・トゥーナス","拉斯图纳斯","","","Hermanos Ameijeiras Airport","エルマノス・アメイヘイラス空港","","20.9876","-76.9358","America/Havana","0",""
"VTZ","IN","비샤카파트남","Visakhapatnam","ヴィシャーカパトナム","維沙卡帕特南","","","Alluri Sitarama Raju International Airport (Vizag)","","","17.9715","83.5036","Asia/Kolkata","0",""
"VUP","CO","바예두파르","Valledupar","バジェドゥパル","巴耶杜帕爾","","","Alfonso López Pumarejo Airport","アルフォンソ・ロペス・プマレホ空港","","10.435","-73.2495","America/Bogota","0",""
"VUS","RU","벨리키우스튜크","Veliky Ustyug","ヴェリキイ・ウスチュグ","大烏斯秋格","Velikiy Ustyug","","Velikiy Ustyug Airport","","","60.7883","46.26","Europe/Moscow","0",""
"VVC","CO","비야비센시오","Villavicencio","ビリャビセンシオ","比亞維森西奧","","","Vanguardia Airport","バングアルディア空港","La Vanguardia機場","4.1679","-73.6138","America/Bogota","0",""
"VVI","BO","산타크루스데라시에라","Santa Cruz de la Sierra","サンタ・クルス・デ・ラ・シエラ","聖克魯斯-德拉謝拉","Santa Cruz","비루비루 국제공항","Viru Viru International Airport","ビルビル国際空港","聖克魯斯 (玻利維亞)","-17.6448","-63.1354","America/La_Paz","0",""
"VVO","RU","블라디보스토크","Vladivostok","ウラジオストク","海參崴","Artyom","블라디보스토크 국제공항","Vladivostok International Airport","ウラジオストク空港","符拉迪沃斯托克國際機場","43.3963","132.1482","Asia/Vladivostok","0",""
"VVZ","DZ","일리지","Illizi","イリジ","伊利济","","","Illizi Takhamalt Airport","イリジ空港","","26.7235","8.6227","Africa/Algiers","0",""
"VXC","MZ","리싱가","Lichinga","リシンガ","利欣加","","","Lichinga Airport","リシンガ空港","","-13.274","35.2663","Africa/Maputo","0",""
"VXE","CV","민델루","Mindelo","ミンデロ","明德盧","São Pedro","","Cesaria Evora International Airport","サン・ペドロ空港 (カーボベルデ)","塞薩里婭·埃沃拉國際機場","16.8334","-25.0553","Atlantic/Cape_Verde","0",""
"VXO","SE","벡셰","Växjö","ベクショー","韋克舍","","","Växjö Kronoberg Airport","ベクショー・スモーランド空港","韋克舍斯莫蘭機場","56.9291","14.728","Europe/Stockholm","0",""
"VYI","RU","빌류이스크","Vilyuysk","ヴィリュイスク","维柳伊斯克","Vilyuisk","","Vilyuisk Airport","ヴィリュイスク空港","","63.7567","121.6933","Asia/Yakutsk","0",""
"WAE","SA","","Wadi ad-Dawasir governorate","ワディ・アド・ダワシル","瓦迪達瓦西","Wadi Al Dawasir","","Wadi Al Dawasir Domestic Airport","ワディ・アル＝ダワシル","","20.5043","45.1996","Asia/Riyadh","0",""
"WAG","NZ","왕거누이","Whanganui","ワンガヌイ","旺阿努伊","Wanganui","","Wanganui Airport","ワンガヌイ空港","","-39.9635","175.0244","Pacific/Auckland","0",""
"WBM","PG","","Wapenamanda","","","","","Wapenamanda Airport","ワペナメンダ空港","","-5.6353","143.8922","Pacific/Port_Moresby","0",""
"WDH","NA","빈트후크","Windhoek","ウィントフック","溫得和克","","빈트후크 호세아 쿠타코 국제공항","Hosea Kutako International Airport","ウィンドフック・ホセア・クタコ国際空港","霍齐亚·库塔科国际机场","-22.4799","17.4709","Africa/Windhoek","0",""
"WDS","CN","스옌","Shiyan","十堰","十堰","Shiyan (Maojian)","","Shiyan Wudangshan Airport","十堰武当山空港","十堰武當山機場","32.5929","110.9063","Asia/Shanghai","0",""
"WEF","CN","웨이팡","Weifang","濰坊","濰坊","Weifang (Kuiwen)","","Weifang Nanyuan Airport","イ坊空港","濰坊機場","36.6467","119.119","Asia/Shanghai","0",""
"WEI","AU","웨이파","Weipa","ウェイパ","韋帕","","","Weipa Airport","ウェイパ空港","韋帕機場","-12.6775","141.9226","Australia/Brisbane","0",""
"WGA","AU","와가와가","Wagga Wagga","ウォガウォガ","沃加沃加","Forest Hill","","Wagga Wagga Airport","ワガワガ空港","沃加沃加機場","-35.1635","147.4683","Australia/Sydney","0",""
"WGE","AU","","","","","","","Walgett Airport","","","-30.0328","148.126","Australia/Sydney","0",""
"WGN","CN","사오양","Shaoyang","邵陽","邵陽","Shaoyang (Wugang)","","Shaoyang Wugang Airport","","邵阳武冈机场","26.8061","110.641","Asia/Shanghai","0",""
"WHA","CN","우후","Wuhu","蕪湖","蕪湖","","","Wuhu Xuanzhou Airport","蕪湖宣州空港","芜湖宣州机场","31.1045","118.6669","Asia/Shanghai","0",""
"WHK","NZ","화카타네","Whakatāne","ファカタネ","華卡塔尼","","","Whakatāne Airport","ワカタネ空港","華卡塔尼","-37.9222","176.917","Pacific/Auckland","0",""
"WIC","GB","윅","Wick","ウィック","威克","","","Wick John O'Groats Airport","ウィック空港","維克機場","58.4589","-3.0931","Europe/London","0",""
"WIL","KE","나이로비","Nairobi","ナイロビ","奈洛比","","","Nairobi Wilson Airport","ウィルソン空港","威爾遜機場","-1.3217","36.8148","Africa/Nairobi","0",""
"WIN","AU","","Winton","ウィントン","溫頓","","","Winton Airport","","","-22.3636","143.086","Australia/Brisbane","0",""
"WJR","KE","","Wajir","ワジール","瓦吉爾","","","Wajir Airport","ワジール空港","","1.7332","40.0916","Africa/Nairobi","0",""
"WJU","KR","원주","Wonju","原州","原州","","원주공항","Wonju Airport / Hoengseong Air Base (K-38/K-46)","原州空港","原州機場","37.4371","127.9601","Asia/Seoul","0",""
"WKA","NZ","","Wanaka","","","","","Wanaka Airport","","","-44.7221","169.2463","Pacific/Auckland","0",""
"WKJ","JP","왓카나이","Wakkanai","稚内","稚內","","왓카나이 공항","Wakkanai Airport","稚内空港","稚內機場","45.4042","141.801","Asia/Tokyo","0",""
"WKK","US","","Aleknagik","","阿莱克纳吉克","","","Aleknagik / New Airport","","","59.2826","-158.618","America/Anchorage","0",""
"WLG","NZ","웰링턴","Wellington","ウェリントン","威靈頓","","웰링턴 국제공항","Wellington International Airport","ウェリントン国際空港","威靈頓國際機場","-41.3268","174.8069","Pacific/Auckland","0",""
"WLS","WF","","Hihifo","","","Wallis Island","","Hihifo Airport","ヒヒフォ空港","馬塔烏圖機場","-13.2394","-176.1986","Pacific/Wallis","0",""
"WMI","PL","바르샤바","Warsaw","ワルシャワ","華沙","Nowy Dwór Mazowiecki","바르샤바 모들린 공항","Warsaw Modlin Airport","ワルシャワ・モドリン空港","華沙–莫德林","52.4511","20.6518","Europe/Warsaw","0",""
"WMN","MG","","Maroantsetra","マルアンツェトラ","馬魯安采特拉","","","Maroantsetra Airport","マルアンツェトラ空港","馬魯安採特拉機場","-15.4377","49.6891","Indian/Antananarivo","0",""
"WMT","CN","런화이","Renhuai","仁懐","仁懷","Zunyi","","Zunyi Maotai Airport","遵義茅台空港","仁懷茅台機場","27.9618","106.4354","Asia/Shanghai","0",""
"WMX","ID","와메나","Wamena","ワメナ","瓦梅納","","","Wamena Airport","ワメナ空港","瓦梅納機場","-4.0973","138.9524","Asia/Jayapura","0",""
"WNI","ID","","Wangi-wangi Island","","","","","Matahora Airport","","马塔霍拉机场","-5.2921","123.6362","Asia/Makassar","0",""
"WNP","PH","나가","Naga","ナガ","那牙","","","Naga Airport","ナガ空港","那加","13.5849","123.27","Asia/Manila","0",""
"WNR","AU","","Windorah","ウィンドラ","","","","Windorah Airport","ウィンドラー空港","","-25.4106","142.6684","Australia/Brisbane","0",""
"WNS","PK","","Nawabshah","ナワーブシャー","訥瓦布沙阿","Nawabashah","","Shaheed Benazirabad Airport","ナワーブシャー","訥瓦布沙阿機場","26.2194","68.3901","Asia/Karachi","0",""
"WOS","KP","원산","Wonsan","元山","元山","","갈마비행장","Wonsan Kalma Airport","元山空港","元山機場","39.1652","127.4879","Asia/Pyongyang","0",""
"WRE","NZ","황아레이","Whangārei","ファンガレイ","旺阿雷","","","Whangarei Airport","ワンガレイ空港","","-35.7693","174.3637","Pacific/Auckland","0",""
"WRG","US","랭걸","Wrangell","ランゲル","兰格尔","","","Wrangell Airport","ランゲル空港","","56.4843","-132.37","America/Vancouver","0",""
"WST","US","웨스털리","Westerly","ウェスタリー","韋斯特利","","","Westerly State Airport","ウェスタリー州空港","","41.3496","-71.8034","America/New_York","0",""
"WSZ","NZ","","Westport","","","","","Westport Airport","","","-41.7371","171.579","Pacific/Auckland","0",""
"WTB","AU","터움바","Toowoomba","トゥーンバ","圖翁巴","","","Toowoomba Wellcamp Airport","ブリスベン・ウエストウェルキャンプ空港","圖文巴機場","-27.5583","151.7933","Australia/Brisbane","0",""
"WUA","CN","우하이","Wuhai","烏海","烏海","","","Wuhai Airport","烏海空港","烏海機場","39.7934","106.7993","Asia/Shanghai","0",""
"WUN","AU","","","","","","","Wiluna Airport","","","-26.6327","120.2219","Australia/Perth","0",""
"WUS","CN","우이산","Wuyishan","武夷山","武夷山","","","Nanping Wuyishan Airport","武夷山空港","武夷山機場","27.7019","118.001","Asia/Shanghai","0",""
"WUU","SS","","Wau","","","","","Wau Airport","ワーウ空港","瓦烏機場","7.7258","27.975","Africa/Juba","0",""
"WUZ","CN","우저우","Wuzhou","梧州","梧州","Tangbu","","Wuzhou Xijiang Airport","梧州西江空港","梧州西江机场","23.4032","111.0933","Asia/Shanghai","0",""
"WVB","NA","월비스베이","Walvis Bay","ウォルビスベイ","華維斯灣","Walvis Bay(Rooikop)","","Walvis Bay International Airport","ウォルビスベイ空港","鯨灣港","-22.9793","14.6471","Africa/Windhoek","0",""
"WWK","PG","","Wewak","","","","","Wewak International Airport","ウェワク国際空港","韋瓦克機場","-3.5838","143.669","Pacific/Port_Moresby","0",""
"WYA","AU","화이앨라","Whyalla","ワイアラ","懷阿拉","","","Whyalla Airport","","懷阿拉機場","-33.0589","137.514","Australia/Adelaide","0",""
"WYS","US","","West Yellowstone","","西黄石","","","Yellowstone Airport","","","44.6884","-111.118","America/Denver","0",""
"XAI","CN","신양","Xinyang","信陽","信陽","","","Xinyang Minggang Airport","","信阳明港机场","32.5408","114.0791","Asia/Shanghai","0",""
"XAP","BR","샤페코","Chapecó","シャペコ","沙佩科","","","Serafin Enoss Bertaso Airport","シャペコ","沙佩科機場","-27.1342","-52.6566","America/Sao_Paulo","0",""
"XBJ","IR","비르잔드","Birjand","ビールジャンド","比爾詹德","","","Birjand International Airport","ビールジャンド","比爾詹德國際機場","32.8965","59.2813","Asia/Tehran","0",""
"XCH","CX","크리스마스섬","Christmas Island","クリスマス島","聖誕島","Flying Fish Cove","크리스마스섬 공항","Christmas Island International Airport","クリスマス島空港","聖誕島機場","-10.4504","105.6911","Indian/Christmas","0",""
"XCR","FR","샬롱앙샹파뉴","Châlons-en-Champagne","シャロン＝アン＝シャンパーニュ","香檳地區沙隆","","","Chalons Vatry airport","ヴァトリー国際空港","沙隆-瓦特里機場","48.7733","4.2061","Europe/Paris","0",""
"XFN","CN","샹양","Xiangyang","襄陽","襄陽","Xiangyang (Xiangzhou)","","Xiangyang Liuji Airport","襄陽劉集空港","襄陽劉集機場","32.1522","112.2917","Asia/Shanghai","0",""
"XIC","CN","시창","Xichang","西昌","西昌","Liangshan (Xichang)","","Xichang Qingshan Airport","西昌青山空港","西昌青山機場","27.9891","102.184","Asia/Shanghai","0",""
"XIL","CN","시린하오터","Xilinhot","シリンホト","錫林浩特","","","Xilinhot Airport","シリンホト空港","錫林浩特機場","43.9156","115.964","Asia/Shanghai","0",""
"XKS","CA","","Kasabonika","","","","","Kasabonika Airport","カサボニカ空港","","53.5247","-88.6428","America/Toronto","0",""
"XMH","PF","","Manihiki","","曼尼希基 (庫克群島議會選區)","","","Manihi Airport","マニヒ空港","","-14.4368","-146.07","Pacific/Tahiti","0",""
"XMS","EC","마카스","Macas","マカス","馬卡斯","","","Coronel E Carvajal Airport","マカス","","-2.2992","-78.1208","America/Guayaquil","0",""
"XNA","US","페이엣빌","Fayetteville","ファイエットヴィル","費耶特維爾","Fayetteville/Springdale/Rogers","","Northwest Arkansas National Airport","ノースウエストアーカンソー地方空港","費耶特維爾 (阿肯色州)","36.2819","-94.3068","America/Chicago","0",""
"XNN","CN","시닝","Xining","西寧","西寧","Haidong (Huzhu Tu Autonomous County)","시닝 차오자바오 공항","Xining Caojiabao International Airport","西寧曹家堡空港","西寧曹家堡機場","36.5277","102.0402","Asia/Shanghai","0",""
"XPL","HN","","Palmerola","","","","","Palmerola International Airport","","科馬亞瓜國際機場","14.3824","-87.6212","America/Tegucigalpa","0",""
"XQP","CR","","Quepos","ケポス","克波斯區","","","Quepos Managua Airport","ケポス・マナグア空港","馬拿加機場","9.4432","-84.1298","America/Costa_Rica","0",""
"XQU","CA","","Qualicum Beach","","","","","Qualicum Beach Airport","","","49.3375","-124.3931","America/Vancouver","0",""
"XRY","ES","헤레스데라프론테라","Jerez de la Frontera","ヘレス・デ・ラ・フロンテーラ","赫雷斯-德拉弗龍特拉","","","Jerez Airport","","","36.7446","-6.0601","Europe/Madrid","0",""
"XSC","TC","","South Caicos","","","","","South Caicos Airport","サウス・カイコス空港","","21.5157","-71.5285","America/Grand_Turk","0",""
"XSP","SG","싱가포르","Singapore","シンガポール","新加坡","Seletar","셀레타르 공항","Seletar Airport","セレター空港","實里達機場","1.4156","103.8667","Asia/Singapore","0",""
"XTG","AU","","Thargomindah","","","","","Thargomindah Airport","サーゴミンダー空港","","-27.9864","143.8121","Australia/Brisbane","0",""
"XUZ","CN","쉬저우","Xuzhou","徐州","徐州","","","Xuzhou Guanyin International Airport","徐州観音空港","徐州觀音機場","34.0591","117.5553","Asia/Shanghai","0",""
"XWA","US","윌스턴","Williston","ウィリストン","威利斯頓","","","Williston Basin International Airport","","","48.2609","-103.7512","America/Denver","0",""
"YAA","CA","","Anahim Lake","","","","","Anahim Lake Airport","アナヒム・レイク空港","","52.4515","-125.3038","America/Vancouver","0",""
"YAG","CA","","Fort Frances","","","","","Fort Frances Municipal Airport","フォートフランシス町営空港","","48.6557","-93.4435","America/Winnipeg","0",""
"YAK","US","야쿠타트","Yakutat","ヤクタト","亞庫塔特","","","Yakutat Airport","ヤクタト空港","亚库塔特机场","59.5087","-139.6604","America/Yakutat","0",""
"YAM","CA","수세인트마리","Sault Ste. Marie","スー・セイント・マリー","蘇聖瑪麗","","","Sault Ste Marie Airport","スーセントマリー空港","苏圣玛丽机场","46.4832","-84.5085","America/Detroit","0",""
"YAP","FM","콜로니아","Colonia","コロニア","科洛尼亚","Yap Island","야프 국제공항","Yap International Airport","ヤップ国際空港","雅蒲島國際機場","9.4989","138.083","Pacific/Chuuk","0",""
"YAY","CA","","St. Anthony","セントアンソニー","圣安东尼 (纽芬兰与拉布拉多省)","","","St. Anthony Airport","セントアンソニー空港","圣安东尼机场","51.3919","-56.0832","America/St_Johns","0",""
"YAZ","CA","","Tofino","トッフィーノ","吐芬奴","","","Tofino / Long Beach Airport","トフィーノ/ロングビーチ空港","","49.0798","-125.7756","America/Vancouver","0",""
"YBC","CA","","Pointe-Lebel","","","Baie-Comeau","","Baie-Comeau Airport","","貝科莫機場","49.1325","-68.2044","America/Toronto","0",""
"YBG","CA","사그네","Saguenay","サグネ","薩格奈","","","Saguenay-Bagotville Airport","バゴットビル空軍基地","巴戈特維爾空軍基地","48.3301","-70.992","America/Toronto","0",""
"YBK","CA","베이커 레이크","Baker Lake","ベイカーレイク","贝克莱克","","","Baker Lake Airport","","贝克湖机场","64.2989","-96.0778","America/Rankin_Inlet","0",""
"YBL","CA","","Campbell River","","","","","Campbell River Airport","キャンベルリバー空港","坎貝爾河機場","49.9508","-125.271","America/Vancouver","0",""
"YBP","CN","이빈","Yibin","宜賓","宜賓","Yibin (Cuiping)","","Yibin Wuliangye Airport","宜賓五粮液空港","宜賓五糧液機場","28.8584","104.5262","Asia/Shanghai","0",""
"YBR","CA","브랜든","Brandon","ブランドン","布兰登","","","Brandon Municipal Airport","ブランドン町営空港","","49.91","-99.9519","America/Winnipeg","0",""
"YBX","CA","","Blanc-Sablon","ブラン＝サブロン","布朗萨布隆","","","Lourdes-de-Blanc-Sablon Airport","","布朗萨布隆机场","51.4436","-57.1853","America/St_Johns","0",""
"YBY","CA","","Bonnyville","","","","","Bonnyville Airport","","","54.3042","-110.744","America/Edmonton","0",""
"YCB","CA","캠브리지 베이","Cambridge Bay","ケンブリッジ・ベイ","劍橋灣鎮","","","Cambridge Bay Airport","","剑桥湾机场","69.1081","-105.138","America/Cambridge_Bay","0",""
"YCD","CA","나나이모","Nanaimo","ナナイモ","納奈莫","","","Nanaimo Airport","ナナイモ空港","乃磨機場","49.055","-123.8699","America/Vancouver","0",""
"YCG","CA","","Castlegar","","","","","Castlegar/West Kootenay Regional Airport","キャッスルガー","西古特尼區域機場","49.2964","-117.632","America/Vancouver","0",""
"YCM","CA","","Niagara-on-the-Lake","","","","","Niagara District Airport","セントキャサリンズ・ナイアガラ空港","圣凯瑟琳斯／尼亚加拉地区机场","43.1916","-79.1717","America/Toronto","0",""
"YCU","CN","윈청","Yuncheng","運城","運城","Yuncheng (Yanhu)","윈청 관공 공항","Yuncheng Yanhu International Airport","運城塩湖国際空港","運城鹽湖國際機場","35.1178","111.034","Asia/Shanghai","0",""
"YDA","CA","도슨시티","Dawson City","ドーソン・シティ","道森","","","Dawson City Airport","ドーソン・シティ空港","道森市机场","64.0431","-139.128","America/Whitehorse","0",""
"YDF","CA","","Deer Lake","ディア・レイク (ニューファンドランド・ラブラドール州)","迪爾萊克","","","Deer Lake Airport","ディア・レイク","鹿湖區域機場","49.2082","-57.3961","America/St_Johns","0",""
"YDN","CA","","Dauphin","","","","","Dauphin Barker Airport","","","51.1008","-100.052","America/Winnipeg","0",""
"YEG","CA","에드먼턴","Edmonton","エドモントン","愛德蒙頓","","에드먼턴 국제공항","Edmonton International Airport","エドモントン国際空港","埃德蒙顿国际机场","53.3097","-113.58","America/Edmonton","0",""
"YEI","TR","","Yenişehir","イェニシェヒル","耶尼謝希爾","","","Bursa Yenişehir Airport","ブルサ","布林薩","40.2552","29.5626","Europe/Istanbul","0",""
"YEV","CA","이누빅","Inuvik","イヌヴィック","因紐維克","","","Inuvik Mike Zubko Airport","","","68.3042","-133.483","America/Yellowknife","0",""
"YFB","CA","이칼루이트","Iqaluit","イカルイト","伊魁特","","","Iqaluit Airport","イカルイト空港","伊魁特機場","63.7564","-68.5558","America/Iqaluit","0",""
"YFC","CA","프레더릭턴","Fredericton","フレデリクトン","弗雷德里克頓","","","Fredericton International Airport","フレデリクトン国際空港","弗雷德里克頓國際機場","45.8687","-66.5299","America/Moncton","0",""
"YFS","CA","","Fort Simpson","","","","","Fort Simpson Airport","","","61.7602","-121.237","America/Yellowknife","0",""
"YGL","CA","","Radisson","ラディソン","","La Grande Rivière","","La Grande Rivière Airport","ラグランド","","53.6253","-77.7042","America/Toronto","0",""
"YGP","CA","가스페","Gaspé","ガスペ","加斯佩","","","Michel-Pouliot Gaspé Airport","","米歇爾-普利奧·加斯佩機場","48.7749","-64.4819","America/Toronto","0",""
"YGR","CA","","Les Îles-de-la-Madeleine","","伊萊斯·德·拉·瑪德琳","","","Îles-de-la-Madeleine Airport","","伊萊斯·德·拉·瑪德琳機場","47.4252","-61.7786","America/Halifax","0",""
"YGV","CA","","Havre-Saint-Pierre","アーヴル＝サン＝ピエール","","","","Havre-Saint-Pierre Airport","","","50.2819","-63.6114","America/Toronto","0",""
"YGW","CA","쿠주아라픽","Kuujjuarapik","クージュアラピク","","","","Kuujjuarapik Airport","","","55.2819","-77.7653","America/Toronto","0",""
"YHM","CA","해밀턴","Hamilton","ハミルトン","哈密爾頓","","존 C. 먼로 해밀턴 국제공항","John C. Munro Hamilton International Airport","ハミルトン・ジョン・C・マンロ国際空港","约翰·卡尔·芒罗哈密尔顿国际机场","43.1713","-79.9294","America/Toronto","0",""
"YHU","CA","롱괴이","Longueuil","ロンゲール","朗基爾","Montréal","","Montréal / Saint-Hubert Metropolitan Airport","モントリオール・セント・ヒューバート・ロンゲール空港","蒙特利爾隆格伊·聖休伯特機場","45.5175","-73.4169","America/Toronto","0",""
"YHY","CA","","Hay River","ヘイリバー","黑河","","","Hay River / Merlyn Carter Airport","","高坪镇机场","60.8397","-115.783","America/Yellowknife","0",""
"YHZ","CA","핼리팩스","Halifax","ハリファックス","哈里法克斯","","핼리팩스 스탠필드 국제공항","Halifax / Stanfield International Airport","ハリファックス・ロバート・L・スタンフィールド国際空港","哈利法克斯斯坦菲爾德國際機場","44.8808","-63.5086","America/Halifax","0",""
"YIA","ID","","Yogyakarta","","","","욕야카르타 국제공항","Yogyakarta International Airport","ジョグジャカルタ国際空港","新日惹国际机场","-7.9053","110.0573","Asia/Jakarta","0",""
"YIC","CN","이춘","Yichun","伊春","伊春","","","Yichun Mingyueshan Airport","宜春明月山空港","宜春明月山机场","27.8025","114.3062","Asia/Shanghai","0",""
"YIE","CN","아얼산","Arxan","アルシャン","阿尔山","","","Arxan Yi'ershi Airport","アルシャン伊爾施空港","阿爾山伊爾施機場","47.3106","119.9117","Asia/Shanghai","0",""
"YIF","CA","","St-Augustin","","","","","St Augustin Airport","","","51.2117","-58.6583","America/Blanc-Sablon","0",""
"YIN","CN","이닝","Yining","グルジャ","伊寧","Ili (Yining / Ghulja)","","Ili Yining International Airport","イーニン空港","伊犁伊寧國際機場","43.9558","81.3303","Asia/Urumqi","0",""
"YIV","CA","","Island Lake","","","","","Island Lake Airport","","","53.8572","-94.6536","America/Winnipeg","0",""
"YIW","CN","이우","Yiwu","義烏","義烏","Yiwu/Jinhua","","Yiwu Airport","義烏空港","義烏機場","29.3421","120.0312","Asia/Shanghai","0",""
"YKA","CA","캠루프스","Kamloops","カムループス","甘露","","","Kamloops John Moose Fulton Field Regional Airport","カムループス空港","甘露機場","50.703","-120.4486","America/Vancouver","0",""
"YKF","CA","","Tri-Cities","","","Breslau","","Region of Waterloo International Airport","ウォータールー地域国際空港","滑鐵盧區國際機場","43.4608","-80.3786","America/Toronto","0",""
"YKH","CN","잉커우","Yingkou","営口","營口","Yingkou (Laobian)","","Yingkou Lanqi Airport","営口蘭旗空港","营口兰旗机场","40.5425","122.3586","Asia/Shanghai","0",""
"YKL","CA","","Schefferville","シェファーヴィル","謝夫維爾","","","Schefferville Airport","","","54.8053","-66.8053","America/Toronto","0",""
"YKM","US","야키마","Yakima","ヤキマ","雅基馬","","","Yakima Air Terminal McAllister Field","ヤキマ航空ターミナル","雅基馬航空站","46.5682","-120.544","America/Los_Angeles","0",""
"YKO","TR","하카리","Hakkâri","ハッキャリ","哈卡里","","","Hakkari Yüksekova Airport","ハッキャリ・ユクセコバ空港","","37.5497","44.2381","Europe/Istanbul","0",""
"YKS","RU","야쿠츠크","Yakutsk","ヤクーツク","雅庫茨克","","야쿠츠크 공항","Platon Oyunsky Yakutsk International Airport","ヤクーツク空港","雅庫茨克機場","62.0933","129.771","Asia/Yakutsk","0",""
"YLK","CA","배리","Barrie","バリー","巴里","","","Barrie-Lake Simcoe Regional Airport","","","44.4851","-79.5547","America/Toronto","0",""
"YLL","CA","로이드민스터","Lloydminster","ロイドミンスター","劳埃德明斯特","","","Lloydminster Airport","","","53.3092","-110.073","America/Edmonton","0",""
"YLW","CA","켈로나","Kelowna","ケロウナ","基隆拿","","켈로나 국제공항","Kelowna International Airport","ケロウナ国際空港","基隆拿國際機場","49.9561","-119.378","America/Vancouver","0",""
"YLX","CN","","Yulin","","","","","Yulin Fumian Airport","","玉林福绵机场","22.433","110.12","Asia/Shanghai","0",""
"YMM","CA","","Regional Municipality of Wood Buffalo","ウッドバッファロー","伍德布法羅地區自治","Fort McMurray","포트 맥머레이 국제공항","Fort McMurray International Airport","フォートマクマレー空港","麥克默里堡國際機場","56.6533","-111.222","America/Edmonton","0",""
"YMO","CA","","Moosonee","ムースニー","穆索尼","","","Moosonee Airport","ムースニー空港","穆索尼机场","51.2911","-80.6078","America/Iqaluit","0",""
"YMS","PE","","Yurimaguas","ユリマグアス","尤里馬瓜斯","","","Moises Benzaquen Rengifo Airport","モイセス・ベンサケン・レンギフォ空港","","-5.8938","-76.1182","America/Lima","0",""
"YMT","CA","치보가마우","Chibougamau","シブガモー","希布加莫","","","Chapais Airport","","","49.7719","-74.5281","America/Toronto","0",""
"YMX","CA","몬트리올","Montreal","モントリオール","蒙特婁","","몬트리올 미라벨 국제공항","Montreal Mirabel International Airport","モントリオール・ミラベル国際空港","蒙特利尔－米拉贝勒国际机场","45.6795","-74.0387","America/Toronto","0",""
"YNA","CA","","Natashquan","","","","","Natashquan Airport","","","50.1901","-61.789","America/Blanc-Sablon","0",""
"YNB","SA","얀부","Yanbu","ヤンブー","延布","","","Prince Abdulmohsen Bin Abdulaziz International Airport","ヤンブー空港","阿卜杜勒·穆赫辛·本·阿卜杜拉齊茲王子國際機場","24.1442","38.0634","Asia/Riyadh","0",""
"YND","CA","가티노","Gatineau","ガティノー","加蒂諾","","","Ottawa / Gatineau Airport","ガティノー＝オタワ・エグゼクティブ空港","加蒂诺-渥太华行政机场","45.5217","-75.5636","America/Toronto","0",""
"YNL","CA","","Points North Landing","","","","","Points North Landing Airport","","","58.2767","-104.082","America/Regina","0",""
"YNY","KR","양양군","Yangyang County","襄陽郡","襄陽郡","Gonghang-ro","양양국제공항","Yangyang International Airport","襄陽国際空港","襄陽國際機場","38.0605","128.6698","Asia/Seoul","0",""
"YOJ","CA","","High Level","","","","","High Level Airport","","高河镇机场","58.6214","-117.165","America/Edmonton","0",""
"YOL","NG","욜라","Yola","ヨラ","約拉","","욜라 공항","Yola Airport","ヨラ空港","約拉","9.2576","12.4304","Africa/Lagos","0",""
"YOW","CA","오타와","Ottawa","オタワ","渥太華","","오타와 맥도널드 카르티에 국제공항","Ottawa Macdonald-Cartier International Airport","オタワ・マクドナルド・カルティエ国際空港","渥太華麥克唐納－卡蒂埃國際機場","45.3225","-75.6692","America/Toronto","0",""
"YPA","CA","","Prince Albert","","","","","Prince Albert Glass Field","","","53.2142","-105.673","America/Regina","0",""
"YPE","CA","","Peace River","","","","","Peace River Airport","","","56.2269","-117.447","America/Edmonton","0",""
"YPL","CA","","Pickle Lake","ピックルレイク","","","","Pickle Lake Airport","","","51.4464","-90.2142","America/Winnipeg","0",""
"YPN","CA","","Port-Menier","","","","","Port-Menier Airport","","","49.8364","-64.2886","America/Toronto","0",""
"YPQ","CA","피터버러","Peterborough","ピーターボロ","彼得伯勒","","","Peterborough Regional Airport","ピーターボロ空港","彼得堡機場","44.2323","-78.3621","America/Toronto","0",""
"YPR","CA","프린스루퍼트","Prince Rupert","プリンスルパート","魯珀特王子港","","","Prince Rupert Airport","プリンスルパート空港","魯珀特王子港機場","54.2861","-130.445","America/Vancouver","0",""
"YPW","CA","","Powell River","","","","","Powell River Airport","","","49.8342","-124.5","America/Vancouver","0",""
"YPX","CA","","Puvirnituq","","","","","Puvirnituq Airport","","","60.0506","-77.2869","America/Iqaluit","0",""
"YPY","CA","","Fort Chipewyan","","","","","Fort Chipewyan Airport","","奇佩维恩堡机场","58.7672","-111.117","America/Edmonton","0",""
"YPZ","CA","","Burns Lake","","","","","Burns Lake Airport","","","54.3764","-125.951","America/Vancouver","0",""
"YQA","CA","","Gravenhurst","","","","","Muskoka Airport","マスコーカ空港","馬斯科卡","44.9754","-79.3065","America/Toronto","0",""
"YQB","CA","퀘벡","Quebec City","ケベック","魁北克","Quebec","퀘벡 시티 진 리사지 국제공항","Quebec Jean Lesage International Airport","ケベック・ジャン・ルサージ国際空港","魁北克让·勒萨热国际机场","46.7911","-71.3933","America/Toronto","0",""
"YQD","CA","","The Pas","","","","","The Pas Airport","","","53.9714","-101.091","America/Winnipeg","0",""
"YQG","CA","윈저","Windsor","ウィンザー","溫莎","","윈저 공항","Windsor International Airport","ウィンザー空港","溫莎國際機場","42.2756","-82.9556","America/Toronto","0",""
"YQH","CA","","Watson Lake","","","","","Watson Lake Airport","","","60.1168","-128.822","America/Whitehorse","0",""
"YQK","CA","케노라","Kenora","ケノーラ","肯諾拉","","","Kenora Airport","ケノーラ空港","","49.7883","-94.3631","America/Winnipeg","0",""
"YQL","CA","레스브리지","Lethbridge","レスブリッジ","萊斯布里奇","","","Lethbridge County Airport","","列斯橋機場","49.6303","-112.8","America/Edmonton","0",""
"YQM","CA","멍크턴","Moncton","モンクトン","蒙克頓","","","Greater Moncton Roméo LeBlanc International Airport","モンクトン国際空港","大蒙克頓國際機場","46.1132","-64.6772","America/Halifax","0",""
"YQN","CA","","Nakina","","","","","Nakina Airport","","","50.1828","-86.6964","America/Toronto","0",""
"YQQ","CA","","Comox","","","","","Comox Valley International Airport / CFB Comox","コモックス空軍基地","科莫克斯機場","49.7108","-124.887","America/Vancouver","0",""
"YQR","CA","리자이나","Regina","レジャイナ","雷吉納","","리자이나 국제공항","Regina International Airport","レジャイナ国際空港","利載拿國際機場","50.4319","-104.6609","America/Regina","0",""
"YQT","CA","선더베이","Thunder Bay","サンダーベイ","珊德灣","","선더베이 국제공항","Thunder Bay International Airport","サンダーベイ国際空港","雷霆灣國際機場","48.3719","-89.3239","America/Thunder_Bay","0",""
"YQU","CA","","Grande Prairie","","","","","Grande Prairie Airport","","大草原城機場","55.1797","-118.885","America/Edmonton","0",""
"YQX","CA","간더","Gander","ガンダー (ニューファンドランド・ラブラドール州)","甘德","","간더 국제공항","Gander International Airport","ガンダー国際空港","甘德機場","48.9363","-54.5677","America/St_Johns","0",""
"YQY","CA","시드니","Sydney","シドニー","雪梨","","","Sydney / J.A. Douglas McCurdy Airport","J・A・ダグラス・マッカーディー・シドニー空港","","46.1611","-60.0498","America/Glace_Bay","0",""
"YQZ","CA","","Quesnel","","","","","Quesnel Airport","ケスネル","","53.0261","-122.51","America/Vancouver","0",""
"YRB","CA","","Resolute","レゾリュート","努勒維特","Resolute Bay","","Resolute Bay Airport","レゾリュート・ベイ空港","堅毅灣機場","74.7169","-94.9694","America/Rankin_Inlet","0",""
"YRJ","CA","","Roberval","","羅貝瓦勒","","","Roberval Airport","","","48.5197","-72.2657","America/Toronto","0",""
"YRL","CA","","Red Lake","レッドレイク","紅湖","","","Red Lake Airport","レッド・レイク空港","","51.0669","-93.7931","America/Winnipeg","0",""
"YRO","CA","","Ottawa","","","","","Ottawa / Rockcliffe Airport","","","45.4605","-75.644","America/Toronto","0",""
"YRT","CA","랜킨 인렛","Rankin Inlet","ランキン・インレット","蘭金因萊特","","","Rankin Inlet Airport","","兰京海口机场","62.8114","-92.1158","America/Rankin_Inlet","0",""
"YSB","CA","서드베리","Greater Sudbury","サドバリー","實貝里","Sudbury","","Sudbury Airport","サドバリー空港","瑟比利機場","46.625","-80.7989","America/Toronto","0",""
"YSF","CA","","Stony Rapids","","","","","Stony Rapids Airport","","斯托尼拉皮茲機場","59.2503","-105.841","America/Regina","0",""
"YSJ","CA","세인트존","Saint John","セイント・ジョン","聖約翰","","","Saint John Airport","セントジョン空港","聖約翰機場","45.3161","-65.8903","America/Moncton","0",""
"YSM","CA","","Fort Smith","","","","","Fort Smith Airport","","史密斯堡机场","60.0203","-111.962","America/Yellowknife","0",""
"YSQ","CN","쑹위안","Songyuan","松原","松原","Qian Gorlos Mongol Autonomous County","","Songyuan Chaganhu Airport","松原査乾湖空港","松原查干湖机场","44.9311","124.5521","Asia/Shanghai","0",""
"YTH","CA","탐슨","Thompson","トンプソン","湯普森","","","Thompson Airport","","湯普森","55.8011","-97.8642","America/Winnipeg","0",""
"YTS","CA","티민스","Timmins","ティミンズ","蒂明斯","","","Timmins/Victor M. Power","ティミンズ/ヴィクター・M・パワー空港","蒂明斯/維克多·M·普華機場","48.5697","-81.3767","America/Toronto","0",""
"YTZ","CA","토론토","Toronto","トロント","多倫多","","빌리 비숍 토론토 시티 공항","Billy Bishop Toronto City Airport","ビリー・ビショップ・トロント・シティー空港","比利·畢曉普多倫多市機場","43.6279","-79.3955","America/Toronto","0",""
"YUM","US","상루이스","San Luis","サン・ルイス","圣路易斯","Yuma","","Yuma International Airport / Marine Corps Air Station Yuma","ユマ海兵隊航空基地","尤馬海軍陸戰隊航空基地","32.6509","-114.6094","America/Phoenix","0",""
"YUS","CN","위수","Yushu","楡樹","榆樹","Yushu (Batang)","","Yushu Batang Airport","玉樹巴塘空港","玉樹巴塘機場","32.8364","97.0364","Asia/Shanghai","0",""
"YUX","CA","","Sanirajak","","","","","Hall Beach Airport","","","68.7761","-81.2425","America/Iqaluit","0",""
"YUY","CA","루인 노랜다","Rouyn-Noranda","ルーワン・ノランダ","魯安諾蘭達","","","Rouyn Noranda Airport","","魯安 - 諾蘭達機場","48.2061","-78.8356","America/Toronto","0",""
"YVB","CA","","Bonaventure","","博纳旺蒂尔","","","Bonaventure Airport","","","48.0711","-65.4603","America/Moncton","0",""
"YVC","CA","","La Ronge","","","","","La Ronge Airport","","","55.1514","-105.262","America/Regina","0",""
"YVO","CA","발도르","Val-d'Or","ヴァルドール","瓦鐸爾","","","Val-d'Or Airport","","瓦爾多機場","48.0533","-77.7828","America/Toronto","0",""
"YVP","CA","쿠주아크","Kuujjuaq","クージュアク","库朱瓦克","","","Kuujjuaq Airport","","","58.0961","-68.4269","America/Toronto","0",""
"YVQ","CA","","Norman Wells","","","","","Norman Wells Airport","","诺曼韦尔斯机场","65.2816","-126.798","America/Yellowknife","0",""
"YVV","CA","","Wiarton","","","","","Wiarton Airport","","","44.7458","-81.1072","America/Toronto","0",""
"YWG","CA","위니펙","Winnipeg","ウィニペグ","溫尼伯","","위니펙 제임스 암스트롱 리처드슨 국제공항","Winnipeg / James Armstrong Richardson International Airport","ウィニペグ・ジェームス・アームストロング・リチャードソン国際空港","溫尼伯詹姆斯·阿姆斯特朗·理查森國際機場","49.91","-97.2399","America/Winnipeg","0",""
"YWK","CA","","Wabush","ワブッシュ","瓦布什","","","Wabush Airport","","瓦布什機場","52.9219","-66.8644","America/Goose_Bay","0",""
"YWL","CA","","Williams Lake","","","","","Williams Lake Airport","ウィリアムズレイク","","52.1831","-122.054","America/Vancouver","0",""
"YXC","CA","","Cranbrook","","","","","Cranbrook/Canadian Rockies International Airport","クランブルック","克蘭布魯克/加拿大洛磯國際機場","49.6108","-115.782","America/Edmonton","0",""
"YXE","CA","새스커툰","Saskatoon","サスカトゥーン","薩克屯","","새스커툰 존 G. 디펜베이커 국제공항","Saskatoon John G. Diefenbaker International Airport","サスカトゥーン・ジョン・G・ディーフェンベーカー国際空港","萨斯卡通约翰·乔治·迪芬贝克国际机场","52.1707","-106.7008","America/Regina","0",""
"YXH","CA","메디신햇","Medicine Hat","メディシン・ハット","梅迪辛哈特","","","Medicine Hat Regional Airport","","藥帽市機場","50.0189","-110.721","America/Edmonton","0",""
"YXJ","CA","포트세인트존","Fort St. John","フォート・セント・ジョン","聖約翰堡","Fort Saint John","","Fort St John / North Peace Regional Airport","フォート・セント・ジョン","聖約翰堡機場","56.2381","-120.74","America/Dawson_Creek","0",""
"YXL","CA","","Sioux Lookout","スー・ルックアウト","苏卢考特","","","Sioux Lookout Airport","スー・ルックアウト空港","","50.1139","-91.9053","America/Winnipeg","0",""
"YXS","CA","","Prince George","","","","","Prince George (International) Airport","プリンス・ジョージ空港","喬治皇子城機場","53.8843","-122.6666","America/Vancouver","0",""
"YXT","CA","테라스","Terrace","テラス","特勒斯","","","Northwest Regional Airport Terrace-Kitimat","テラス","特勒斯-基蒂马特西部机场","54.4685","-128.576","America/Vancouver","0",""
"YXU","CA","런던","London","ロンドン","倫敦","","런던 국제공항","London International Airport","ロンドン国際空港","伦敦国际机场","43.0328","-81.149","America/Toronto","0",""
"YXX","CA","애버츠퍼드","Abbotsford","アボッツフォード","亞博斯福","","애버츠퍼드 국제 공항","Abbotsford International Airport","アボッツフォード国際空港","阿伯茲福德國際機場","49.0253","-122.361","America/Vancouver","0",""
"YXY","CA","화이트호스","Whitehorse","ホワイトホース","白馬","","","Whitehorse / Erik Nielsen International Airport","エリック・ニールセン・ホワイトホース国際空港","埃里克·尼爾森白馬國際機場","60.7085","-135.0657","America/Whitehorse","0",""
"YYA","CN","웨양","Yueyang","岳陽","岳陽","Yueyang (Yueyanglou)","","Yueyang Sanhe Airport","岳陽三荷空港","岳阳三荷机场","29.3117","113.2816","Asia/Shanghai","0",""
"YYB","CA","노스베이","North Bay","ノースベイ","北灣","","","North Bay Jack Garland Airport","ノースベイ/ジャック・ガーランド空港","傑克·加蘭機場","46.3636","-79.4228","America/Toronto","0",""
"YYD","CA","","Smithers","","","","","Smithers Airport","スミサーズ","史密瑟斯機場","54.8247","-127.183","America/Vancouver","0",""
"YYE","CA","","Fort Nelson","","","","","Fort Nelson Airport","フォートネルソン","","58.8364","-122.597","America/Fort_Nelson","0",""
"YYF","CA","","Regional District of Okanagan-Similkameen","オカナガン・シミルカミーン地域","","Penticton","","Penticton Airport","ペンティクトンリージョナルエアポート","彭蒂克顿區域機場","49.4631","-119.602","America/Vancouver","0",""
"YYG","CA","샬럿타운","Charlottetown","シャーロットタウン","夏洛特敦","","","Charlottetown Airport","シャーロットタウン空港","夏洛特敦機場","46.2889","-63.1252","America/Halifax","0",""
"YYJ","CA","빅토리아","Victoria","ビクトリア","維多利亞","","빅토리아 국제공항","Victoria International Airport","ビクトリア国際空港","維多利亞國際機場","48.6472","-123.4278","America/Vancouver","0",""
"YYL","CA","","Lynn Lake","","","","","Lynn Lake Airport","","","56.8639","-101.076","America/Winnipeg","0",""
"YYQ","CA","처칠","Churchill","チャーチル","丘吉爾 (馬尼托巴)","","","Churchill Airport","チャーチル空港","邱吉爾機場","58.7392","-94.065","America/Winnipeg","0",""
"YYR","CA","","Happy Valley-Goose Bay","ハッピーバレー・グースベイ","哈皮瓦利-古斯貝","Goose Bay","","Goose Bay Airport","グースベイ空軍基地","古斯灣機場","53.3192","-60.4258","America/Goose_Bay","0",""
"YYT","CA","세인트존스","St. John's","セイント・ジョンズ","聖約翰斯","","세인트존스 국제공항","St. John's International Airport","セントジョンズ国際空港","聖約翰斯國際機場","47.6186","-52.7519","America/St_Johns","0",""
"YYY","CA","","Mont-Joli","モン・ジョリ","美山","","","Mont Joli Airport","","美山市機場","48.6086","-68.2081","America/Toronto","0",""
"YZF","CA","옐로나이프","Yellowknife","イエローナイフ","黃刀鎮","","","Yellowknife International Airport","イエローナイフ空港","黃刀鎮機場","62.4628","-114.44","America/Yellowknife","0",""
"YZP","CA","하이다과이","Haida Gwaii","ハイダ・グワイ","夏洛特皇后群島","Sandspit","","Sandspit Airport","サンドスピット","桑茲皮特機場","53.2543","-131.814","America/Vancouver","0",""
"YZS","CA","코럴 하버","Coral Harbour","コーラル・ハーバー","珊瑚港","","","Coral Harbour Airport","","","64.1933","-83.3594","America/Atikokan","0",""
"YZT","CA","","Port Hardy","","","","","Port Hardy Airport","","哈迪港機場","50.6806","-127.367","America/Vancouver","0",""
"YZU","CA","","Woodlands County","","","Whitecourt","","Whitecourt Airport","","","54.1439","-115.787","America/Edmonton","0",""
"YZV","CA","세틸","Sept-Îles","セティル","七島港","","","Sept-Îles Airport","","七島市機場","50.2233","-66.2656","America/Toronto","0",""
"YZY","CN","장예","Zhangye","張掖","張掖","Zhangye (Ganzhou)","","Zhangye Ganzhou Airport","張掖カン州空港","张掖甘州机场","38.8019","100.675","Asia/Shanghai","0",""
"ZAD","HR","자다르","Zadar","ザダル","札達爾","","자다르 공항","Zadar Airport","ザダル空港","札達爾機場","44.097","15.3536","Europe/Zagreb","0",""
"ZAG","HR","자그레브","Zagreb","ザグレブ","札格雷布","Velika Gorica","자그레브 국제공항","Zagreb Franjo Tuđman International Airport","ザグレブ国際空港","薩格勒布機場","45.7429","16.0688","Europe/Zagreb","0",""
"ZAH","IR","자헤단","Zahedan","ザーヘダーン","扎黑丹","","자헤단 공항","Zahedan International Airport","ザーヘダーン空港","扎黑丹機場","29.4757","60.9062","Asia/Tehran","0",""
"ZAL","CL","발디비아","Valdivia","バルディビア","瓦爾迪維亞","","","Pichoy Airport","ピチョイ空港","瓦爾迪維亞機場","-39.65","-73.0861","America/Santiago","0",""
"ZAM","PH","삼보앙가","Zamboanga","サンボアンガ","三寶顏","","삼보앙가 국제공항","Zamboanga International Airport","サンボアンガ国際空港","三寶顏機場","6.9224","122.06","Asia/Manila","0",""
"ZAT","CN","자오퉁","Zhaotong","昭通","昭通","","","Zhaotong Zhaoyang Airport","","昭通昭阳机场","27.2058","103.6915","Asia/Shanghai","0",""
"ZAZ","ES","사라고사","Zaragoza","サラゴサ","薩拉戈薩","","사라고사 공항","Zaragoza Airport","サラゴサ空港","薩拉戈薩機場","41.6662","-1.0415","Europe/Madrid","0",""
"ZBF","CA","배서스트","Bathurst","バサースト (ニューブランズウィック州)","巴瑟斯特","South Tetagouche","","Bathurst Airport","バサースト空港","巴瑟斯特機場","47.6297","-65.7389","America/Moncton","0",""
"ZBR","IR","차바하르","Chabahar","チャーバハール","恰巴哈爾","Konarak","","Chabahar Konarak International Airport","コナーラク空港","恰赫巴哈爾","25.4432","60.3822","Asia/Tehran","0",""
"ZCL","MX","사카테카스","Zacatecas","サカテカス","薩卡特卡斯","","","General Leobardo C. Ruiz International Airport","サカテカス国際空港","薩卡特卡斯","22.8949","-102.6872","America/Mexico_City","0",""
"ZCO","CL","테무코","Temuco","テムコ","特木科","","","La Araucanía International Airport","ラ・アラウカニア空港","特木科機場","-38.9259","-72.6515","America/Santiago","0",""
"ZEL","CA","","Bella Bella","ベラ・ベラ","貝拉貝拉","","","Bella Bella (Campbell Island) Airport","","貝拉貝拉機場","52.185","-128.157","America/Vancouver","0",""
"ZHA","CN","잔장","Zhanjiang","湛江","湛江","","잔장 공항","Zhanjiang Wuchuan International Airport","湛江空港","湛江機場","21.4817","110.5903","Asia/Shanghai","0",""
"ZHY","CN","중웨이","Zhongwei","中衛","中衛","Zhongwei (Shapotou)","","Zhongwei Shapotou Airport","中衛沙坡頭空港","中衛沙坡頭機場","37.5731","105.1545","Asia/Shanghai","0",""
"ZIA","RU","모스크바","Moscow","モスクワ","莫斯科","","주콥스키 국제공항","Zhukovsky International Airport","ジュコーフスキー空港","拉緬斯科耶機場","55.5533","38.15","Europe/Moscow","0",""
"ZIG","SN","지긴쇼르","Ziguinchor","ジガンショール","济金绍尔","","","Ziguinchor Airport","ジガンショール","","12.5556","-16.2833","Africa/Dakar","0",""
"ZIH","MX","","Zihuatanejo","シワタネホ","芝華塔尼歐","Ixtapa","익스타파-지와타네호 국제공항","Ixtapa-Zihuatanejo International Airport","イスタパ・シワタネホ","錫瓦塔內霍","17.6018","-101.4606","America/Mexico_City","0",""
"ZIX","RU","","Zhigansk","","日甘斯克","","","Zhigansk Airport","","日甘斯克机场","66.7965","123.361","Asia/Yakutsk","0",""
"ZKP","RU","","Zyryanka","ズイリャンカ","濟良卡","","","Zyryanka Airport","","","65.7485","150.8889","Asia/Srednekolymsk","0",""
"ZLO","MX","만사니요","Manzanillo","マンサニージョ","曼薩尼約","","","Playa de Oro International Airport","プラヤ・デ・オロ国際空港","曼薩尼約國際機場","19.1448","-104.559","America/Mexico_City","0",""
"ZMT","CA","","Masset","","","","","Masset Airport","","","54.0275","-132.125","America/Vancouver","0",""
"ZND","NE","잔데르","Zinder","ザンデール","津德爾","","","Zinder Airport","ザンデール空港","津德爾機場","13.779","8.9838","Africa/Niamey","0",""
"ZNE","AU","","Newman","ニューマン","紐曼","","","Newman Airport","ニューマン空港","紐曼","-23.4178","119.803","Australia/Perth","0",""
"ZNZ","TZ","잔지바르 ","Zanzibar City","ザンジバルシティ","桑给巴尔","Zanzibar","아베이드 아마니 카루메 국제공항","Abeid Amani Karume International Airport","アベイド・アマニ・カルメ国際空港","桑吉巴國際機場","-6.222","39.2249","Africa/Dar_es_Salaam","0",""
"ZOS","CL","오소르노","Osorno","オソルノ","奧索爾諾","","","Cañal Bajo Carlos Hott Siebert Airport","カニャル・バホ・カルロス・ホト・シーベート空港","奧索爾諾機場","-40.6112","-73.061","America/Santiago","0",""
"ZQN","NZ","퀸스타운","Queenstown","クイーンズタウン","皇后鎮","","퀸스타운 공항","Queenstown Airport","クイーンズタウン空港","皇后鎮國際機場","-45.0192","168.7464","Pacific/Auckland","0",""
"ZQZ","CN","","Zhangjiakou","","","","","Zhangjiakou Ningyuan Airport","張家口空港","张家口机场","40.7387","114.9334","Asia/Shanghai","0",""
"ZSA","BS","산살바도르섬","San Salvador Island","サン・サルバドル島","聖薩爾瓦多島","San Salvador","","San Salvador International Airport","サン・サルバドル空港","聖薩爾瓦多機場","24.063","-74.5232","America/Nassau","0",""
"ZSE","RE","생피에르","Saint-Pierre","サン＝ピエール","圣皮埃尔","","피에르퐁 공항","Saint-Pierre Pierrefonds Airport","ピエールフォン空港","聖皮埃爾機場","-21.3194","55.4225","Indian/Reunion","0",""
"ZSJ","CA","","Sandy Lake","","","","","Sandy Lake Airport","","","53.0642","-93.3444","America/Winnipeg","0",""
"ZTH","GR","자킨토스","Zakynthos","ザキントス島","札金索斯島","","","Zakynthos International Airport Dionysios Solomos","ザキントス国際空港","扎金索斯","37.7509","20.8843","Europe/Athens","0",""
"ZUH","CN","","Zhuhai (Jinwan)","","","","","Zhuhai Jinwan Airport","珠海金湾空港","珠海機場","22.0064","113.376","Asia/Shanghai","0",""
"ZYI","CN","쭌이","Zunyi","遵義","遵義","","","Zunyi Xinzhou Airport","遵義新舟空港","遵義新舟機場","27.8107","107.2472","Asia/Shanghai","0",""
"ZYL","BD","실렛","Sylhet","シレット","錫爾赫特","","오스마니 국제공항","Osmany International Airport","オスマニ国際空港","歐西瑪尼國際機場","24.964","91.8647","Asia/Dhaka","0",""
